{
	"Custom": {
		"Category": [
			{
				"CategoryID": "SensorsA"
			},
			{
				"CategoryID": "Quirk"
			}
		],
		"WorkOrderCosts": {
			"Install": {
				"TechCost": "[[Chassis.Tonnage]]/10",
				"CBillCost": "[[Chassis.Tonnage]] * 1.15"
			}
		},
		"Flags": {
			"flags": [
				"default",
				"not_broken",
				"no_salvage",
				"autorepair"
			]
		},
		"BonusDescriptions": {
			"Bonuses": [
				"IsSensorsA",
				"Accuracy: +1"
			]
		},
		"InventorySorter": {
			"SortKey": "00019"
		}
	},
	"StatName": null,
	"RelativeModifier": 0,
	"AbsoluteModifier": 0,
	"Description": {
		"Cost": 500000,
		"Rarity": 99,
		"Purchasable": false,
		"Manufacturer": "Quirk",
		"Model": "Scrapper",
		"UIName": "Scrapper Improved Targeting",
		"Id": "Gear_Quirk_ImprovedTargeting_Scrapper",
		"Name": "Scrapper Improved Targeting",
		"Details": "This piece of gear represents the Scrapper's inherent Improved Targeting quirk. This gives the Scrapper bonus hit chance against enemies.",
		"Icon": "uixSvgIcon_equipment_Rangefinder"
	},
	"BonusValueA": "+1 Accuracy",
	"BonusValueB": "",
	"ComponentType": "Upgrade",
	"ComponentSubType": "NotSet",
	"PrefabIdentifier": "",
	"BattleValue": 0,
	"InventorySize": 1,
	"Tonnage": 0,
	"AllowedLocations": "Head",
	"DisallowedLocations": "All",
	"CriticalComponent": false,
	"statusEffects": [
		{
			"durationData": {
				"duration": -1,
				"stackLimit": -1
			},
			"targetingData": {
				"effectTriggerType": "Passive",
				"effectTargetType": "Creator",
				"showInTargetPreview": false,
				"showInStatusPanel": false
			},
			"effectType": "StatisticEffect",
			"Description": {
				"Id": "TargetingComputer",
				"Name": "Targeting Computer",
				"Details": "Improved overall accuracy.",
				"Icon": "uixSvgIcon_ability_precisionstrike"
			},
			"nature": "Buff",
			"statisticData": {
				"statName": "AccuracyModifier",
				"operation": "Float_Add",
				"modValue": "-1.0",
				"modType": "System.Single",
				"targetCollection": "Weapon"
			}
		}
	],
	"ComponentTags": {
		"items": [
			"BLACKLISTED",
			"component_type_stock",
			"lv-shares-sensors"
		],
		"tagSetSourceFile": ""
	}
}