{
	"Custom": {
		"ComponentExplosion": {
			"StabilityDamage": 100
		},
		"Category": [
			{
				"CategoryID": "Gyro"
			},
			{
				"CategoryID": "Quirk"
			}
		],
		"WorkOrderCosts": {
			"Install": {
				"TechCost": "[[Chassis.Tonnage]]/10",
				"CBillCost": "[[Chassis.Tonnage]] * 1.15"
			}
		},
		"Flags": {
			"flags": [
				"default",
				"not_broken",
				"no_salvage",
				"autorepair",
				"ignore_damage"
			]
		},
		"BonusDescriptions": {
			"Bonuses": [
				"JumpDistance: +20%",
				"IsGyro"
			]
		},
		"InventorySorter": {
			"SortKey": "00019"
		}
	},
	"StatName": null,
	"RelativeModifier": 0,
	"AbsoluteModifier": 0,
	"Description": {
		"Cost": 500000,
		"Rarity": 99,
		"Purchasable": false,
		"Manufacturer": "Quirk",
		"Model": "Liquidator",
		"UIName": "Liquidator Nimble Jumper",
		"Id": "Gear_Quirk_NimbleJumper_Liquidator",
		"Name": "Liquidator Nimble Jumper",
		"Details": "This piece of gear represents the Liquidator's inherent Nimble Jumper quirk. This gives the Liquidator extra distance when jumping.",
		"Icon": "uixSvgIcon_equipment_Cockpit"
	},
	"BonusValueA": "+15% Jump Distance",
	"BonusValueB": "",
	"ComponentType": "Upgrade",
	"ComponentSubType": "NotSet",
	"PrefabIdentifier": "",
	"BattleValue": 0,
	"InventorySize": 3,
	"Tonnage": 0,
	"AllowedLocations": "CenterTorso",
	"DisallowedLocations": "All",
	"CriticalComponent": false,
	"statusEffects": [
		{
			"durationData": {
				"duration": -1,
				"ticksOnActivations": false,
				"useActivationsOfTarget": false,
				"ticksOnEndOfRound": false,
				"ticksOnMovements": false,
				"stackLimit": 1,
				"clearedWhenAttacked": false
			},
			"targetingData": {
				"effectTriggerType": "Passive",
				"triggerLimit": 0,
				"extendDurationOnTrigger": 0,
				"specialRules": "NotSet",
				"effectTargetType": "Creator",
				"range": 0,
				"forcePathRebuild": false,
				"forceVisRebuild": false,
				"showInTargetPreview": false,
				"showInStatusPanel": true
			},
			"effectType": "StatisticEffect",
			"Description": {
				"Id": "NimbleJumper",
				"Name": "JUMP DISTANCE INCREASED",
				"Details": "Increases Jump Jet jump distance by 15%",
				"Icon": "uixSvgIcon_equipment_Gyro"
			},
			"nature": "Buff",
			"statisticData": {
				"appliesEachTick": false,
				"effectsPersistAfterDestruction": false,
				"statName": "JumpDistanceMultiplier",
				"operation": "Float_Multiply",
				"modValue": "1.2",
				"modType": "System.Single",
				"additionalRules": "NotSet",
				"targetCollection": "NotSet",
				"targetWeaponCategory": "NotSet",
				"targetWeaponType": "NotSet",
				"targetAmmoCategory": "NotSet",
				"targetWeaponSubType": "NotSet"
			},
			"tagData": null,
			"floatieData": null,
			"actorBurningData": null,
			"vfxData": null,
			"instantModData": null,
			"poorlyMaintainedEffectData": null
		}
	],
	"ComponentTags": {
		"items": [
			"component_type_variant"
		],
		"tagSetSourceFile": ""
	}
}