{
	"Custom": {
		"Category": [
			{
				"CategoryID": "SensorsA"
			},
			{
				"CategoryID": "Quirk"
			}
		],
		"WorkOrderCosts": {
			"Install": {
				"TechCost": "[[Chassis.Tonnage]]/10",
				"CBillCost": "[[Chassis.Tonnage]] * 1.15"
			}
		},
		"Flags": {
			"flags": [
				"default",
				"not_broken",
				"no_salvage",
				"autorepair"
			]
		},
		"BonusDescriptions": {
			"Bonuses": [
				"IsSensorsA",
				"LanceResolve: +2",
				"MaxResolveIncrease: 15"
			]
		}
	},
	"StatName": null,
	"RelativeModifier": 0,
	"AbsoluteModifier": 0,
	"Description": {
		"Cost": 500000,
		"Rarity": 99,
		"Purchasable": false,
		"Manufacturer": "Quirk",
		"Model": "Pixie",
		"UIName": "Pixie Improved Communications",
		"Id": "Gear_Quirk_ImprovedCommunications_Pixie",
		"Name": "Pixie Improved Communications",
		"Details": "This piece of gear represents the Pixie's inherent Improved Communications quirk. This gives the Pixie increased resolve generation.",
		"Icon": "uixSvgIcon_equipment_Rangefinder"
	},
	"BonusValueA": "+2 Resolve Generation",
	"BonusValueB": "",
	"ComponentType": "Upgrade",
	"ComponentSubType": "NotSet",
	"PrefabIdentifier": "",
	"BattleValue": 0,
	"InventorySize": 1,
	"Tonnage": 0,
	"AllowedLocations": "Head",
	"DisallowedLocations": "All",
	"CriticalComponent": false,
	"statusEffects": [
		{
			"durationData": {
				"duration": -1,
				"stackLimit": 1
			},
			"targetingData": {
				"effectTriggerType": "Passive",
				"effectTargetType": "AllLanceMates",
				"showInTargetPreview": false,
				"showInStatusPanel": false
			},
			"effectType": "StatisticEffect",
			"Description": {
				"Id": "ImprovedCommunications",
				"Name": "Improved Communications",
				"Details": "Provides a +2 bonus to actions that generate Morale.",
				"Icon": "uixSvgIcon_equipment_Rangefinder"
			},
			"nature": "Buff",
			"statisticData": {
				"statName": "MoraleBonusGain",
				"operation": "Int_Add",
				"modValue": "2",
				"modType": "System.Int32"
			}
		},
		{
			"durationData": {
				"duration": -1,
				"stackLimit": -1
			},
			"targetingData": {
				"effectTriggerType": "Passive",
				"effectTargetType": "Creator",
				"showInTargetPreview": false,
				"showInStatusPanel": false
			},
			"effectType": "StatisticEffect",
			"Description": {
				"Id": "MaxResolveIncreased",
				"Name": "Pilot Max Resolve Boosted",
				"Details": "Increases maximum resolve by 15.",
				"Icon": "uixSvgIcon_equipment_Rangefinder"
			},
			"nature": "Buff",
			"statisticData": {
				"statName": "maxResolveMod",
				"operation": "Int_Add",
				"modValue": "15",
				"modType": "System.Int32"
			}
		}
	],
	"ComponentTags": {
		"items": [
			"BLACKLISTED",
			"component_type_stock",
			"lv-shares-sensors"
		],
		"tagSetSourceFile": ""
	}
}