{
	"Custom": {
		"Category": [
			{
				"CategoryID": "ArmLowerActuator"
			},
			{
				"CategoryID": "ArmHandActuator"
			},
			{
				"CategoryID": "Quirk"
			}
		],
		"ArmActuator": {
			"Type": "PartLower, PartHand"
		},
		"BonusDescriptions": {
			"Bonuses": [
				"PunchStabBonus: +10%",
				"PunchDamageBonus: +10%",
				"PunchAccuracy: +2",
				"ArmAccuracy: +1"
			]
		},
		"Flags": {
			"flags": [
				"default",
				"not_broken",
				"no_salvage",
				"autorepair"
			]
		},
		"InventorySorter": {
			"SortKey": "00020"
		}
	},
	"StatName": null,
	"RelativeModifier": 0,
	"AbsoluteModifier": 0,
	"Description": {
		"Cost": 80000,
		"Rarity": 1,
		"Purchasable": true,
		"Manufacturer": "Quirk",
		"Model": "Shadow Hawk II",
		"UIName": "Shadow Hawk II Battlefists",
		"Id": "Gear_Quirk_Battlefists_ShadowHawkII",
		"Name": "Shadow Hawk II Battlefists",
		"Details": "This gear represents the Shadow Hawk II's inherent Battlefists quirk. This grants the Shadow Hawk II bonus melee damage.",
		"Icon": "uixSvgIcon_equipment_ActuatorArm"
	},
	"BonusValueA": "+8% Melee Dmg/Stab",
	"BonusValueB": "+2 Melee Acc.",
	"ComponentType": "Upgrade",
	"ComponentSubType": "NotSet",
	"PrefabIdentifier": "",
	"BattleValue": 0,
	"InventorySize": 2,
	"Tonnage": 0,
	"AllowedLocations": "Arms",
	"DisallowedLocations": "All",
	"CriticalComponent": false,
	"statusEffects": [
		{
			"durationData": {
				"duration": -1,
				"stackLimit": -1
			},
			"targetingData": {
				"effectTriggerType": "Passive",
				"effectTargetType": "Creator",
				"showInTargetPreview": false,
				"showInStatusPanel": false
			},
			"effectType": "StatisticEffect",
			"Description": {
				"Id": "StatusEffect-HandMelee",
				"Name": "Hand Melee Damage",
				"Details": "Melee attacks deal 8% Extra damage.",
				"Icon": "uixSvgIcon_equipment_ActuatorArm"
			},
			"nature": "Buff",
			"statisticData": {
				"statName": "CBTBE_Punch_Target_Damage_Multi",
				"operation": "Float_Multiply",
				"modValue": "1.1",
				"modType": "System.Single"
			}
		},
		{
			"durationData": {
				"duration": -1,
				"stackLimit": -1
			},
			"targetingData": {
				"effectTriggerType": "Passive",
				"effectTargetType": "Creator",
				"showInTargetPreview": false,
				"showInStatusPanel": false
			},
			"effectType": "StatisticEffect",
			"Description": {
				"Id": "StatusEffect-HandMeleeStab",
				"Name": "Hand Melee Stab",
				"Details": "Melee attacks deal 8% extra stability damage.",
				"Icon": "uixSvgIcon_equipment_ActuatorArm"
			},
			"nature": "Buff",
			"statisticData": {
				"statName": "CBTBE_Punch_Target_Instability_Multi",
				"operation": "Float_Multiply",
				"modValue": "1.1",
				"modType": "System.Single"
			}
		},
		{
			"durationData": {
				"duration": -1,
				"stackLimit": -1
			},
			"targetingData": {
				"effectTriggerType": "Passive",
				"effectTargetType": "Creator",
				"showInTargetPreview": false,
				"showInStatusPanel": false
			},
			"effectType": "StatisticEffect",
			"Description": {
				"Id": "Status-LowerAccuracy-{location}",
				"Name": "Lower Arm Accuracy",
				"Details": "+1 Arm mounted accuracy.",
				"Icon": "uixSvgIcon_equipment_ActuatorArm"
			},
			"nature": "Buff",
			"statisticData": {
				"statName": "{location}.Accuracy",
				"operation": "Float_Add",
				"modValue": "-1",
				"modType": "System.Single"
			}
		},
		{
			"durationData": {
				"duration": -1,
				"ticksOnActivations": false,
				"useActivationsOfTarget": false,
				"ticksOnEndOfRound": false,
				"ticksOnMovements": false,
				"stackLimit": -1,
				"clearedWhenAttacked": false
			},
			"targetingData": {
				"effectTriggerType": "Passive",
				"triggerLimit": 0,
				"extendDurationOnTrigger": 0,
				"specialRules": "NotSet",
				"effectTargetType": "Creator",
				"range": 0,
				"forcePathRebuild": false,
				"forceVisRebuild": false,
				"showInTargetPreview": false,
				"showInStatusPanel": true
			},
			"effectType": "StatisticEffect",
			"Description": {
				"Id": "Battlefists-PunchAccuracy",
				"Name": "Articulate Actuators",
				"Details": "Punch attacks have +2 Accuracy.",
				"Icon": "uixSvgIcon_equipment_ActuatorArm"
			},
			"nature": "Buff",
			"statisticData": {
				"appliesEachTick": false,
				"effectsPersistAfterDestruction": false,
				"statName": "CBTBE_Punch_Attack_Mod",
				"operation": "Int_Add",
				"modValue": "-2",
				"modType": "System.Int32",
				"additionalRules": "NotSet"
			},
			"tagData": null,
			"floatieData": null,
			"actorBurningData": null,
			"vfxData": null,
			"instantModData": null,
			"poorlyMaintainedEffectData": null
		}
	],
	"ComponentTags": {
		"items": [
			"component_type_variant",
			"component_type_variant1",
			"BLACKLISTED"
		],
		"tagSetSourceFile": ""
	}
}