{
	"Custom": {
		"ComponentExplosion": {
			"StabilityDamage": 100
		},
		"Category": [
			{
				"CategoryID": "Gyro"
			},
			{
				"CategoryID": "Quirk"
			}
		],
		"WorkOrderCosts": {
			"Install": {
				"TechCost": "[[Chassis.Tonnage]]/10",
				"CBillCost": "[[Chassis.Tonnage]] * 1.15"
			}
		},
		"Flags": {
			"flags": [
				"default",
				"not_broken",
				"no_salvage",
				"autorepair"
			]
		},
		"BonusDescriptions": {
			"Bonuses": [
				"Recoil: -3",
				"IsGyro"
			]
		},
		"InventorySorter": {
			"SortKey": "00019"
		}
	},
	"StatName": null,
	"RelativeModifier": 0,
	"AbsoluteModifier": 0,
	"Description": {
		"Cost": 500000,
		"Rarity": 99,
		"Purchasable": false,
		"Manufacturer": "Quirk",
		"Model": "Lithobolos",
		"UIName": "Lithobolos Stabilized Weapon",
		"Id": "Gear_Quirk_StableWeapon_Lithobolos",
		"Name": "Lithobolos Stabilized Weapon",
		"Details": "This piece of gear represents the Lithobolos's inherent Stabilized Weapon quirk. This gives the Lithobolos reduced recoil penalties with all weapons.",
		"Icon": "uixSvgIcon_equipment_Cockpit"
	},
	"BonusValueA": "",
	"BonusValueB": "",
	"ComponentType": "Upgrade",
	"ComponentSubType": "NotSet",
	"PrefabIdentifier": "",
	"BattleValue": 0,
	"InventorySize": 3,
	"Tonnage": 0,
	"AllowedLocations": "CenterTorso",
	"DisallowedLocations": "All",
	"CriticalComponent": false,
	"statusEffects": [
		{
			"durationData": {
				"duration": -1,
				"stackLimit": -1
			},
			"targetingData": {
				"effectTriggerType": "Passive",
				"effectTargetType": "Creator"
			},
			"effectType": "StatisticEffect",
			"Description": {
				"Id": "ARMRecoilGR",
				"Name": "Stabilized Weapon Gauss",
				"Details": "Reduced Gauss Recoil",
				"Icon": "uixSvgIcon_equipment_TTS"
			},
			"statisticData": {
				"statName": "RefireModifier",
				"operation": "Int_Add",
				"modValue": "-3",
				"modType": "System.Int32",
				"targetCollection": "Weapon",
				"targetWeaponCategory": "NotSet",
				"targetWeaponType": "NotSet",
				"targetAmmoCategory": "NotSet",
				"targetWeaponSubType": "NotSet"
			}
		}
	],
	"ComponentTags": {
		"items": [
			"component_type_variant",
			"BLACKLISTED"
		],
		"tagSetSourceFile": ""
	}
}