{
	"Custom": {
		"ComponentExplosion": {
			"StabilityDamage": 100
		},
		"Category": [
			{
				"CategoryID": "Gyro"
			},
			{
				"CategoryID": "Quirk"
			}
		],
		"WorkOrderCosts": {
			"Install": {
				"TechCost": "[[Chassis.Tonnage]]/10",
				"CBillCost": "[[Chassis.Tonnage]] * 1.15"
			}
		},
		"Flags": {
			"flags": [
				"default",
				"not_broken",
				"no_salvage",
				"autorepair",
				"ignore_damage"
			]
		},
		"BonusDescriptions": {
			"Bonuses": [
				"EasyToMaintain",
				"GyroStab: 85",
				"IsGyro"
			]
		},
		"InventorySorter": {
			"SortKey": "00019"
		}
	},
	"StatName": null,
	"RelativeModifier": 0,
	"AbsoluteModifier": 0,
	"Description": {
		"Cost": 500000,
		"Rarity": 99,
		"Purchasable": false,
		"Manufacturer": "Quirk",
		"Model": "Taranis",
		"UIName": "Taranis Easy to Maintain",
		"Id": "Gear_Quirk_EasytoMaintain_Taranis",
		"Name": "Taranis Easy to Maintain",
		"Details": "This piece of gear represents the Taranis's inherent Easy to Maintain quirk. This means the Taranis's mechbay refits are extremely fast.",
		"Icon": "uixSvgIcon_equipment_Gyro"
	},
	"BonusValueA": "Fast Refits",
	"BonusValueB": "",
	"ComponentType": "Upgrade",
	"ComponentSubType": "NotSet",
	"PrefabIdentifier": "",
	"BattleValue": 0,
	"InventorySize": 3,
	"Tonnage": 0,
	"AllowedLocations": "CenterTorso",
	"DisallowedLocations": "All",
	"CriticalComponent": false,
	"statusEffects": [
		{
			"durationData": {
				"duration": -1
			},
			"targetingData": {
				"effectTriggerType": "Passive",
				"effectTargetType": "Creator",
				"showInTargetPreview": false,
				"showInStatusPanel": false
			},
			"effectType": "StatisticEffect",
			"Description": {
				"Id": "GyroGenericThreshhold",
				"Name": "Gyroscopic Orientation",
				"Details": "The gyro helps establish center-of-mass equilibrium for the BattleMech.",
				"Icon": "uixSvgIcon_equipment_Gyro"
			},
			"statisticData": {
				"statName": "UnsteadyThreshold",
				"operation": "Float_Add",
				"modValue": "85.0",
				"modType": "System.Single"
			},
			"nature": "Buff"
		}
	],
	"ComponentTags": {
		"items": [
			"BLACKLISTED",
			"component_type_variant"
		],
		"tagSetSourceFile": ""
	}
}