{
	"Custom": {
		"ComponentExplosion": {
			"StabilityDamage": 100
		},
		"Category": [
			{
				"CategoryID": "Gyro"
			},
			{
				"CategoryID": "Quirk"
			}
		],
		"WorkOrderCosts": {
			"Install": {
				"TechCost": "[[Chassis.Tonnage]]/10",
				"CBillCost": "[[Chassis.Tonnage]] * 1.15"
			}
		},
		"Flags": {
			"flags": [
				"default",
				"not_broken",
				"no_salvage",
				"autorepair",
				"ignore_damage"
			]
		},
		"BonusDescriptions": {
			"Bonuses": [
				"EvaPips: +1",
				"Defense: +1",
				"GyroStab: 20",
				"IsGyro"
			]
		},
		"InventorySorter": {
			"SortKey": "00019"
		}
	},
	"StatName": null,
	"RelativeModifier": 0,
	"AbsoluteModifier": 0,
	"Description": {
		"Cost": 500000,
		"Rarity": 99,
		"Purchasable": false,
		"Manufacturer": "Quirk",
		"Model": "Trooper",
		"UIName": "Trooper Narrow Profile",
		"Id": "Gear_Quirk_NarrowProfile_Trooper",
		"Name": "Trooper Narrow Profile",
		"Details": "This piece of gear represents the Trooper's inherent Narrow Profile quirk. This gives the Trooper bonus hit defense as well as bonus evasion due to its small profile.",
		"Icon": "uixSvgIcon_equipment_Cockpit"
	},
	"BonusValueA": "+1 Hit Defense",
	"BonusValueB": "+1 Evasive Pip",
	"ComponentType": "Upgrade",
	"ComponentSubType": "NotSet",
	"PrefabIdentifier": "",
	"BattleValue": 0,
	"InventorySize": 3,
	"Tonnage": 0,
	"AllowedLocations": "CenterTorso",
	"DisallowedLocations": "All",
	"CriticalComponent": false,
	"statusEffects": [
		{
			"durationData": {
				"duration": -1,
				"stackLimit": -1
			},
			"targetingData": {
				"effectTriggerType": "Passive",
				"effectTargetType": "Creator",
				"showInStatusPanel": false
			},
			"effectType": "StatisticEffect",
			"Description": {
				"Id": "NarrowProfileEvasion",
				"Name": "EVASIVE MOVE",
				"Details": "This unit generates an extra EVASIVE charge from movement actions (up to its maximum).",
				"Icon": "uixSvgIcon_action_evasivemove"
			},
			"statisticData": {
				"statName": "EvasivePipsGainedAdditional",
				"operation": "Int_Add",
				"modValue": "1",
				"modType": "System.Int32"
			},
			"nature": "Buff"
		},
		{
			"durationData": {
				"duration": -1,
				"ticksOnActivations": false,
				"useActivationsOfTarget": false,
				"ticksOnEndOfRound": false,
				"ticksOnMovements": false,
				"stackLimit": -1,
				"clearedWhenAttacked": false
			},
			"targetingData": {
				"effectTriggerType": "Passive",
				"triggerLimit": 0,
				"extendDurationOnTrigger": 0,
				"specialRules": "NotSet",
				"effectTargetType": "Creator",
				"range": 0,
				"forcePathRebuild": false,
				"forceVisRebuild": false,
				"showInTargetPreview": false,
				"showInStatusPanel": true
			},
			"effectType": "StatisticEffect",
			"Description": {
				"Id": "NarrowProfileDefense",
				"Name": "HARDER TO HIT",
				"Details": "Provides a penalty to all attacks against this unit.",
				"Icon": "uixSvgIcon_equipment_Gyro"
			},
			"nature": "Buff",
			"statisticData": {
				"appliesEachTick": false,
				"effectsPersistAfterDestruction": false,
				"statName": "ToHitThisActor",
				"operation": "Float_Add",
				"modValue": "1.0",
				"modType": "System.Single",
				"additionalRules": "NotSet",
				"targetCollection": "NotSet",
				"targetWeaponCategory": "NotSet",
				"targetWeaponType": "NotSet",
				"targetAmmoCategory": "NotSet",
				"targetWeaponSubType": "NotSet"
			},
			"tagData": null,
			"floatieData": null,
			"actorBurningData": null,
			"vfxData": null,
			"instantModData": null,
			"poorlyMaintainedEffectData": null
		},
		{
			"durationData": {
				"duration": -1
			},
			"targetingData": {
				"effectTriggerType": "Passive",
				"effectTargetType": "Creator",
				"showInTargetPreview": false,
				"showInStatusPanel": false
			},
			"effectType": "StatisticEffect",
			"Description": {
				"Id": "GyroGenericThreshhold",
				"Name": "Gyroscopic Orientation",
				"Details": "The gyro helps establish center-of-mass equilibrium for the BattleMech.",
				"Icon": "uixSvgIcon_equipment_Gyro"
			},
			"statisticData": {
				"statName": "UnsteadyThreshold",
				"operation": "Float_Add",
				"modValue": "20.0",
				"modType": "System.Single"
			},
			"nature": "Buff"
		}
	],
	"ComponentTags": {
		"items": [
			"BLACKLISTED",
			"component_type_variant"
		],
		"tagSetSourceFile": ""
	}
}