{
	"Custom": {
		"Flags": {
			"flags": [
				"ignore_damage",
				"autorepair",
				"not_broken",
				"no_salvage",
				"default"
			]
		}
	},
	"StatName": null,
	"RelativeModifier": 0,
	"AbsoluteModifier": 0,
	"Description": {
		"Cost": 1,
		"Rarity": 4,
		"Purchasable": true,
		"Manufacturer": "Generic",
		"Model": "Reserved Slots",
		"UIName": "BattleMech Wing Components",
		"Id": "emod_battlemechwing_linked",
		"Name": "BattleMech Wing Components",
		"Details": "This is a piece of the Sanctuary BattleMech Wing that permits it to function.",
		"Icon": "steelwing-emblem"
	},
	"BonusValueA": "",
	"BonusValueB": "",
	"ComponentType": "Upgrade",
	"ComponentSubType": "NotSet",
	"PrefabIdentifier": "",
	"BattleValue": 0,
	"InventorySize": 2,
	"Tonnage": 0,
	"AllowedLocations": "All",
	"DisallowedLocations": "All",
	"CriticalComponent": false,
	"statusEffects": [],
	"ComponentTags": {
		"items": [
			"component_type_stock"
		],
		"tagSetSourceFile": ""
	}
}