{
	"Custom": {
		"BonusDescriptions": {
			"Bonuses": [
				"StructureProtection: +100%",
				"ReservedSlots: 7"
			]
		},
		"Color": {
			"UIColor": "Orange"
		},
		"Category" : { 
			"CategoryID" : "Structure" 
		},
		"ArmorStructureChanges": {
			"StructureFactor": 2.0
		},
		"Flags": {
			"flags": [
				"ignore_damage",
				"autorepair",
				"not_broken",
				"no_salvage"
			]
		},
		"WorkOrderCosts": {
			"Install": {
				"TechCost": "[[Chassis.Tonnage]] / 4",
				"CBillCost": "1000 * [[Chassis.Tonnage]] * [[Chassis.Tonnage]] / 20"
			}
		},
		"Linked": {
			"Links": [
				{
					"ComponentDefId": "emod_sanctuaryendocarbide_linked",
					"Location": "LeftTorso"
				},
				{
					"ComponentDefId": "emod_sanctuaryendocarbide_linked",
					"Location": "LeftArm"
				},
				{
					"ComponentDefId": "emod_sanctuaryendocarbide_linked",
					"Location": "LeftLeg"
				},
				{
					"ComponentDefId": "emod_sanctuaryendocarbide_linked",
					"Location": "RightTorso"
				},
				{
					"ComponentDefId": "emod_sanctuaryendocarbide_linked",
					"Location": "RightArm"
				},
				{
					"ComponentDefId": "emod_sanctuaryendocarbide_linked",
					"Location": "RightLeg"
				},
				{
					"ComponentDefId": "emod_sanctuaryendocarbide_linked",
					"Location": "Head"
				}
			]
		}
	},
    "Description" : {
        "Cost" : 150000,
        "Rarity" : 0,
        "Purchasable" : true,
        "Manufacturer" : "Sanctuary Manufacturing",
        "Model" : "Structure",
        "UIName" : "Endo-Carbide (S)",
        "Id" : "emod_structureslots_sanctuaryendocarbide",
        "Name" : "Endo-Carbide Structure (S)",
        "Details" : "Since the Sanctuary did not have a technological dark age like the Inner Sphere did, they never stopped innovating and iterating on Endo-Steel, even developing a variant of it called Endo-Carbide structure. Endo-Carbide was developed accidentally and was originally written off as a mistake since instead of lightening the structure it was denser and harder than normal structure. However, it was discovered that Endo-Carbide was significantly more durable than normal structure, at the cost of extra bulk in each component of the mech. The trade-off was deemed worthwhile and the structure was put into production.",
        "Icon" : "uixSvgIcon_quantity"
    },
    "BonusValueA" : "",
    "BonusValueB" : "",
    "ComponentType" : "Upgrade",
    "ComponentSubType" : "NotSet",
    "PrefabIdentifier" : "",
    "BattleValue" : 0,
    "InventorySize" : 1,
    "Tonnage" : 0,
    "AllowedLocations" : "CenterTorso",
    "DisallowedLocations" : "All",
    "CriticalComponent" : false,
    "statusEffects" : null,
    "ComponentTags" : {
        "items" : [
            "component_type_stock"
        ],
        "tagSetSourceFile" : ""
    }
}
