{
	"Custom": {
		"BonusDescriptions": {
			"Bonuses": [
				"ArmorFactor: -5%",
				"BallisticDamageReduction: 20%",
				"MissileDamageReduction: 20%",
				"ReservedSlots: 8",
				"SHIELD: 3"
			]
		},
		"Color": {
			"UIColor": "Gold"
		},
		"Category" : { 
			"CategoryID" : "Armor" 
		},
		"CASE": {
			"AllLocations": true,
			"MaximumDamage": 3
		},
		"DynamicSlots": {
            "ReservedSlots": 8,
            "BackgroundColor": "GoldHalf",
            "ShowIcon": true,
            "NameText": "Ferro-Vanadium (S)",
            "BonusAText": "Dynamic Slot",
            "BonusBText": " "
        },
		"ArmorStructureChanges": {
			"ArmorFactor": 1.0
		},
		"Weights": {
			"ArmorFactor": 0.95
		},
		"Flags": {
			"flags": [
				"ignore_damage",
				"autorepair",
				"not_broken"
			]
		},
		"WorkOrderCosts": {
			"Install": {
				"TechCost": "1.5 * [[Chassis.Tonnage]] / 15",
				"CBillCost": "1500 * [[Chassis.Tonnage]] * [[Chassis.Tonnage]] / 30"
			}
		}					
	},
    "StatName" : null,
    "RelativeModifier" : 0,
    "AbsoluteModifier" : 0,
    "Description" : {
        "Cost" : 1000000,
        "Rarity" : 5,
        "Purchasable" : true,
        "Manufacturer" : "Sanctuary Manufacturing",
        "Model" : "Armor",
        "UIName" : "Ferro-Vanadium (S)",
        "Id" : "emod_armorslots_sanctuaryferrovanadium",
        "Name" : "Ferro-Vanadium Armor (S)",
        "Details" : "The race between armor and weapons has long been one run by all who would wage war. However, the Sanctuary hoped with this to tip the scales in favor of armor for once. Ferro-Vanadium armor is the Sanctuary's final word in protective gear. Composed of a vanadium weave overlaid with ferro-steel and ferro-titanium mesh, Ferro-Vanadium is extremely resilient to incoming ballistic and missile damage. Additionally, the Sanctuary's anti-explosion equipment, the SHIELD system, is built into Ferro-Vanadium for maximum protection. However, Ferro-Vanadium is moderately bulky, taking some amount of space on the equipped unit.",
        "Icon" : "uixSvgIcon_action_end"
    },
    "BonusValueA" : "",
    "BonusValueB" : "",
    "ComponentType" : "Upgrade",
    "ComponentSubType" : "NotSet",
    "PrefabIdentifier" : "",
    "BattleValue" : 0,
    "InventorySize" : 1,
    "Tonnage" : 0,
    "AllowedLocations" : "CenterTorso",
    "DisallowedLocations" : "All",
    "CriticalComponent" : false,
    "statusEffects" : [
		{
			"durationData": {
				"duration": -1,
				"stackLimit": -1
			},
			"targetingData": {
				"effectTriggerType": "Passive",
				"effectTargetType": "Creator",
				"showInTargetPreview": false,
				"showInStatusPanel": true
			},
			"effectType": "StatisticEffect",
			"Description": {
				"Id": "StatusEffect-FerroVanadiumDRBallistic",
				"Name": "Ferro-Vanadium Damage Reduction",
				"Details": "Ferro-Vanadium armor provides 20% damage reduction against incoming ballistic and missile weapon damage.",
				"Icon": "uixSvgIcon_action_end"
			},
			"nature": "Buff",
			"statisticData": {
				"appliesEachTick": false,
				"effectsPersistAfterDestruction": false,
				"statName": "DamageReductionMultiplierBallistic",
				"operation": "Float_Multiply",
				"modValue": "0.8",
				"modType": "System.Single"
			}
		},
		{
			"durationData": {
				"duration": -1,
				"stackLimit": -1
			},
			"targetingData": {
				"effectTriggerType": "Passive",
				"effectTargetType": "Creator",
				"showInTargetPreview": false,
				"showInStatusPanel": false
			},
			"effectType": "StatisticEffect",
			"Description": {
				"Id": "StatusEffect-FerroVanadiumDRMissile",
				"Name": "Ferro-Vanadium Missile DR",
				"Details": "Ferro-Vanadium armor provides 20% damage reduction against incoming ballistic and missile weapon damage.",
				"Icon": "uixSvgIcon_action_end"
			},
			"nature": "Buff",
			"statisticData": {
				"appliesEachTick": false,
				"effectsPersistAfterDestruction": false,
				"statName": "DamageReductionMultiplierMissile",
				"operation": "Float_Multiply",
				"modValue": "0.8",
				"modType": "System.Single"
			}
		}
    ],
    "ComponentTags" : {
        "items" : [
            "component_type_stock"
        ],
        "tagSetSourceFile" : ""
    }
}
