{
	"Custom": {
		"BonusDescriptions": {
			"Bonuses": [
				"StructureFactor: 50%",
				"ReservedSlots: 8"
			]
		},
		"Category" : { 
			"CategoryID" : "Structure" 
		},
		"DynamicSlots": {
			"ReservedSlots": 8,
			"ShowIcon": true,
			"NameText": "Endo-Steel (S)",
            "BonusAText": "Dynamic Slot",
		},
		"Weights": {
			"StructureFactor": 0.5
		},
		"Flags": {
			"flags": [
				"ignore_damage",
				"autorepair",
				"not_broken",
				"no_salvage"
			]
		},
		"WorkOrderCosts": {
			"Install": {
				"TechCost": "[[Chassis.Tonnage]] / 4",
				"CBillCost": "1000 * [[Chassis.Tonnage]] * [[Chassis.Tonnage]] / 20"
			}
		}
	},
    "Description" : {
        "Cost" : 150000,
        "Rarity" : 0,
        "Purchasable" : true,
        "Manufacturer" : "Sanctuary Manufacturing",
        "Model" : "Structure",
        "UIName" : "Endo-Steel (S)",
        "Id" : "emod_structureslots_sanctuaryendosteel",
        "Name" : "Endo-Steel Structure (S)",
        "Details" : "Since the Sanctuary did not have a technological dark age like the Inner Sphere did, they never stopped innovating and iterating on Endo-Steel. They eventually developed their own formula for the material that makes it less bulky at the cost of some level of fragility. It otherwise remains the same as Inner Sphere Endo-Steel.",
        "Icon" : "uixSvgIcon_quantity"
    },
    "BonusValueA" : "",
    "BonusValueB" : "",
    "ComponentType" : "Upgrade",
    "ComponentSubType" : "NotSet",
    "PrefabIdentifier" : "",
    "BattleValue" : 0,
    "InventorySize" : 1,
    "Tonnage" : 0,
    "AllowedLocations" : "CenterTorso",
    "DisallowedLocations" : "All",
    "CriticalComponent" : false,
    "statusEffects" : null,
    "ComponentTags" : {
        "items" : [
            "component_type_stock"
        ],
        "tagSetSourceFile" : ""
    }
}
