{
	"Custom": {
		"BonusDescriptions": {
			"Bonuses": [
				"ArmorFactor: -11%",
				"ReservedSlots: 10"
			]
		},
		"Color": {
			"UIColor": "Gold"
		},
		"Category" : { 
			"CategoryID" : "Armor" 
		},
		"DynamicSlots": {
            "ReservedSlots": 10,
            "BackgroundColor": "GoldHalf",
            "ShowIcon": true,
            "NameText": "Ferro-Fibrous (S)",
            "BonusAText": "Dynamic Slot",
            "BonusBText": " "
        },
		"Weights": {
			"ArmorFactor": 0.89286
		},
		"Flags": {
			"flags": [
				"ignore_damage",
				"autorepair",
				"not_broken"
			]
		},
		"WorkOrderCosts": {
			"Install": {
				"TechCost": "1.5 * [[Chassis.Tonnage]] / 15",
				"CBillCost": "750 * [[Chassis.Tonnage]] * [[Chassis.Tonnage]] / 30"
			}
		}
	},
    "Description" : {
        "Cost" : 350000,
        "Rarity" : 0,
        "Purchasable" : true,
        "Manufacturer" : "Sanctuary Manufacturing",
        "Model" : "Armor",
        "UIName" : "Ferro-Fibrous (S)",
        "Id" : "emod_armorslots_sanctuaryferrofibrous",
        "Name" : "Ferro-Fibrous Armor (S)",
        "Details" : "The Sanctuary Worlds never had a technological backslide, so they never lost the skill and technology to make Ferro-Fibrous armor. However, over time they even improved upon it, bettering its protection while making it considerbly less bulky. The end result is this, Sanctuary Ferro-Fibrous armor, essentially the same as Inner Sphere Ferro-Fibrous armor but significantly less bulky.",
        "Icon" : "uixSvgIcon_action_end"
    },
    "BonusValueA" : "",
    "BonusValueB" : "",
    "ComponentType" : "Upgrade",
    "ComponentSubType" : "NotSet",
    "PrefabIdentifier" : "",
    "BattleValue" : 0,
    "InventorySize" : 1,
    "Tonnage" : 0,
    "AllowedLocations" : "CenterTorso",
    "DisallowedLocations" : "All",
    "CriticalComponent" : false,
    "statusEffects" : null,
    "ComponentTags" : {
        "items" : [
            "component_type_stock"
        ],
        "tagSetSourceFile" : ""
    }
}
