{
	"Custom": {
		"CASE": {
			"MaximumDamage": 3
		},
		"Category" : { 
			"CategoryID" : "CASE" 
		},
		"Flags": {
			"flags": [
				"ignore_damage",
				"autorepair",
				"not_broken"
			]
		},
		"BonusDescriptions": {
			"Bonuses": [
				"SHIELD: 3"
			]
		}
	},
    "Description" : {
        "Cost" : 100000,
        "Rarity" : 0,
        "Purchasable" : true,
        "Manufacturer" : "Sanctuary Manufacturing",
        "Model" : "Standard",
        "Id" : "emod_SHIELD",
        "UIName" : "SHIELD (S)",
        "Name" : "SHIELD (S)",
        "Details" : "A natural evolution of the old CASE system that the Sanctuary Worlders took with them on their exodus from the Inner Sphere, the SHIELD system is an advanced CASE-like system. Essentially the same principle as Inner Sphere CASE, the SHIELD is a series of interlocking and overlapping armor plates that surround explosive components such as ammunition and expels explosions back out through specially constructed channels to prevent damage to the unit.",
        "Icon" : "uixSvgIcon_action_end"
    },
    "BonusValueA" : "",
    "BonusValueB" : "",
    "ComponentType" : "Upgrade",
    "ComponentSubType" : "NotSet",
    "PrefabIdentifier" : "",
    "BattleValue" : 0,
    "InventorySize" : 1,
    "Tonnage" : 0.5,
    "AllowedLocations" : "All",
    "DisallowedLocations" : "All",
    "CriticalComponent" : false,
    "statusEffects" : null,
    "ComponentTags" : {
        "items" : [
            "component_type_stock"
        ],
        "tagSetSourceFile" : ""
    }
}
