{
    "Custom": {
        "Category": [
            {
                "CategoryID": "Probe"
            }
        ],
        "BonusDescriptions": {
            "Bonuses": [
                "Sensors: +30%",
                "Sight: +30%",
				"ProbeBubble: 350"
            ]
        }
    },
    "StatName": null,
    "RelativeModifier": 0,
    "AbsoluteModifier": 0,
    "Description": {
        "Cost": 850000,
        "Rarity": 5,
        "Purchasable": true,
        "Manufacturer": "Sanctuary Electronics",
        "Model": "Sanctuary AP",
        "UIName": "Active Probe (S)",
        "Id": "Gear_Sanctuary_AP",
        "Name": "Active Probe (S)",
        "Details": "The Sanctuary Worlds Active Probe uses the same basic sensor principles as standard Inner Sphere Active Probes: a high-powered electronic suite allows for early enemy target detection and for widespread locks against enemy targets. Because of the Sacellum's extensive experience with electronic warfare technology however, it is extremely powerful and is the rough equivalent to the best probes the Inner Sphere can muster.",
        "Icon": "radar-sweep"
    },
    "BonusValueA": "",
    "BonusValueB": "",
    "ComponentType": "Upgrade",
    "ComponentSubType": "NotSet",
    "PrefabIdentifier": "",
    "BattleValue": 0,
    "InventorySize": 2,
    "Tonnage": 1.5,
    "AllowedLocations": "All",
    "DisallowedLocations": "All",
    "CriticalComponent": false,
    "statusEffects": [
        {
            "targetingData" : {
                "effectTriggerType" : "OnActivation",
                "effectTargetType" : "EnemiesWithinRange",
				"alsoTargetsCreator" : true,
                "forceVisRebuild" : true
            },
			"effectType" : "ActiveAbility",
			"Description" :
			{
				"Id" : "ActiveProbe_Ping",
				"Name" : "SANCTUARY PROBE PING",
				"Details" : "Activated ability (uses Firing action). Performs a Sensor Lock against all enemies within its radius, as indicated by the spinning gold ring. Will go into cooldown state after use.",
				"Icon" : "radar-sweep"
			},
			"activeAbilityEffectData" : 
			{
				"abilityName" : "AbilityDef_Sanctuary_Ping"
			}
		},
        {
			"durationData": {
				"duration": -1,
				"stackLimit": 1
			},
			"targetingData": {
				"effectTriggerType": "Passive",
				"effectTargetType": "Creator",
				"showInTargetPreview": false,
				"showInStatusPanel": false
			},
			"effectType": "StatisticEffect",
			"Description": {
				"Id": "SensorRange",
				"Name": "Bloodhound Probe",
				"Details": "Increased Sight/Sensors",
				"Icon": "uixSvgIcon_equipment_Cockpit"
			},
			"nature": "Buff",
			"statisticData": {
				"statName": "SensorDistanceMultiplier",
				"operation": "Float_Multiply",
				"modValue": "1.3",
				"modType": "System.Single"
			}
		},
		{
			"durationData": {
				"duration": -1,
				"stackLimit": 1
			},
			"targetingData": {
				"effectTriggerType": "Passive",
				"effectTargetType": "Creator",
				"showInTargetPreview": false,
				"showInStatusPanel": false
			},
			"effectType": "StatisticEffect",
			"Description": {
				"Id": "SpottingRange",
				"Name": "SPOTTING DISTANCE INCREASED",
				"Details": "Increases spotting distance by 50m.",
				"Icon": "uixSvgIcon_equipment_Cockpit"
			},
			"nature": "Buff",
			"statisticData": {
				"statName": "SpotterDistanceMultiplier",
				"operation": "Float_Multiply",
				"modValue": "1.3",
				"modType": "System.Single"
			}
		}
    ],
    "ComponentTags": {
        "items": [
            "component_type_stock",
            "lv-probe_m3"
        ],
        "tagSetSourceFile": ""
    }
}