{
    "Custom": {
        "Category": [
			{
				"CategoryID": "a/m/s/apm"
			}
		],
		"Flags": {
            "flags": [
                "not_broken"
            ]
        },
        "ComponentExplosion": {
            "ExplosionDamagePerAmmo": 1,
            "HeatDamagePerAmmo": 6,
            "StabilityDamagePerAmmo": 1
        },
        "BonusDescriptions": {
            "Bonuses": [
				"CostPerShot: 60",
                "HeatDamage: +6",
                "AmmoCount: 20"
            ]
        },
		"AmmoCost": {
			"PerUnitCost": 60
		}
    },
	
    "AmmoID" : "Ammunition_APM_Inferno",
    "Capacity" : 20,
    "Description" : {
        "Cost" : 10000,
        "Rarity" : 0,
        "Purchasable" : true,
        "Manufacturer" : "Generic",
        "Model" : "APM",
        "UIName" : "Ammo APM [INF]",
        "Id" : "Ammo_AmmunitionBox_Inferno_APM",
        "Details" : "Ammo Bins contain the rounds needed for projectile-based weaponry, with at least one bin required per weapon type. Upon receiving a Critical Hit, any remaining ammunition stored inside an Ammo Bin will explode dealing damage to the install location. Risk can be mitigated with the use of SHIELD.",
        "Name" : "Inferno APM",
        "Icon" : "uixSvgIcon_ammoBox_Missile"
    },
    "BonusValueA" : "+6 Heat Damage",
    "BonusValueB" : "",
    "ComponentType" : "AmmunitionBox",
    "ComponentSubType" : "Ammunition",
    "PrefabIdentifier" : "",
    "BattleValue" : 0,
    "InventorySize" : 1,
    "Tonnage" : 1,
    "AllowedLocations" : "All",
    "DisallowedLocations" : "All",
    "CriticalComponent" : false,
    "statusEffects" : [
        
    ],
    "ComponentTags" : {
        "items" : [
            "component_type_stock"
        ],
        "tagSetSourceFile" : ""
    }
}
