{
    "Custom": {
        "Category": [
			{
				"CategoryID": "a/m/t/sirocco"
			}
		],
		"Flags": {
            "flags": [
                "not_broken"
            ]
        },
        "ComponentExplosion": {
            "ExplosionDamagePerAmmo": 2,
            "StabilityDamagePerAmmo": 1
        },
        "BonusDescriptions": {
            "Bonuses": [
				"NoAreaOfEffect",
				"WeaponDamage: +15",
				"CostPerShot: 150",
				"AmmoCount: 10"
            ]
        },
		"AmmoCost": {
			"PerUnitCost": 150
		}
    },
    "AmmoID": "Ammunition_Sirocco_Shaped",
    "Capacity": 10,
    "Description": {
        "Cost": 20000,
        "Rarity": 1,
        "Purchasable": true,
        "Manufacturer": "Generic",
        "Model": "Sirocco",
        "UIName": "Ammo Sirocco Shaped",
        "Id": "Ammo_AmmunitionBox_Shaped_SIROCCO",
        "Name": "Sirocco Ammo",
        "Details": "Ammo Bins contain the rounds needed for projectile-based weaponry, with at least one bin required per weapon type. Upon receiving a Critical Hit, any remaining ammunition stored inside an Ammo Bin will explode dealing damage to the install location. Risk can be mitigated with the use of SHIELD.",
        "Icon": "Art-illery"
    },
    "BonusValueA": "",
    "BonusValueB": "",
    "ComponentType": "AmmunitionBox",
    "ComponentSubType": "Ammunition",
    "PrefabIdentifier": "",
    "BattleValue": 0,
    "InventorySize": 1,
    "Tonnage": 1,
    "AllowedLocations": "All",
    "DisallowedLocations": "All",
    "CriticalComponent": false,
    "statusEffects": [],
    "ComponentTags": {
        "items": [
            "component_type_stock"
        ],
        "tagSetSourceFile": ""
    }
}
