{
    "Custom": {
        "Category": [
			{
				"CategoryID": "a/m/l/vrm"
			}
		],
		"Flags": {
            "flags": [
                "not_broken"
            ]
        },
        "ComponentExplosion": {
            "ExplosionDamagePerAmmo": 2,
            "StabilityDamagePerAmmo": 1
        },
        "BonusDescriptions": {
            "Bonuses": [
				"CostPerShot: 30",
				"AmmoCount: 60"
            ]
        },
		"AmmoCost": {
			"PerUnitCost": 30
		}
    },
    "AmmoID": "Ammunition_VRM",
    "Capacity": 60,
    "Description": {
        "Cost": 13200,
        "Rarity": 1,
        "Purchasable": true,
        "Manufacturer": "Generic",
        "Model": "VRM",
        "UIName": "Ammo VRM [Half]",
        "Id": "Ammo_AmmunitionBox_Generic_VRM_half",
        "Name": "VRM Ammo",
        "Details": "Ammo Bins contain the rounds needed for projectile-based weaponry, with at least one bin required per weapon type. Upon receiving a Critical Hit, any remaining ammunition stored inside an Ammo Bin will explode dealing damage to the install location. Risk can be mitigated with the use of SHIELD.",
        "Icon": "MRM"
    },
    "BonusValueA": "",
    "BonusValueB": "",
    "ComponentType": "AmmunitionBox",
    "ComponentSubType": "Ammunition",
    "PrefabIdentifier": "",
    "BattleValue": 0,
    "InventorySize": 1,
    "Tonnage": 0.5,
    "AllowedLocations": "All",
    "DisallowedLocations": "All",
    "CriticalComponent": false,
    "statusEffects": [],
    "ComponentTags": {
        "items": [
            "component_type_stock"
        ],
        "tagSetSourceFile": ""
    }
}
