{
	"Custom": {
		"Category": [
			{
				"CategoryID": "a/s/a/gatling"
			}
		],
		"ComponentExplosion": {
			"ExplosionDamagePerAmmo": 3,
			"StabilityDamagePerAmmo": 1
		},
		"BonusDescriptions": {
			"Bonuses": [
				"CostPerShot: 30",
				"AmmoCount: 75"
			]
		},
		"AmmoCost": {
			"PerUnitCost": 30
		}
	},
	"AmmoID": "Ammunition_GATLING",
	"Capacity": 75,
	"Description": {
		"Cost": 10000,
		"Rarity": 1,
		"Purchasable": true,
		"Manufacturer": "Generic",
		"Model": "Gatling",
		"UIName": "Ammo Gatling [Half]",
		"Id": "Ammo_AmmunitionBox_Generic_GATLING_half",
		"Name": "Gatling Ammo",
		"Details": "Ammo Bins contain the rounds needed for projectile-based weaponry, with at least one bin required per weapon type. Ammo Bins will explode and destroy their installed location when they receive a Critical Hit. Has 150 shots.",
		"Icon": "uixSvgIcon_ammoBox_Ballistic"
	},
	"BonusValueA": "",
	"BonusValueB": "",
	"ComponentType": "AmmunitionBox",
	"ComponentSubType": "Ammunition",
	"PrefabIdentifier": "",
	"BattleValue": 0,
	"InventorySize": 1,
	"Tonnage": 0.5,
	"AllowedLocations": "All",
	"DisallowedLocations": "All",
	"CriticalComponent": false,
	"statusEffects": [],
	"ComponentTags": {
		"items": [
			"component_type_stock"
		],
		"tagSetSourceFile": ""
	}
}