{
	"Custom": {
		"Category": [
			{
				"CategoryID": "a/a/g/massdriver"
			}
		],
		"BonusDescriptions": {
			"Bonuses": [
				"CostPerShot: 1500",
				"AmmoCount: 4"
			]
		},
		"AmmoCost": {
			"PerUnitCost": 1500
		}
	},
	"AmmoID": "Ammunition_HDRIVER",
	"Capacity": 4,
	"Description": {
		"Cost": 50000,
		"Rarity": 1,
		"Purchasable": true,
		"Manufacturer": "Generic",
		"Model": "Mass Driver",
		"UIName": "Ammo Heavy Mass Driver",
		"Id": "Ammo_AmmunitionBox_Generic_HDRIVER",
		"Name": "Heavy Mass Driver Ammo",
		"Details": "Ammo Bins contain the rounds needed for projectile-based weaponry, with at least one bin required per weapon type. Mass Driver ammunition does not explode when struck by weapon fire.",
		"Icon": "FerroMag"
	},
	"BonusValueA": "",
	"BonusValueB": "",
	"ComponentType": "AmmunitionBox",
	"ComponentSubType": "Ammunition",
	"PrefabIdentifier": "",
	"BattleValue": 0,
	"InventorySize": 1,
	"Tonnage": 1,
	"AllowedLocations": "All",
	"DisallowedLocations": "All",
	"CriticalComponent": false,
	"statusEffects": [],
	"ComponentTags": {
		"items": [
			"component_type_stock"
		],
		"tagSetSourceFile": ""
	}
}