{
    "Custom": {
        "Category": [
			{
				"CategoryID": "a/m/s/apm"
			}
		],
		"Flags": {
            "flags": [
                "not_broken"
            ]
        },
        "ComponentExplosion": {
            "ExplosionDamagePerAmmo": 1,
            "StabilityDamagePerAmmo": 1
        },
        "BonusDescriptions": {
            "Bonuses": [
				"CostPerShot: 45",
				"Tracer: 2",
                "AmmoCount: 20"
            ]
        },
		"AmmoCost": {
			"PerUnitCost": 45
		}
    },
    "AmmoID": "Ammunition_APM_Tracer",
    "Capacity": 20,
    "Description": {
        "Cost": 40000,
        "Rarity": 1,
        "Purchasable": true,
        "Manufacturer": "Generic",
        "Model": "APM Tracer",
        "UIName": "Ammo APM [TRACE]",
        "Id": "Ammo_AmmunitionBox_Tracer_APM",
        "Name": "APM Tracer Ammo",
        "Details": "Ammo Bins contain the rounds needed for projectile-based weaponry, with at least one bin required per weapon type. Upon receiving a Critical Hit, any remaining ammunition stored inside an Ammo Bin will explode dealing damage to the install location. Risk can be mitigated with the use of SHIELD.",
        "Icon": "uixSvgIcon_ammoBox_Missile"
    },
    "BonusValueA": "+2 Bonus Accuracy",
    "BonusValueB": "",
    "ComponentType": "AmmunitionBox",
    "ComponentSubType": "Ammunition",
    "PrefabIdentifier": "",
    "BattleValue": 0,
    "InventorySize": 1,
    "Tonnage": 1,
    "AllowedLocations": "All",
    "DisallowedLocations": "All",
    "CriticalComponent": false,
    "statusEffects": [],
    "ComponentTags": {
        "items": [
            "component_type_stock"
        ],
        "tagSetSourceFile": ""
    }
}
