{
    "Custom": {
        "Category": [
			{
				"CategoryID": "a/m/s/apm"
			}
		],
		"Flags": {
            "flags": [
                "not_broken"
            ]
        },
        "ComponentExplosion": {
            "ExplosionDamagePerAmmo": 6,
            "StabilityDamagePerAmmo": 1
        },
        "BonusDescriptions": {
            "Bonuses": [
				"CostPerShot: 30",
				"DamagePerShell: 5",
                "AmmoCount: 20"
            ]
        },
		"AmmoCost": {
			"PerUnitCost": 30
		}
    },
    "AmmoID": "Ammunition_APM_Explosive",
    "Capacity": 20,
    "Description": {
        "Cost": 10000,
        "Rarity": 1,
        "Purchasable": true,
        "Manufacturer": "Generic",
        "Model": "APM",
        "UIName": "Ammo APM [HI EX]",
        "Id": "Ammo_AmmunitionBox_Explosive_APM",
        "Name": "Explosive APM",
        "Details": "Ammo Bins contain the rounds needed for projectile-based weaponry, with at least one bin required per weapon type. Upon receiving a Critical Hit, any remaining ammunition stored inside an Ammo Bin will explode dealing damage to the install location. Risk can be mitigated with the use of SHIELD.",
        "Icon": "uixSvgIcon_ammoBox_Missile"
    },
    "BonusValueA": "",
    "BonusValueB": "",
    "ComponentType": "AmmunitionBox",
    "ComponentSubType": "Ammunition",
    "PrefabIdentifier": "",
    "BattleValue": 0,
    "InventorySize": 1,
    "Tonnage": 1,
    "AllowedLocations": "All",
    "DisallowedLocations": "All",
    "CriticalComponent": false,
    "statusEffects": [],
    "ComponentTags": {
        "items": [
            "component_type_stock"
        ],
        "tagSetSourceFile": ""
    }
}
