{
    "Custom": {
		"Category": [
			{
				"CategoryID": "a/a/a/dbac"
			}
		],
		"Flags": {
            "flags": [
                "not_broken"
            ]
        },
        "ComponentExplosion": {
            "ExplosionDamagePerAmmo": 25,
            "StabilityDamagePerAmmo": 10
        },
        "BonusDescriptions": {
            "Bonuses": [
				"CostPerShot: 200",
				"AmmoCount: 20"
            ]
        },
		"AmmoCost": {
			"PerUnitCost": 200
		}
    },
    "AmmoID": "Ammunition_DBAC10",
    "Capacity": 20,
    "Description": {
        "Cost": 20000,
        "Rarity": 1,
        "Purchasable": true,
        "Manufacturer": "Generic",
        "Model": "DBAC",
        "UIName": "Ammo DBAC/10",
        "Id": "Ammo_AmmunitionBox_Doublebarrel_AC10",
        "Name": "DBAC/10 Ammo",
        "Details": "Ammo Bins contain the rounds needed for projectile-based weaponry, with at least one bin required per weapon type. Upon receiving a Critical Hit, any remaining ammunition stored inside an Ammo Bin will explode dealing damage to the install location. Risk can be mitigated with the use of SHIELD.",
        "Icon": "uixSvgIcon_ammoBox_Ballistic"
    },
    "BonusValueA": "",
    "BonusValueB": "",
    "ComponentType": "AmmunitionBox",
    "ComponentSubType": "Ammunition",
    "PrefabIdentifier": "",
    "BattleValue": 0,
    "InventorySize": 1,
    "Tonnage": 1,
    "AllowedLocations": "All",
    "DisallowedLocations": "All",
    "CriticalComponent": false,
    "statusEffects": [],
    "ComponentTags": {
        "items": [
            "component_type_stock"
        ],
        "tagSetSourceFile": ""
    }
}