{
    "Custom": {
        "Category": [
			{
				"CategoryID": "a/a/o/bombard"
			}
		],
		"Flags": {
            "flags": [
                "not_broken"
            ]
        },
        "ComponentExplosion": {
            "ExplosionDamagePerAmmo": 4,
            "StabilityDamagePerAmmo": 1
        },
        "BonusDescriptions": {
            "Bonuses": [
				"ProjectilesPerShot: 2",
				"AreaOfEffect: 60",
				"AreaOfEffectDmg: 1",
				"AreaOfEffectHeatDmg: 2",
				"WeaponDamage: -1",
				"HeatDamage: 1",
				"OHDamage: 50%",
				"CostPerShot: 300",
				"AmmoCount: 60"
            ]
        },
		"AmmoCost": {
			"PerUnitCost": 300
		}
    },
    "AmmoID": "Ammunition_Bombard_Inferno",
    "Capacity": 60,
    "Description": {
        "Cost": 20000,
        "Rarity": 1,
        "Purchasable": true,
        "Manufacturer": "Generic",
        "Model": "Bombard",
        "UIName": "Ammo Bombard Inferno",
        "Id": "Ammo_AmmunitionBox_Inferno_Bombard",
        "Name": "Bombard Inferno Ammo",
        "Details": "Ammo Bins contain the rounds needed for projectile-based weaponry, with at least one bin required per weapon type. Upon receiving a Critical Hit, any remaining ammunition stored inside an Ammo Bin will explode dealing damage to the install location. Risk can be mitigated with the use of SHIELD.",
        "Icon": "Art-illery"
    },
    "BonusValueA": "",
    "BonusValueB": "",
    "ComponentType": "AmmunitionBox",
    "ComponentSubType": "Ammunition",
    "PrefabIdentifier": "",
    "BattleValue": 0,
    "InventorySize": 1,
    "Tonnage": 1,
    "AllowedLocations": "All",
    "DisallowedLocations": "All",
    "CriticalComponent": false,
    "statusEffects": [],
    "ComponentTags": {
        "items": [
            "component_type_stock"
        ],
        "tagSetSourceFile": ""
    }
}
