{
    "Custom": {
        "Category": [
			{
				"CategoryID": "a/a/a/sg"
			}
		],
		"Flags": {
            "flags": [
                "not_broken"
            ]
        },
        "ComponentExplosion": {
            "ExplosionDamagePerAmmo": 100,
            "StabilityDamagePerAmmo": 2
        },
        "BonusDescriptions": {
            "Bonuses": [
				"CostPerShot: 1000",
				"AmmoCount: 4"
            ]
        },
		"AmmoCost": {
			"PerUnitCost": 1000
		}
    },
    "AmmoID": "Ammunition_SG20",
    "Capacity": 4,
    "Description": {
        "Cost": 40000,
        "Rarity": 1,
        "Purchasable": true,
        "Manufacturer": "Generic",
        "Model": "Scattergun",
        "UIName": "Ammo Scattergun/20",
        "Id": "Ammo_AmmunitionBox_Scattergun_AC20",
        "Name": "Scattergun/20 Ammo",
        "Details": "Ammo Bins contain the rounds needed for projectile-based weaponry, with at least one bin required per weapon type. Upon receiving a Critical Hit, any remaining ammunition stored inside an Ammo Bin will explode dealing damage to the install location. Risk can be mitigated with the use of SHIELD.",
        "Icon": "uixSvgIcon_ammoBox_Ballistic"
    },
    "BonusValueA": "",
    "BonusValueB": "",
    "ComponentType": "AmmunitionBox",
    "ComponentSubType": "Ammunition",
    "PrefabIdentifier": "",
    "BattleValue": 0,
    "InventorySize": 1,
    "Tonnage": 1,
    "AllowedLocations": "All",
    "DisallowedLocations": "All",
    "CriticalComponent": false,
    "statusEffects": [],
    "ComponentTags": {
        "items": [
            "component_type_stock"
        ],
        "tagSetSourceFile": ""
    }
}
