{
	"Custom": {
		"ArmActuatorSupport": {
			"RightLimit": "Upper"
		}
	},
	"Description": {
		"Cost": 1700000,
		"Rarity": 1,
		"Purchasable": true,
		"Manufacturer": "",
		"Model": "",
		"UIName": "Thorn",
		"Id": "chassisdef_thorn_THE-W2",
		"Name": "Thorn",
		"Details": "A mainstay of the Terran Hegemony and later the Star League, the Thorn was taken on the long journey out of the Inner Sphere by the Sanctuary Worlders. There it found new life as a valued light mech, often used for fire support purposes. The THE-W2 is a dedicated weapon-carrier design, mounting precisely one weapon: the Neutrino Projector Cannon. Though it has only one weapon, the NPC is formidable at any range and provides serious firepower for a mech of the Thorn's size.",
		"Icon": "uixTxrIcon_thorn"
	},
	"MovementCapDefID": "movedef_locust_LCT-1V",
	"PathingCapDefID": "pathingdef_light",
	"HardpointDataDefID": "hardpointdatadef_thorn",
	"PrefabIdentifier": "chrprfmech_thornbase-001",
	"PrefabBase": "thorn",
	"Tonnage": 20,
	"InitialTonnage": 2,
	"weightClass": "LIGHT",
	"BattleValue": 1642000,
	"Heatsinks": 0,
	"TopSpeed": 210,
	"TurnRadius": 90,
	"MaxJumpjets": 30,
	"Stability": 100,
	"StabilityDefenses": [
		0,
		0,
		0,
		0,
		0,
		0
	],
	"SpotterDistanceMultiplier": 1,
	"VisibilityMultiplier": 1,
	"SensorRangeMultiplier": 1,
	"Signature": 0,
	"Radius": 4,
	"PunchesWithLeftArm": false,
	"MeleeDamage": 20,
	"MeleeInstability": 5,
	"MeleeToHitModifier": 0,
	"DFADamage": 20,
	"DFAToHitModifier": 0,
	"DFASelfDamage": 20,
	"DFAInstability": 5,
	"Locations": [
		{
			"Location": "Head",
			"Hardpoints": [
				{
					"WeaponMount": "Energy",
					"Omni": false
				}
			],
			"Tonnage": 0,
			"InventorySlots": 6,
			"MaxArmor": 45,
			"MaxRearArmor": -1,
			"InternalStructure": 16
		},
		{
			"Location": "LeftArm",
			"Hardpoints": [
				{
					"WeaponMount": "AntiPersonnel",
					"Omni": false
				}
			],
			"Tonnage": 0,
			"InventorySlots": 12,
			"MaxArmor": 30,
			"MaxRearArmor": -1,
			"InternalStructure": 15
		},
		{
			"Location": "LeftTorso",
			"Hardpoints": [],
			"Tonnage": 0,
			"InventorySlots": 12,
			"MaxArmor": 50,
			"MaxRearArmor": 25,
			"InternalStructure": 25
		},
		{
			"Location": "CenterTorso",
			"Hardpoints": [
				{
					"WeaponMount": "AntiPersonnel",
					"Omni": false
				}
			],
			"Tonnage": 0,
			"InventorySlots": 15,
			"MaxArmor": 60,
			"MaxRearArmor": 30,
			"InternalStructure": 30
		},
		{
			"Location": "RightTorso",
			"Hardpoints": [],
			"Tonnage": 0,
			"InventorySlots": 12,
			"MaxArmor": 50,
			"MaxRearArmor": 25,
			"InternalStructure": 25
		},
		{
			"Location": "RightArm",
			"Hardpoints": [
				{
					"WeaponMount": "Energy",
					"Omni": false
				},
				{
					"WeaponMount": "Energy",
					"Omni": false
				}
			],
			"Tonnage": 0,
			"InventorySlots": 12,
			"MaxArmor": 30,
			"MaxRearArmor": -1,
			"InternalStructure": 15
		},
		{
			"Location": "LeftLeg",
			"Hardpoints": [],
			"Tonnage": 0,
			"InventorySlots": 6,
			"MaxArmor": 40,
			"MaxRearArmor": -1,
			"InternalStructure": 20
		},
		{
			"Location": "RightLeg",
			"Hardpoints": [],
			"Tonnage": 0,
			"InventorySlots": 6,
			"MaxArmor": 40,
			"MaxRearArmor": -1,
			"InternalStructure": 20
		}
	],
	"LOSSourcePositions": [
		{
			"x": 0,
			"y": 8,
			"z": 0
		},
		{
			"x": 2,
			"y": 8,
			"z": -1
		},
		{
			"x": -2,
			"y": 8,
			"z": -1
		}
	],
	"LOSTargetPositions": [
		{
			"x": 0,
			"y": 8,
			"z": 0
		},
		{
			"x": 2,
			"y": 8,
			"z": -1
		},
		{
			"x": -2,
			"y": 8,
			"z": -1
		},
		{
			"x": 1.5,
			"y": 3,
			"z": 0
		},
		{
			"x": -1.5,
			"y": 3,
			"z": 0
		}
	],
	"VariantName": "THE-W2",
	"ChassisTags": {
		"items": [
			"OmniMech"
		],
		"tagSetSourceFile": ""
	},
	"StockRole": "Pioneering Light Support",
	"YangsThoughts": "A mainstay of the Terran Hegemony and later the Star League, the Thorn was taken on the long journey out of the Inner Sphere by the Sanctuary Worlders. There it found new life as a valued light mech, often used for fire support purposes. The THE-W2 is a dedicated weapon-carrier design, mounting precisely one weapon: the Neutrino Projector Cannon. Though it has only one weapon, the NPC is formidable at any range and provides serious firepower for a mech of the Thorn's size.",
	"FixedEquipment": [
		{
			"MountedLocation": "CenterTorso",
			"ComponentDefID": "Gear_Quirk_EasytoMaintain_Thorn",
			"SimGameUID": "",
			"ComponentDefType": "Upgrade",
			"HardpointSlot": -1,
			"GUID": null,
			"DamageLevel": "Functional",
			"prefabName": null,
			"hasPrefabName": false
		},
		{
			"MountedLocation": "CenterTorso",
			"ComponentDefID": "emod_structureslots_sanctuaryendosteel",
			"ComponentDefType": "Upgrade",
			"HardpointSlot": -1,
			"DamageLevel": "Functional",
			"prefabName": "",
			"hasPrefabName": true
		},
		{
			"MountedLocation": "Head",
			"ComponentDefID": "Gear_Cockpit_Sanctuary_Drone",
			"SimGameUID": "",
			"ComponentDefType": "Upgrade",
			"HardpointSlot": 0,
			"GUID": null,
			"DamageLevel": "Functional",
			"prefabName": null,
			"hasPrefabName": false
		}
	],
	"CustomParts": {
		"CustomParts": []
	}
}