{
	"Custom": {
		"ArmActuatorSupport": {
			"LeftLimit": "Lower",
			"RightLimit": "Lower"
		}
	},
	"Description": {
		"Cost": 7536120,
		"Rarity": 3,
		"Purchasable": true,
		"Manufacturer": "",
		"Model": "",
		"UIName": "Warhammer",
		"Id": "chassisdef_warhammer_WHM-5S",
		"Name": "Warhammer",
		"Details": "Designed as a combat engineering mech, the Warhammer WHM-5S was created to control and direct the flow of combat on Sanctuary battlefields. Armed with a pair of Directed X-Ray Cannons for primary firepower and backed up by a Large Lance and an APM-4, the -5S is more than capable of controlling the field. In an odd twist, it uses a Dense Engine for speed and survivability, ensuring that the -5S is the last man standing in difficult battles.",
		"Icon": "uixTxrIcon_warhammer"
	},
	"MovementCapDefID": "movedef_warhammer_WHM-6R",
	"PathingCapDefID": "pathingdef_heavy",
	"HardpointDataDefID": "hardpointdatadef_warhammer",
	"PrefabIdentifier": "chrPrfMech_warhammerBase-001",
	"PrefabBase": "warhammer",
	"Tonnage": 70,
	"InitialTonnage": 7,
	"weightClass": "HEAVY",
	"BattleValue": 6577000,
	"Heatsinks": 0,
	"TopSpeed": 120,
	"TurnRadius": 90,
	"MaxJumpjets": 30,
	"Stability": 160,
	"StabilityDefenses": [
		0,
		0,
		0,
		0,
		0,
		0
	],
	"SpotterDistanceMultiplier": 1,
	"VisibilityMultiplier": 1,
	"SensorRangeMultiplier": 1,
	"Signature": 0,
	"Radius": 8,
	"PunchesWithLeftArm": false,
	"MeleeDamage": 75,
	"MeleeInstability": 35,
	"MeleeToHitModifier": 0,
	"DFADamage": 75,
	"DFAToHitModifier": 0,
	"DFASelfDamage": 75,
	"DFAInstability": 35,
	"Locations": [
		{
			"Location": "Head",
			"Hardpoints": [],
			"Tonnage": 0,
			"InventorySlots": 6,
			"MaxArmor": 45,
			"MaxRearArmor": -1,
			"InternalStructure": 16
		},
		{
			"Location": "LeftArm",
			"Hardpoints": [
				{
					"WeaponMount": "Energy",
					"Omni": false
				},
				{
					"WeaponMount": "AntiPersonnel",
					"Omni": false
				}
			],
			"Tonnage": 0,
			"InventorySlots": 12,
			"MaxArmor": 110,
			"MaxRearArmor": -1,
			"InternalStructure": 55
		},
		{
			"Location": "LeftTorso",
			"Hardpoints": [
				{
					"WeaponMount": "Energy",
					"Omni": false
				},
				{
					"WeaponMount": "Ballistic",
					"Omni": false
				},
				{
					"WeaponMount": "AntiPersonnel",
					"Omni": false
				}
			],
			"Tonnage": 0,
			"InventorySlots": 12,
			"MaxArmor": 150,
			"MaxRearArmor": 75,
			"InternalStructure": 75
		},
		{
			"Location": "CenterTorso",
			"Hardpoints": [],
			"Tonnage": 0,
			"InventorySlots": 15,
			"MaxArmor": 220,
			"MaxRearArmor": 110,
			"InternalStructure": 110
		},
		{
			"Location": "RightTorso",
			"Hardpoints": [
				{
					"WeaponMount": "Missile",
					"Omni": false
				},
				{
					"WeaponMount": "Ballistic",
					"Omni": false
				},
				{
					"WeaponMount": "AntiPersonnel",
					"Omni": false
				},
				{
					"WeaponMount": "Energy",
					"Omni": false
				}
			],
			"Tonnage": 0,
			"InventorySlots": 12,
			"MaxArmor": 150,
			"MaxRearArmor": 75,
			"InternalStructure": 75
		},
		{
			"Location": "RightArm",
			"Hardpoints": [
				{
					"WeaponMount": "Energy",
					"Omni": false
				},
				{
					"WeaponMount": "AntiPersonnel",
					"Omni": false
				}
			],
			"Tonnage": 0,
			"InventorySlots": 12,
			"MaxArmor": 110,
			"MaxRearArmor": -1,
			"InternalStructure": 55
		},
		{
			"Location": "LeftLeg",
			"Hardpoints": [],
			"Tonnage": 0,
			"InventorySlots": 6,
			"MaxArmor": 150,
			"MaxRearArmor": -1,
			"InternalStructure": 75
		},
		{
			"Location": "RightLeg",
			"Hardpoints": [],
			"Tonnage": 0,
			"InventorySlots": 6,
			"MaxArmor": 150,
			"MaxRearArmor": -1,
			"InternalStructure": 75
		}
	],
	"LOSSourcePositions": [
		{
			"x": 0,
			"y": 15,
			"z": 1
		},
		{
			"x": 4,
			"y": 14,
			"z": 0
		},
		{
			"x": -4,
			"y": 14,
			"z": 0
		}
	],
	"LOSTargetPositions": [
		{
			"x": 0,
			"y": 15,
			"z": 1
		},
		{
			"x": 4,
			"y": 14,
			"z": 0
		},
		{
			"x": -4,
			"y": 14,
			"z": 0
		},
		{
			"x": 2.5,
			"y": 5,
			"z": 1
		},
		{
			"x": -2.5,
			"y": 5,
			"z": 1
		}
	],
	"VariantName": "WHM-5S",
	"ChassisTags": {
		"items": [],
		"tagSetSourceFile": ""
	},
	"StockRole": "Brawler & Close Assault",
	"YangsThoughts": "Designed as a combat engineering mech, the Warhammer WHM-5S was created to control and direct the flow of combat on Sanctuary battlefields. Armed with a pair of Directed X-Ray Cannons for primary firepower and backed up by a Large Lance and an APM-4, the -5S is more than capable of controlling the field. In an odd twist, it uses a Dense Engine for speed and survivability, ensuring that the -5S is the last man standing in difficult battles.",
	"FixedEquipment": [
		{
			"MountedLocation": "CenterTorso",
			"ComponentDefID": "Gear_Quirk_Rugged_Warhammer",
			"SimGameUID": "",
			"ComponentDefType": "Upgrade",
			"HardpointSlot": -1,
			"GUID": null,
			"DamageLevel": "Functional",
			"prefabName": null,
			"hasPrefabName": false
		},
		{
			"MountedLocation": "CenterTorso",
			"ComponentDefID": "emod_structureslots_sanctuaryendosteel",
			"SimGameUID": "",
			"ComponentDefType": "Upgrade",
			"HardpointSlot": -1,
			"GUID": null,
			"DamageLevel": "Functional",
			"prefabName": "",
			"hasPrefabName": false
		},
		{
			"MountedLocation": "Head",
			"ComponentDefID": "Gear_Cockpit_Sanctuary_Drone",
			"SimGameUID": "",
			"ComponentDefType": "Upgrade",
			"HardpointSlot": 0,
			"GUID": null,
			"DamageLevel": "Functional",
			"prefabName": null,
			"hasPrefabName": false
		}
	],
	"CustomParts": {
		"CustomParts": []
	}
}