{
	"Description": {
		"Cost": 4100000,
		"Rarity": 1,
		"Purchasable": true,
		"Manufacturer": "",
		"Model": "",
		"UIName": "Hunchback II",
		"Id": "chassisdef_hunchbackii_HBK-2-5G",
		"Name": "Hunchback II",
		"Details": "Brand new at the time of the Sanctuary Worlder's exodus from the Inner Sphere, the Hunchback had yet to be proven in combat when they left. Still, it accompanied them on their journey, where it quickly proved a powerful and enduring member of their armies. The Hunchback II, as it came to be called, mounts a gargantuan Scattergun/20, capable of shredding any target in seconds. A pair of Medium Electro-Lasers and a Small Electro-Laser back it up. 3 tons of SHIELD-protected ammo keep the guns firing while 10 DHS and thick armor keep the mech functional and a 250-rated engine keep the 'Mech moving towards its prey.",
		"Icon": "uixTxrIcon_hunchback"
	},
	"MovementCapDefID": "movedef_hunchback_HBK-4G",
	"PathingCapDefID": "pathingdef_medium",
	"HardpointDataDefID": "hardpointdatadef_hunchie",
	"PrefabIdentifier": "chrprfmech_hunchiebase-001",
	"PrefabBase": "hunchie",
	"Tonnage": 50,
	"InitialTonnage": 5,
	"weightClass": "MEDIUM",
	"BattleValue": 4048000,
	"Heatsinks": 0,
	"TopSpeed": 65,
	"TurnRadius": 90,
	"MaxJumpjets": 30,
	"Stability": 130,
	"StabilityDefenses": [
		0,
		0,
		0,
		0,
		0,
		0
	],
	"SpotterDistanceMultiplier": 1,
	"VisibilityMultiplier": 1,
	"SensorRangeMultiplier": 1,
	"Signature": 0,
	"Radius": 5,
	"PunchesWithLeftArm": false,
	"MeleeDamage": 60,
	"MeleeInstability": 30,
	"MeleeToHitModifier": 0,
	"DFADamage": 60,
	"DFAToHitModifier": 0,
	"DFASelfDamage": 60,
	"DFAInstability": 30,
	"Locations": [
		{
			"Location": "Head",
			"Hardpoints": [
				{
					"WeaponMount": "AntiPersonnel",
					"Omni": false
				}
			],
			"Tonnage": 0,
			"InventorySlots": 6,
			"MaxArmor": 45,
			"MaxRearArmor": -1,
			"InternalStructure": 16
		},
		{
			"Location": "LeftArm",
			"Hardpoints": [
				{
					"WeaponMount": "Energy",
					"Omni": false
				}
			],
			"Tonnage": 0,
			"InventorySlots": 12,
			"MaxArmor": 80,
			"MaxRearArmor": -1,
			"InternalStructure": 40
		},
		{
			"Location": "LeftTorso",
			"Hardpoints": [],
			"Tonnage": 0,
			"InventorySlots": 12,
			"MaxArmor": 120,
			"MaxRearArmor": 60,
			"InternalStructure": 60
		},
		{
			"Location": "CenterTorso",
			"Hardpoints": [],
			"Tonnage": 0,
			"InventorySlots": 15,
			"MaxArmor": 160,
			"MaxRearArmor": 80,
			"InternalStructure": 80
		},
		{
			"Location": "RightTorso",
			"Hardpoints": [
				{
					"WeaponMount": "Ballistic",
					"Omni": false
				},
				{
					"WeaponMount": "Ballistic",
					"Omni": false
				},
				{
					"WeaponMount": "Ballistic",
					"Omni": false
				}
			],
			"Tonnage": 0,
			"InventorySlots": 12,
			"MaxArmor": 120,
			"MaxRearArmor": 60,
			"InternalStructure": 60
		},
		{
			"Location": "RightArm",
			"Hardpoints": [
				{
					"WeaponMount": "Energy",
					"Omni": false
				}
			],
			"Tonnage": 0,
			"InventorySlots": 12,
			"MaxArmor": 80,
			"MaxRearArmor": -1,
			"InternalStructure": 40
		},
		{
			"Location": "LeftLeg",
			"Hardpoints": [],
			"Tonnage": 0,
			"InventorySlots": 6,
			"MaxArmor": 120,
			"MaxRearArmor": -1,
			"InternalStructure": 60
		},
		{
			"Location": "RightLeg",
			"Hardpoints": [],
			"Tonnage": 0,
			"InventorySlots": 6,
			"MaxArmor": 120,
			"MaxRearArmor": -1,
			"InternalStructure": 60
		}
	],
	"LOSSourcePositions": [
		{
			"x": 0,
			"y": 12.5,
			"z": 1
		},
		{
			"x": 3,
			"y": 13,
			"z": 0
		},
		{
			"x": -3,
			"y": 13,
			"z": 0
		}
	],
	"LOSTargetPositions": [
		{
			"x": 0,
			"y": 12.5,
			"z": 1
		},
		{
			"x": 3,
			"y": 13,
			"z": 0
		},
		{
			"x": -3,
			"y": 13,
			"z": 0
		},
		{
			"x": 2.5,
			"y": 4.5,
			"z": 2
		},
		{
			"x": -2.5,
			"y": 4.5,
			"z": 2
		}
	],
	"FixedEquipment": [
		{
			"MountedLocation": "LeftArm",
			"ComponentDefID": "Gear_Quirk_Battlefists_HunchbackII",
			"SimGameUID": "",
			"ComponentDefType": "Upgrade",
			"HardpointSlot": -1,
			"GUID": null,
			"DamageLevel": "Functional",
			"prefabName": null,
			"hasPrefabName": false
		},
		{
			"MountedLocation": "RightArm",
			"ComponentDefID": "Gear_Quirk_Battlefists_HunchbackII",
			"SimGameUID": "",
			"ComponentDefType": "Upgrade",
			"HardpointSlot": -1,
			"GUID": null,
			"DamageLevel": "Functional",
			"prefabName": null,
			"hasPrefabName": false
		},
		{
			"MountedLocation": "CenterTorso",
			"ComponentDefID": "emod_structureslots_sanctuaryendosteel",
			"ComponentDefType": "Upgrade",
			"HardpointSlot": -1,
			"DamageLevel": "Functional",
			"prefabName": "",
			"hasPrefabName": true
		},
		{
			"MountedLocation": "Head",
			"ComponentDefID": "Gear_Cockpit_Sanctuary_Drone",
			"SimGameUID": "",
			"ComponentDefType": "Upgrade",
			"HardpointSlot": 0,
			"GUID": null,
			"DamageLevel": "Functional",
			"prefabName": null,
			"hasPrefabName": false
		}
	],
	"VariantName": "HBK-2-5G",
	"ChassisTags": {
		"items": [],
		"tagSetSourceFile": ""
	},
	"StockRole": "Next-Generation Juggernaut",
	"YangsThoughts": "Brand new at the time of the Sanctuary Worlder's exodus from the Inner Sphere, the Hunchback had yet to be proven in combat when they left. Still, it accompanied them on their journey, where it quickly proved a powerful and enduring member of their armies. The Hunchback II, as it came to be called, mounts a gargantuan Scattergun/20, capable of shredding any target in seconds. A pair of Medium Electro-Lasers and a Small Electro-Laser back it up. 3 tons of SHIELD-protected ammo keep the guns firing while 10 DHS and thick armor keep the mech functional and a 250-rated engine keep the 'Mech moving towards its prey.",
	"CustomParts": {
		"CustomParts": []
	}
}