{
	"Custom": {
		"ArmActuatorSupport": {
			"LeftLimit": "Lower",
			"RightLimit": "Lower"
		}
	},
	"Description": {
		"Cost": 5200000,
		"Rarity": 2,
		"Purchasable": true,
		"Manufacturer": "",
		"Model": "",
		"UIName": "Dervish",
		"Id": "chassisdef_dervish_DV-10V",
		"Name": "Dervish",
		"Details": "A truly classic Hegemony design, the Dervish has a long and proud service history in the Sanctuary Worlds armies, serving as the archtypical support trooper mech. The Dervish DV-10V takes the fire support mandate of the mech to an extreme, mounting exclusively VRMs, a pair each of VRM-12s and VRM-6s. With three tons of SHIELD protected ammunition, the Dervish doesn't stay in the fight long but it wins it from range fairly reliably. The -10V was an unpopular variant due to the lack of backup weapons or jump jets and was quickly shuffled off to local militias.",
		"Icon": "uixTxrIcon_dervish"
	},
	"MovementCapDefID": "movedef_dervish",
	"PathingCapDefID": "pathingdef_medium",
	"HardpointDataDefID": "hardpointdatadef_dervish",
	"PrefabIdentifier": "chrprfmech_dervishbase-001",
	"PrefabBase": "dervish",
	"Tonnage": 55,
	"InitialTonnage": 5.5,
	"weightClass": "MEDIUM",
	"BattleValue": 5897000,
	"Heatsinks": 0,
	"TopSpeed": 150,
	"TurnRadius": 90,
	"MaxJumpjets": 30,
	"Stability": 130,
	"StabilityDefenses": [
		0,
		0,
		0,
		0,
		0,
		0
	],
	"SpotterDistanceMultiplier": 1,
	"VisibilityMultiplier": 1,
	"SensorRangeMultiplier": 1,
	"Signature": 0,
	"Radius": 5,
	"PunchesWithLeftArm": false,
	"MeleeDamage": 60,
	"MeleeInstability": 30,
	"MeleeToHitModifier": 0,
	"DFADamage": 60,
	"DFAToHitModifier": 0,
	"DFASelfDamage": 60,
	"DFAInstability": 30,
	"Locations": [
		{
			"Location": "Head",
			"Hardpoints": [],
			"Tonnage": 0,
			"InventorySlots": 6,
			"MaxArmor": 45,
			"MaxRearArmor": -1,
			"InternalStructure": 16
		},
		{
			"Location": "LeftArm",
			"Hardpoints": [
				{
					"WeaponMount": "Energy",
					"Omni": false
				},
				{
					"WeaponMount": "Missile",
					"Omni": false
				},
				{
					"WeaponMount": "AntiPersonnel",
					"Omni": false
				}
			],
			"Tonnage": 0,
			"InventorySlots": 12,
			"MaxArmor": 90,
			"MaxRearArmor": -1,
			"InternalStructure": 45
		},
		{
			"Location": "LeftTorso",
			"Hardpoints": [
				{
					"WeaponMount": "Missile",
					"Omni": false
				},
				{
					"WeaponMount": "Missile",
					"Omni": false
				}
			],
			"Tonnage": 0,
			"InventorySlots": 12,
			"MaxArmor": 130,
			"MaxRearArmor": 65,
			"InternalStructure": 65
		},
		{
			"Location": "CenterTorso",
			"Hardpoints": [],
			"Tonnage": 0,
			"InventorySlots": 15,
			"MaxArmor": 180,
			"MaxRearArmor": 90,
			"InternalStructure": 90
		},
		{
			"Location": "RightTorso",
			"Hardpoints": [
				{
					"WeaponMount": "Missile",
					"Omni": false
				},
				{
					"WeaponMount": "Missile",
					"Omni": false
				}
			],
			"Tonnage": 0,
			"InventorySlots": 12,
			"MaxArmor": 130,
			"MaxRearArmor": 65,
			"InternalStructure": 65
		},
		{
			"Location": "RightArm",
			"Hardpoints": [
				{
					"WeaponMount": "Energy",
					"Omni": false
				},
				{
					"WeaponMount": "Missile",
					"Omni": false
				},
				{
					"WeaponMount": "AntiPersonnel",
					"Omni": false
				}
			],
			"Tonnage": 0,
			"InventorySlots": 12,
			"MaxArmor": 90,
			"MaxRearArmor": -1,
			"InternalStructure": 45
		},
		{
			"Location": "LeftLeg",
			"Hardpoints": [],
			"Tonnage": 0,
			"InventorySlots": 6,
			"MaxArmor": 130,
			"MaxRearArmor": -1,
			"InternalStructure": 65
		},
		{
			"Location": "RightLeg",
			"Hardpoints": [],
			"Tonnage": 0,
			"InventorySlots": 6,
			"MaxArmor": 130,
			"MaxRearArmor": -1,
			"InternalStructure": 65
		}
	],
	"LOSSourcePositions": [
		{
			"x": 0,
			"y": 14,
			"z": 0
		},
		{
			"x": 3.5,
			"y": 13,
			"z": 0
		},
		{
			"x": -3.5,
			"y": 13,
			"z": 0
		}
	],
	"LOSTargetPositions": [
		{
			"x": 0,
			"y": 14,
			"z": 0
		},
		{
			"x": 3.5,
			"y": 13,
			"z": 0
		},
		{
			"x": -3.5,
			"y": 13,
			"z": 0
		},
		{
			"x": 2.5,
			"y": 5,
			"z": 0
		},
		{
			"x": -2.5,
			"y": 5,
			"z": 0
		}
	],
	"VariantName": "DV-10V",
	"ChassisTags": {
		"items": [
			"OmniMech"
		],
		"tagSetSourceFile": ""
	},
	"StockRole": "Skirmisher",
	"YangsThoughts": "A truly classic Hegemony design, the Dervish has a long and proud service history in the Sanctuary Worlds armies, serving as the archtypical support trooper mech. The Dervish DV-10V takes the fire support mandate of the mech to an extreme, mounting exclusively VRMs, a pair each of VRM-12s and VRM-6s. With three tons of SHIELD protected ammunition, the Dervish doesn't stay in the fight long but it wins it from range fairly reliably. The -10V was an unpopular variant due to the lack of backup weapons or jump jets and was quickly shuffled off to local militias.",
	"FixedEquipment": [
		{
			"MountedLocation": "CenterTorso",
			"ComponentDefID": "Gear_Quirk_EasytoMaintain_Dervish",
			"SimGameUID": "",
			"ComponentDefType": "Upgrade",
			"HardpointSlot": -1,
			"GUID": null,
			"DamageLevel": "Functional",
			"prefabName": null,
			"hasPrefabName": false
		},
		{
			"MountedLocation": "CenterTorso",
			"ComponentDefID": "emod_structureslots_sanctuaryendosteel",
			"SimGameUID": "",
			"ComponentDefType": "Upgrade",
			"HardpointSlot": -1,
			"GUID": null,
			"DamageLevel": "Functional",
			"prefabName": "",
			"hasPrefabName": false
		},
		{
			"MountedLocation": "Head",
			"ComponentDefID": "Gear_Cockpit_Sanctuary_Drone",
			"SimGameUID": "",
			"ComponentDefType": "Upgrade",
			"HardpointSlot": 0,
			"GUID": null,
			"DamageLevel": "Functional",
			"prefabName": null,
			"hasPrefabName": false
		}
	],
	"CustomParts": {
		"CustomParts": []
	}
}