{
	"Custom": {
		"ArmActuatorSupport": {
			"RightLimit": "Upper"
		}
	},
	"Description": {
		"Cost": 8100000,
		"Rarity": 4,
		"Purchasable": true,
		"Manufacturer": "",
		"Model": "",
		"UIName": "Victor",
		"Id": "chassisdef_victor_VTR-10N",
		"Name": "Victor",
		"Details": "The Victor was an old staple of the Terran Hegemony and later the Star League and accompanied the Sanctuary Worlds on their sojurn out of the Inner Sphere. Eventually, they would develop new standards for the mech, including the -10N. Armed with the traditional gigantic autocannon in a Scattergun/20, the -10N breaks tradition by pairing the SG/20 with a Neutrino Projector Cannon. A lonely DRM-6 covers short range while a Sanctuary AMS keeps missiles under control. Mk. 4 Modular Plating keeps the arms well protected while a brace of DHS and Heat Negators provide heat management. Finally, Endo-Carbide structure makes the -10N the most durable Victor ever created.",
		"Icon": "uixTxrIcon_victor"
	},
	"MovementCapDefID": "movedef_victor_VTR-9B",
	"PathingCapDefID": "pathingdef_assault",
	"HardpointDataDefID": "hardpointdatadef_victor",
	"PrefabIdentifier": "chrPrfMech_victorBase-001",
	"PrefabBase": "victor",
	"Tonnage": 80,
	"InitialTonnage": 8,
	"weightClass": "ASSAULT",
	"BattleValue": 8924000,
	"Heatsinks": 0,
	"TopSpeed": 120,
	"TurnRadius": 90,
	"MaxJumpjets": 30,
	"Stability": 200,
	"StabilityDefenses": [
		0,
		0,
		0,
		0,
		0,
		0
	],
	"SpotterDistanceMultiplier": 1,
	"VisibilityMultiplier": 1,
	"SensorRangeMultiplier": 1,
	"Signature": 0,
	"Radius": 8,
	"PunchesWithLeftArm": true,
	"MeleeDamage": 85,
	"MeleeInstability": 40,
	"MeleeToHitModifier": 0,
	"DFADamage": 85,
	"DFAToHitModifier": 0,
	"DFASelfDamage": 85,
	"DFAInstability": 40,
	"Locations": [
		{
			"Location": "Head",
			"Hardpoints": [],
			"Tonnage": 0,
			"InventorySlots": 6,
			"MaxArmor": 45,
			"MaxRearArmor": -1,
			"InternalStructure": 16
		},
		{
			"Location": "LeftArm",
			"Hardpoints": [
				{
					"WeaponMount": "Energy",
					"Omni": false
				},
				{
					"WeaponMount": "Energy",
					"Omni": false
				},
				{
					"WeaponMount": "AntiPersonnel",
					"Omni": false
				}
			],
			"Tonnage": 0,
			"InventorySlots": 12,
			"MaxArmor": 130,
			"MaxRearArmor": -1,
			"InternalStructure": 65
		},
		{
			"Location": "LeftTorso",
			"Hardpoints": [
				{
					"WeaponMount": "Missile",
					"Omni": false
				},
				{
					"WeaponMount": "Missile",
					"Omni": false
				}
			],
			"Tonnage": 0,
			"InventorySlots": 12,
			"MaxArmor": 170,
			"MaxRearArmor": 85,
			"InternalStructure": 85
		},
		{
			"Location": "CenterTorso",
			"Hardpoints": [],
			"Tonnage": 0,
			"InventorySlots": 15,
			"MaxArmor": 250,
			"MaxRearArmor": 125,
			"InternalStructure": 125
		},
		{
			"Location": "RightTorso",
			"Hardpoints": [],
			"Tonnage": 0,
			"InventorySlots": 12,
			"MaxArmor": 170,
			"MaxRearArmor": 85,
			"InternalStructure": 85
		},
		{
			"Location": "RightArm",
			"Hardpoints": [
				{
					"WeaponMount": "Ballistic",
					"Omni": false
				},
				{
					"WeaponMount": "Ballistic",
					"Omni": false
				},
				{
					"WeaponMount": "Ballistic",
					"Omni": false
				}
			],
			"Tonnage": 0,
			"InventorySlots": 12,
			"MaxArmor": 130,
			"MaxRearArmor": -1,
			"InternalStructure": 65
		},
		{
			"Location": "LeftLeg",
			"Hardpoints": [],
			"Tonnage": 0,
			"InventorySlots": 6,
			"MaxArmor": 170,
			"MaxRearArmor": -1,
			"InternalStructure": 85
		},
		{
			"Location": "RightLeg",
			"Hardpoints": [],
			"Tonnage": 0,
			"InventorySlots": 6,
			"MaxArmor": 170,
			"MaxRearArmor": -1,
			"InternalStructure": 85
		}
	],
	"LOSSourcePositions": [
		{
			"x": 0,
			"y": 17,
			"z": 0
		},
		{
			"x": 5,
			"y": 16,
			"z": -1
		},
		{
			"x": -5,
			"y": 16,
			"z": -1
		}
	],
	"LOSTargetPositions": [
		{
			"x": 0,
			"y": 17,
			"z": 0
		},
		{
			"x": 5,
			"y": 16,
			"z": -1
		},
		{
			"x": -5,
			"y": 16,
			"z": -1
		},
		{
			"x": 3.5,
			"y": 5.5,
			"z": 1
		},
		{
			"x": -3.5,
			"y": 5.5,
			"z": 1
		}
	],
	"VariantName": "VTR-10N",
	"ChassisTags": {
		"items": [],
		"tagSetSourceFile": ""
	},
	"StockRole": "Heavy Cavalry",
	"YangsThoughts": "The Victor was an old staple of the Terran Hegemony and later the Star League and accompanied the Sanctuary Worlds on their sojurn out of the Inner Sphere. Eventually, they would develop new standards for the mech, including the -10N. Armed with the traditional gigantic autocannon in a Scattergun/20, the -10N breaks tradition by pairing the SG/20 with a Neutrino Projector Cannon. A lonely DRM-6 covers short range while a Sanctuary AMS keeps missiles under control. Mk. 4 Modular Plating keeps the arms well protected while a brace of DHS and Heat Negators provide heat management. Finally, Endo-Carbide structure makes the -10N the most durable Victor ever created.",
	"FixedEquipment": [
		{
			"MountedLocation": "CenterTorso",
			"ComponentDefID": "Gear_Quirk_Rugged_Victor",
			"SimGameUID": "",
			"ComponentDefType": "Upgrade",
			"HardpointSlot": -1,
			"GUID": null,
			"DamageLevel": "Functional",
			"prefabName": null,
			"hasPrefabName": false
		},
		{
			"MountedLocation": "CenterTorso",
			"ComponentDefID": "emod_structureslots_sanctuaryendocarbide",
			"ComponentDefType": "Upgrade",
			"HardpointSlot": -1,
			"DamageLevel": "Functional",
			"prefabName": "",
			"hasPrefabName": true
		},
		{
			"MountedLocation": "LeftArm",
			"ComponentDefID": "emod_sanctuaryendocarbide_linked",
			"ComponentDefType": "Upgrade",
			"HardpointSlot": -1,
			"DamageLevel": "Functional",
			"prefabName": "",
			"hasPrefabName": true
		},
		{
			"MountedLocation": "LeftTorso",
			"ComponentDefID": "emod_sanctuaryendocarbide_linked",
			"ComponentDefType": "Upgrade",
			"HardpointSlot": -1,
			"DamageLevel": "Functional",
			"prefabName": "",
			"hasPrefabName": true
		},
		{
			"MountedLocation": "RightTorso",
			"ComponentDefID": "emod_sanctuaryendocarbide_linked",
			"ComponentDefType": "Upgrade",
			"HardpointSlot": -1,
			"DamageLevel": "Functional",
			"prefabName": "",
			"hasPrefabName": true
		},
		{
			"MountedLocation": "RightArm",
			"ComponentDefID": "emod_sanctuaryendocarbide_linked",
			"ComponentDefType": "Upgrade",
			"HardpointSlot": -1,
			"DamageLevel": "Functional",
			"prefabName": "",
			"hasPrefabName": true
		},
		{
			"MountedLocation": "Head",
			"ComponentDefID": "emod_sanctuaryendocarbide_linked",
			"ComponentDefType": "Upgrade",
			"HardpointSlot": -1,
			"DamageLevel": "Functional",
			"prefabName": "",
			"hasPrefabName": true
		},
		{
			"MountedLocation": "LeftLeg",
			"ComponentDefID": "emod_sanctuaryendocarbide_linked",
			"ComponentDefType": "Upgrade",
			"HardpointSlot": -1,
			"DamageLevel": "Functional",
			"prefabName": "",
			"hasPrefabName": true
		},
		{
			"MountedLocation": "RightLeg",
			"ComponentDefID": "emod_sanctuaryendocarbide_linked",
			"ComponentDefType": "Upgrade",
			"HardpointSlot": -1,
			"DamageLevel": "Functional",
			"prefabName": "",
			"hasPrefabName": true
		},
		{
			"MountedLocation": "Head",
			"ComponentDefID": "Gear_Cockpit_Sanctuary_Drone",
			"SimGameUID": "",
			"ComponentDefType": "Upgrade",
			"HardpointSlot": 0,
			"GUID": null,
			"DamageLevel": "Functional",
			"prefabName": null,
			"hasPrefabName": false
		}
	],
	"CustomParts": {
		"CustomParts": []
	}
}