{
	"Custom": {
		"ArmActuatorSupport": {
			"LeftLimit": "Lower",
			"RightLimit": "Lower"
		}
	},
	"Description": {
		"Cost": 4648000,
		"Rarity": 2,
		"Purchasable": true,
		"Manufacturer": "",
		"Model": "",
		"UIName": "Leaper",
		"Id": "chassisdef_leaper_LPR-4K",
		"Name": "Leaper",
		"Details": "One of the mechs designed to use the new Sanctuary Worlds BattleMech Wing system, the Leaper does as the name implies: it leaps into battle and surprises foes with its great range. Powered by a 300-rated XL engine and equipped with 6 jump jets (and the aforementioned wing system), the Leaper has excellent maneuverability. The -4K is armed with two each DXRs and APM-4s, for maximum tactical flexibility. 11 DHS do a fine job keeping the guns cold while 9.5 tons of armor do an adequate job of defense.",
		"Icon": "uixTxrIcon_leaper"
	},
	"MovementCapDefID": "movedef_centurion_CN9-A",
	"PathingCapDefID": "pathingdef_medium",
	"HardpointDataDefID": "hardpointdatadef_jadephoenix",
	"PrefabIdentifier": "chrprfmech_jadephoenixbase-001",
	"PrefabBase": "jadephoenix",
	"Tonnage": 50,
	"InitialTonnage": 5,
	"weightClass": "MEDIUM",
	"BattleValue": 4124000,
	"Heatsinks": 0,
	"TopSpeed": 65,
	"TurnRadius": 90,
	"MaxJumpjets": 30,
	"Stability": 130,
	"StabilityDefenses": [
		0,
		0,
		0,
		0,
		0,
		0
	],
	"SpotterDistanceMultiplier": 1,
	"VisibilityMultiplier": 1,
	"SensorRangeMultiplier": 1,
	"Signature": 0,
	"Radius": 5,
	"PunchesWithLeftArm": true,
	"MeleeDamage": 55,
	"MeleeInstability": 25,
	"MeleeToHitModifier": 0,
	"DFADamage": 55,
	"DFAToHitModifier": 0,
	"DFASelfDamage": 55,
	"DFAInstability": 25,
	"Locations": [
		{
			"Location": "Head",
			"Hardpoints": [],
			"Tonnage": 0,
			"InventorySlots": 6,
			"MaxArmor": 45,
			"MaxRearArmor": -1,
			"InternalStructure": 16
		},
		{
			"Location": "LeftArm",
			"Hardpoints": [
				{
					"WeaponMount": "Missile",
					"Omni": false
				},
				{
					"WeaponMount": "Energy",
					"Omni": false
				},
				{
					"WeaponMount": "Energy",
					"Omni": false
				},
				{
					"WeaponMount": "AntiPersonnel",
					"Omni": false
				}
			],
			"Tonnage": 0,
			"InventorySlots": 12,
			"MaxArmor": 80,
			"MaxRearArmor": -1,
			"InternalStructure": 40
		},
		{
			"Location": "LeftTorso",
			"Hardpoints": [],
			"Tonnage": 0,
			"InventorySlots": 12,
			"MaxArmor": 120,
			"MaxRearArmor": 60,
			"InternalStructure": 60
		},
		{
			"Location": "CenterTorso",
			"Hardpoints": [],
			"Tonnage": 0,
			"InventorySlots": 16,
			"MaxArmor": 160,
			"MaxRearArmor": 80,
			"InternalStructure": 80
		},
		{
			"Location": "RightTorso",
			"Hardpoints": [],
			"Tonnage": 0,
			"InventorySlots": 12,
			"MaxArmor": 120,
			"MaxRearArmor": 60,
			"InternalStructure": 60
		},
		{
			"Location": "RightArm",
			"Hardpoints": [
				{
					"WeaponMount": "Missile",
					"Omni": false
				},
				{
					"WeaponMount": "Energy",
					"Omni": false
				},
				{
					"WeaponMount": "Energy",
					"Omni": false
				},
				{
					"WeaponMount": "AntiPersonnel",
					"Omni": false
				}
			],
			"Tonnage": 0,
			"InventorySlots": 12,
			"MaxArmor": 80,
			"MaxRearArmor": -1,
			"InternalStructure": 40
		},
		{
			"Location": "LeftLeg",
			"Hardpoints": [],
			"Tonnage": 0,
			"InventorySlots": 6,
			"MaxArmor": 120,
			"MaxRearArmor": -1,
			"InternalStructure": 60
		},
		{
			"Location": "RightLeg",
			"Hardpoints": [],
			"Tonnage": 0,
			"InventorySlots": 6,
			"MaxArmor": 120,
			"MaxRearArmor": -1,
			"InternalStructure": 60
		}
	],
	"LOSSourcePositions": [
		{
			"x": 0,
			"y": 14,
			"z": 1
		},
		{
			"x": 4,
			"y": 13,
			"z": 0
		},
		{
			"x": -4,
			"y": 13,
			"z": 0
		}
	],
	"LOSTargetPositions": [
		{
			"x": 0,
			"y": 14,
			"z": 1
		},
		{
			"x": 4,
			"y": 13,
			"z": 0
		},
		{
			"x": -4,
			"y": 13,
			"z": 0
		},
		{
			"x": 3,
			"y": 5,
			"z": 2
		},
		{
			"x": -3,
			"y": 5,
			"z": 2
		}
	],
	"VariantName": "LPR-4K",
	"ChassisTags": {
		"items": [],
		"tagSetSourceFile": ""
	},
	"StockRole": "High Maneuverability Flanker",
	"YangsThoughts": "One of the mechs designed to use the new Sanctuary Worlds BattleMech Wing system, the Leaper does as the name implies: it leaps into battle and surprises foes with its great range. Powered by a 300-rated XL engine and equipped with 6 jump jets (and the aforementioned wing system), the Leaper has excellent maneuverability. The -4K is armed with two each DXRs and APM-4s, for maximum tactical flexibility. 11 DHS do a fine job keeping the guns cold while 9.5 tons of armor do an adequate job of defense.",
	"FixedEquipment": [
		{
			"MountedLocation": "CenterTorso",
			"ComponentDefID": "Gear_Sanctuary_Mech_Wing_Medium",
			"SimGameUID": "",
			"ComponentDefType": "Upgrade",
			"HardpointSlot": -1,
			"GUID": null,
			"DamageLevel": "Functional",
			"prefabName": null,
			"hasPrefabName": false
		},
		{
			"MountedLocation": "LeftTorso",
			"ComponentDefID": "emod_battlemechwing_linked",
			"SimGameUID": "",
			"ComponentDefType": "Upgrade",
			"HardpointSlot": -1,
			"GUID": null,
			"DamageLevel": "Functional",
			"prefabName": null,
			"hasPrefabName": false
		},
		{
			"MountedLocation": "RightTorso",
			"ComponentDefID": "emod_battlemechwing_linked",
			"SimGameUID": "",
			"ComponentDefType": "Upgrade",
			"HardpointSlot": -1,
			"GUID": null,
			"DamageLevel": "Functional",
			"prefabName": null,
			"hasPrefabName": false
		},
		{
			"MountedLocation": "CenterTorso",
			"ComponentDefID": "emod_structureslots_sanctuaryendosteel",
			"SimGameUID": "",
			"ComponentDefType": "Upgrade",
			"HardpointSlot": -1,
			"GUID": null,
			"DamageLevel": "Functional",
			"prefabName": "",
			"hasPrefabName": false
		},
		{
			"MountedLocation": "Head",
			"ComponentDefID": "Gear_Cockpit_Sanctuary_Drone",
			"SimGameUID": "",
			"ComponentDefType": "Upgrade",
			"HardpointSlot": 0,
			"GUID": null,
			"DamageLevel": "Functional",
			"prefabName": null,
			"hasPrefabName": false
		}
	],
	"CustomParts": {
		"CustomParts": []
	}
}