{
	"Custom": {
		"ArmActuatorSupport": {
			"LeftLimit": "Hand",
			"RightLimit": "Hand"
		}
	},
	"Description": {
		"Cost": 5000000,
		"Rarity": 1,
		"Purchasable": true,
		"Manufacturer": "",
		"Model": "",
		"UIName": "Wolverine",
		"Id": "chassisdef_wolverine_WVR-4S",
		"Name": "Wolverine",
		"Details": "One of the many early BattleMechs to come to the Sanctuary Worlds, the Wolverine proved its worth during their long isolation. The WVR-4S is one of the many Wolverine variants introduced by the Sanctuary Worlds and focuses on longer-ranged combat than most other mechs. Armed with a pair of Scattergun/5s and a VRM-6, the -4S has the range to take down anything. Up close it has a Twin-Linked Laser for defense. Interestingly, the Scatterguns are protected by Modular Plating Mk. 4 and all the ammo is SHIELDed. Finally, to cap it off, it carries a Sanctuary Supercharger for bursts of speed. An XL Engine, Endo-Steel, and Ferro-Fibrous provide the necessary tonnage.",
		"Icon": "uixTxrIcon_wolverine"
	},
	"MovementCapDefID": "movedef_wolverine_WVR-6R",
	"PathingCapDefID": "pathingdef_medium",
	"HardpointDataDefID": "hardpointdatadef_wolverine",
	"PrefabIdentifier": "chrPrfMech_wolverineBase-001",
	"PrefabBase": "wolverine",
	"Tonnage": 55,
	"InitialTonnage": 5.5,
	"weightClass": "MEDIUM",
	"BattleValue": 5897000,
	"Heatsinks": 0,
	"TopSpeed": 150,
	"TurnRadius": 90,
	"MaxJumpjets": 30,
	"Stability": 130,
	"StabilityDefenses": [
		0,
		0,
		0,
		0,
		0,
		0
	],
	"SpotterDistanceMultiplier": 1,
	"VisibilityMultiplier": 1,
	"SensorRangeMultiplier": 1,
	"Signature": 0,
	"Radius": 5,
	"PunchesWithLeftArm": false,
	"MeleeDamage": 65,
	"MeleeInstability": 30,
	"MeleeToHitModifier": 0,
	"DFADamage": 65,
	"DFAToHitModifier": 0,
	"DFASelfDamage": 65,
	"DFAInstability": 30,
	"Locations": [
		{
			"Location": "Head",
			"Hardpoints": [
				{
					"WeaponMount": "Energy",
					"Omni": false
				},
				{
					"WeaponMount": "AntiPersonnel",
					"Omni": false
				}
			],
			"Tonnage": 0,
			"InventorySlots": 6,
			"MaxArmor": 45,
			"MaxRearArmor": -1,
			"InternalStructure": 16
		},
		{
			"Location": "LeftArm",
			"Hardpoints": [],
			"Tonnage": 0,
			"InventorySlots": 12,
			"MaxArmor": 90,
			"MaxRearArmor": -1,
			"InternalStructure": 45
		},
		{
			"Location": "LeftTorso",
			"Hardpoints": [
				{
					"WeaponMount": "Missile",
					"Omni": false
				},
				{
					"WeaponMount": "Missile",
					"Omni": false
				},
				{
					"WeaponMount": "Missile",
					"Omni": false
				}
			],
			"Tonnage": 0,
			"InventorySlots": 12,
			"MaxArmor": 130,
			"MaxRearArmor": 65,
			"InternalStructure": 65
		},
		{
			"Location": "CenterTorso",
			"Hardpoints": [],
			"Tonnage": 0,
			"InventorySlots": 15,
			"MaxArmor": 180,
			"MaxRearArmor": 90,
			"InternalStructure": 90
		},
		{
			"Location": "RightTorso",
			"Hardpoints": [],
			"Tonnage": 0,
			"InventorySlots": 12,
			"MaxArmor": 130,
			"MaxRearArmor": 65,
			"InternalStructure": 65
		},
		{
			"Location": "RightArm",
			"Hardpoints": [
				{
					"WeaponMount": "Ballistic",
					"Omni": false
				},
				{
					"WeaponMount": "Ballistic",
					"Omni": false
				}
			],
			"Tonnage": 0,
			"InventorySlots": 12,
			"MaxArmor": 90,
			"MaxRearArmor": -1,
			"InternalStructure": 45
		},
		{
			"Location": "LeftLeg",
			"Hardpoints": [],
			"Tonnage": 0,
			"InventorySlots": 6,
			"MaxArmor": 130,
			"MaxRearArmor": -1,
			"InternalStructure": 65
		},
		{
			"Location": "RightLeg",
			"Hardpoints": [],
			"Tonnage": 0,
			"InventorySlots": 6,
			"MaxArmor": 130,
			"MaxRearArmor": -1,
			"InternalStructure": 65
		}
	],
	"LOSSourcePositions": [
		{
			"x": 0,
			"y": 14,
			"z": 0
		},
		{
			"x": 3.5,
			"y": 13,
			"z": 0
		},
		{
			"x": -3.5,
			"y": 13,
			"z": 0
		}
	],
	"LOSTargetPositions": [
		{
			"x": 0,
			"y": 14,
			"z": 0
		},
		{
			"x": 3.5,
			"y": 13,
			"z": 0
		},
		{
			"x": -3.5,
			"y": 13,
			"z": 0
		},
		{
			"x": 2.5,
			"y": 5,
			"z": 0
		},
		{
			"x": -2.5,
			"y": 5,
			"z": 0
		}
	],
	"VariantName": "WVR-4S",
	"ChassisTags": {
		"items": [],
		"tagSetSourceFile": ""
	},
	"YangsThoughts": "One of the many early BattleMechs to come to the Sanctuary Worlds, the Wolverine proved its worth during their long isolation. The WVR-4S is one of the many Wolverine variants introduced by the Sanctuary Worlds and focuses on longer-ranged combat than most other mechs. Armed with a pair of Scattergun/5s and a VRM-6, the -4S has the range to take down anything. Up close it has a Twin-Linked Laser for defense. Interestingly, the Scatterguns are protected by Modular Plating Mk. 4 and all the ammo is SHIELDed. Finally, to cap it off, it carries a Sanctuary Supercharger for bursts of speed. An XL Engine, Endo-Steel, and Ferro-Fibrous provide the necessary tonnage.",
	"StockRole": "Skirmisher & Cavalry",
	"FixedEquipment": [
		{
			"MountedLocation": "Head",
			"ComponentDefID": "Gear_Quirk_ImprovedCommunications_Wolverine",
			"SimGameUID": "",
			"ComponentDefType": "Upgrade",
			"HardpointSlot": -1,
			"GUID": null,
			"DamageLevel": "Functional",
			"prefabName": null,
			"hasPrefabName": false
		},
		{
			"MountedLocation": "CenterTorso",
			"ComponentDefID": "emod_structureslots_sanctuaryendosteel",
			"ComponentDefType": "Upgrade",
			"HardpointSlot": -1,
			"DamageLevel": "Functional",
			"prefabName": "",
			"hasPrefabName": true
		},
		{
			"MountedLocation": "Head",
			"ComponentDefID": "Gear_Cockpit_Sanctuary_Drone",
			"SimGameUID": "",
			"ComponentDefType": "Upgrade",
			"HardpointSlot": 0,
			"GUID": null,
			"DamageLevel": "Functional",
			"prefabName": null,
			"hasPrefabName": false
		}
	],
	"CustomParts": {
		"CustomParts": []
	}
}