{
	"Custom": {
		"ArmActuatorSupport": {
			"LeftLimit": "Lower",
			"RightLimit": "Lower"
		}
	},
	"Description": {
		"Cost": 3400000,
		"Rarity": 2,
		"Purchasable": true,
		"Manufacturer": "",
		"Model": "",
		"UIName": "Firestarter",
		"Id": "chassisdef_firestarter_FS10-H",
		"Name": "Firestarter",
		"Details": "Originally used for incendiary work, the Firestarter earned a dark reputation among MechWarriors as a walking warcrime. With the Sanctuary's switch to robotic drone pilots, the Firestarter became less of a warcrime and more of a tactical option to remotely disable units via heat. Armed with 4 Sanctuary-spec Flamers as well as a pair of Medium Electro-Lasers and a Small Electro-Laser, the Firestarter FS10-H is a simple and rugged machine capable of putting in solid work.",
		"Icon": "uixTxrIcon_firestarter"
	},
	"MovementCapDefID": "movedef_firestarter_FS9-H",
	"PathingCapDefID": "pathingdef_light",
	"HardpointDataDefID": "hardpointdatadef_firestarter",
	"PrefabIdentifier": "chrPrfMech_firestarterBase-001",
	"PrefabBase": "firestarter",
	"Tonnage": 35,
	"InitialTonnage": 3.5,
	"weightClass": "LIGHT",
	"BattleValue": 3749000,
	"Heatsinks": 0,
	"TopSpeed": 85,
	"TurnRadius": 90,
	"MaxJumpjets": 30,
	"Stability": 100,
	"StabilityDefenses": [
		0,
		0,
		0,
		0,
		0,
		0
	],
	"SpotterDistanceMultiplier": 1,
	"VisibilityMultiplier": 1,
	"SensorRangeMultiplier": 1,
	"Signature": 0,
	"Radius": 4,
	"PunchesWithLeftArm": true,
	"MeleeDamage": 40,
	"MeleeInstability": 20,
	"MeleeToHitModifier": 0,
	"DFADamage": 40,
	"DFAToHitModifier": 0,
	"DFASelfDamage": 40,
	"DFAInstability": 20,
	"Locations": [
		{
			"Location": "Head",
			"Hardpoints": [
				{
					"WeaponMount": "AntiPersonnel",
					"Omni": false
				}
			],
			"Tonnage": 0,
			"InventorySlots": 6,
			"MaxArmor": 45,
			"MaxRearArmor": -1,
			"InternalStructure": 16
		},
		{
			"Location": "LeftArm",
			"Hardpoints": [
				{
					"WeaponMount": "AntiPersonnel",
					"Omni": false
				}
			],
			"Tonnage": 0,
			"InventorySlots": 12,
			"MaxArmor": 60,
			"MaxRearArmor": -1,
			"InternalStructure": 30
		},
		{
			"Location": "LeftTorso",
			"Hardpoints": [
				{
					"WeaponMount": "Energy",
					"Omni": false
				}
			],
			"Tonnage": 0,
			"InventorySlots": 12,
			"MaxArmor": 80,
			"MaxRearArmor": 40,
			"InternalStructure": 40
		},
		{
			"Location": "CenterTorso",
			"Hardpoints": [
				{
					"WeaponMount": "AntiPersonnel",
					"Omni": false
				},
				{
					"WeaponMount": "AntiPersonnel",
					"Omni": false
				}
			],
			"Tonnage": 0,
			"InventorySlots": 15,
			"MaxArmor": 110,
			"MaxRearArmor": 55,
			"InternalStructure": 55
		},
		{
			"Location": "RightTorso",
			"Hardpoints": [
				{
					"WeaponMount": "Energy",
					"Omni": false
				}
			],
			"Tonnage": 0,
			"InventorySlots": 12,
			"MaxArmor": 80,
			"MaxRearArmor": 40,
			"InternalStructure": 40
		},
		{
			"Location": "RightArm",
			"Hardpoints": [
				{
					"WeaponMount": "AntiPersonnel",
					"Omni": false
				}
			],
			"Tonnage": 0,
			"InventorySlots": 12,
			"MaxArmor": 60,
			"MaxRearArmor": -1,
			"InternalStructure": 30
		},
		{
			"Location": "LeftLeg",
			"Hardpoints": [],
			"Tonnage": 0,
			"InventorySlots": 6,
			"MaxArmor": 80,
			"MaxRearArmor": -1,
			"InternalStructure": 40
		},
		{
			"Location": "RightLeg",
			"Hardpoints": [],
			"Tonnage": 0,
			"InventorySlots": 6,
			"MaxArmor": 80,
			"MaxRearArmor": -1,
			"InternalStructure": 40
		}
	],
	"LOSSourcePositions": [
		{
			"x": 0,
			"y": 12.5,
			"z": 0.5
		},
		{
			"x": -2.5,
			"y": 11.5,
			"z": -0.5
		},
		{
			"x": 2.5,
			"y": 11.5,
			"z": -0.5
		}
	],
	"LOSTargetPositions": [
		{
			"x": 0,
			"y": 12.5,
			"z": 0.5
		},
		{
			"x": -2.5,
			"y": 11.5,
			"z": -0.5
		},
		{
			"x": 2.5,
			"y": 11.5,
			"z": -0.5
		},
		{
			"x": -2,
			"y": 3,
			"z": 0.5
		},
		{
			"x": 2,
			"y": 3,
			"z": 0.5
		}
	],
	"VariantName": "FS10-H",
	"ChassisTags": {
		"items": [],
		"tagSetSourceFile": ""
	},
	"StockRole": "Flame Warrior",
	"YangsThoughts": "Originally used for incendiary work, the Firestarter earned a dark reputation among MechWarriors as a walking warcrime. With the Sanctuary's switch to robotic drone pilots, the Firestarter became less of a warcrime and more of a tactical option to remotely disable units via heat. Armed with 4 Sanctuary-spec Flamers as well as a pair of Medium Electro-Lasers and a Small Electro-Laser, the Firestarter FS10-H is a simple and rugged machine capable of putting in solid work.",
	"FixedEquipment": [
		{
			"MountedLocation": "CenterTorso",
			"ComponentDefID": "Gear_Quirk_NimbleJumper_Firestarter",
			"SimGameUID": "",
			"ComponentDefType": "Upgrade",
			"HardpointSlot": -1,
			"GUID": null,
			"DamageLevel": "Functional",
			"prefabName": null,
			"hasPrefabName": false
		},
		{
			"MountedLocation": "CenterTorso",
			"ComponentDefID": "emod_structureslots_standard",
			"ComponentDefType": "Upgrade",
			"HardpointSlot": -1,
			"DamageLevel": "Functional",
			"prefabName": "",
			"hasPrefabName": true
		},
		{
			"MountedLocation": "Head",
			"ComponentDefID": "Gear_Cockpit_Sanctuary_Drone",
			"SimGameUID": "",
			"ComponentDefType": "Upgrade",
			"HardpointSlot": 0,
			"GUID": null,
			"DamageLevel": "Functional",
			"prefabName": null,
			"hasPrefabName": false
		}
	],
	"CustomParts": {
		"CustomParts": []
	}
}