{
	"Custom": {
		"ArmActuatorSupport": {
			"LeftLimit": "Lower",
			"RightLimit": "Lower"
		}
	},
	"Description": {
		"Cost": 5700000,
		"Rarity": 3,
		"Purchasable": true,
		"Manufacturer": "",
		"Model": "",
		"UIName": "Ostroc",
		"Id": "chassisdef_ostroc_OSR-3S",
		"Name": "Ostroc",
		"Details": "An old 'Mech, the Ostroc received litle love in the Sanctuary Worlds. History has forgotten why the Ostroc was largely looked over for most of the Sanctuary's history but looked over it was, until recently, making it fairly rare in their militaries. The OSR-3S is the base Sanctuary model. Armed with twin Large Electro-Lasers, twin Medium Electro-Lasers, and a DRM-4, the OSR-3S managed to pack in some extra heat sinks and armor on the normal Ostroc frame. The 'Mech is capable and effective, just overlooked. Still, enterprising commanders can get good results with the old Ostroc.",
		"Icon": "uixTxrIcon_ostroc"
	},
	"MovementCapDefID": "movedef_ostroc",
	"PathingCapDefID": "pathingdef_heavy",
	"HardpointDataDefID": "hardpointdatadef_ostroc",
	"PrefabIdentifier": "chrprfmech_ostrochotd-001",
	"PrefabBase": "ostroc",
	"Tonnage": 60,
	"InitialTonnage": 6,
	"weightClass": "HEAVY",
	"BattleValue": 6922000,
	"Heatsinks": 0,
	"TopSpeed": 150,
	"TurnRadius": 90,
	"MaxJumpjets": 30,
	"Stability": 160,
	"StabilityDefenses": [
		0,
		0,
		0,
		0,
		0,
		0
	],
	"SpotterDistanceMultiplier": 1,
	"VisibilityMultiplier": 1,
	"SensorRangeMultiplier": 1,
	"Signature": 0,
	"Radius": 8,
	"PunchesWithLeftArm": false,
	"MeleeDamage": 65,
	"MeleeInstability": 30,
	"MeleeToHitModifier": 0,
	"DFADamage": 65,
	"DFAToHitModifier": 0,
	"DFASelfDamage": 65,
	"DFAInstability": 30,
	"Locations": [
		{
			"Location": "Head",
			"Hardpoints": [],
			"Tonnage": 0,
			"InventorySlots": 6,
			"MaxArmor": 45,
			"MaxRearArmor": -1,
			"InternalStructure": 16
		},
		{
			"Location": "LeftArm",
			"Hardpoints": [],
			"Tonnage": 0,
			"InventorySlots": 12,
			"MaxArmor": 100,
			"MaxRearArmor": -1,
			"InternalStructure": 50
		},
		{
			"Location": "LeftTorso",
			"Hardpoints": [
				{
					"WeaponMount": "Energy",
					"Omni": false
				},
				{
					"WeaponMount": "Energy",
					"Omni": false
				},
				{
					"WeaponMount": "AntiPersonnel",
					"Omni": false
				},
				{
					"WeaponMount": "AntiPersonnel",
					"Omni": false
				}
			],
			"Tonnage": 0,
			"InventorySlots": 12,
			"MaxArmor": 140,
			"MaxRearArmor": 70,
			"InternalStructure": 70
		},
		{
			"Location": "CenterTorso",
			"Hardpoints": [],
			"Tonnage": 0,
			"InventorySlots": 15,
			"MaxArmor": 200,
			"MaxRearArmor": 100,
			"InternalStructure": 100
		},
		{
			"Location": "RightTorso",
			"Hardpoints": [
				{
					"WeaponMount": "Energy",
					"Omni": false
				},
				{
					"WeaponMount": "Energy",
					"Omni": false
				},
				{
					"WeaponMount": "Missile",
					"Omni": false
				},
				{
					"WeaponMount": "AntiPersonnel",
					"Omni": false
				},
				{
					"WeaponMount": "AntiPersonnel",
					"Omni": false
				}
			],
			"Tonnage": 0,
			"InventorySlots": 12,
			"MaxArmor": 140,
			"MaxRearArmor": 70,
			"InternalStructure": 70
		},
		{
			"Location": "RightArm",
			"Hardpoints": [],
			"Tonnage": 0,
			"InventorySlots": 12,
			"MaxArmor": 100,
			"MaxRearArmor": -1,
			"InternalStructure": 50
		},
		{
			"Location": "LeftLeg",
			"Hardpoints": [],
			"Tonnage": 0,
			"InventorySlots": 6,
			"MaxArmor": 140,
			"MaxRearArmor": -1,
			"InternalStructure": 70
		},
		{
			"Location": "RightLeg",
			"Hardpoints": [],
			"Tonnage": 0,
			"InventorySlots": 6,
			"MaxArmor": 140,
			"MaxRearArmor": -1,
			"InternalStructure": 70
		}
	],
	"LOSSourcePositions": [
		{
			"x": 0,
			"y": 15,
			"z": 0
		},
		{
			"x": 3.5,
			"y": 13,
			"z": 0
		},
		{
			"x": -3.5,
			"y": 13,
			"z": 0
		}
	],
	"LOSTargetPositions": [
		{
			"x": 0,
			"y": 15,
			"z": 0
		},
		{
			"x": 3.5,
			"y": 13,
			"z": 0
		},
		{
			"x": -3.5,
			"y": 13,
			"z": 0
		},
		{
			"x": 3,
			"y": 5,
			"z": 0
		},
		{
			"x": -3,
			"y": 5,
			"z": 0
		}
	],
	"VariantName": "OSR-3S",
	"ChassisTags": {
		"items": [],
		"tagSetSourceFile": ""
	},
	"StockRole": "Striker Cavalry",
	"YangsThoughts": "An old 'Mech, the Ostroc received litle love in the Sanctuary Worlds. History has forgotten why the Ostroc was largely looked over for most of the Sanctuary's history but looked over it was, until recently, making it fairly rare in their militaries. The OSR-3S is the base Sanctuary model. Armed with twin Large Electro-Lasers, twin Medium Electro-Lasers, and a DRM-4, the OSR-3S managed to pack in some extra heat sinks and armor on the normal Ostroc frame. The 'Mech is capable and effective, just overlooked. Still, enterprising commanders can get good results with the old Ostroc.",
	"FixedEquipment": [
		{
			"MountedLocation": "CenterTorso",
			"ComponentDefID": "Gear_Quirk_NarrowProfile_Ostroc",
			"SimGameUID": "",
			"ComponentDefType": "Upgrade",
			"HardpointSlot": -1,
			"GUID": null,
			"DamageLevel": "Functional",
			"prefabName": null,
			"hasPrefabName": false
		},
		{
			"MountedLocation": "CenterTorso",
			"ComponentDefID": "emod_structureslots_standard",
			"SimGameUID": "",
			"ComponentDefType": "Upgrade",
			"HardpointSlot": -1,
			"GUID": null,
			"DamageLevel": "Functional",
			"prefabName": "",
			"hasPrefabName": false
		},
		{
			"MountedLocation": "Head",
			"ComponentDefID": "Gear_Cockpit_Sanctuary_Drone",
			"SimGameUID": "",
			"ComponentDefType": "Upgrade",
			"HardpointSlot": 0,
			"GUID": null,
			"DamageLevel": "Functional",
			"prefabName": null,
			"hasPrefabName": false
		}
	],
	"CustomParts": {
		"CustomParts": []
	}
}