{
	"Custom": {
		"ArmActuatorSupport": {
			"LeftLimit": "Lower",
			"RightLimit": "Upper"
		}
	},
	"Description": {
		"Cost": 8372000,
		"Rarity": 3,
		"Purchasable": true,
		"Manufacturer": "",
		"Model": "",
		"UIName": "Helepolis",
		"Id": "chassisdef_helepolis_HEP-5J",
		"Name": "Helepolis",
		"Details": "With the Helepolis back in production, the Sanctuary Worlds powers developed new uses for the design, including this, the HEP-5J. Using the power of an XL Engine, the -5J up-cores the 'Mech to a 300-rated core and even adds four Jump Jets to max out the maneuverability. For firepower, the Sniper Artillery Piece remains in place, joined by a long-ranged NPC. Up close, a Medium Lance and DRM-4 protect the 'Mech. 3 total tons of SHIELD-protected ammo keep the mech safe while the traditionally good Helepolis armor is improved to Ferro-Fibrous.",
		"Icon": "uixTxrIcon_helepolis"
	},
	"MovementCapDefID": "movedef_helepolis_HEP-2H",
	"PathingCapDefID": "pathingdef_heavy",
	"HardpointDataDefID": "hardpointdatadef_helepolis",
	"PrefabIdentifier": "chrprfmech_helepolisbase-001",
	"PrefabBase": "helepolis",
	"Tonnage": 75,
	"InitialTonnage": 7.5,
	"weightClass": "HEAVY",
	"BattleValue": 7124000,
	"Heatsinks": 0,
	"TopSpeed": 64,
	"TurnRadius": 90,
	"MaxJumpjets": 30,
	"Stability": 160,
	"StabilityDefenses": [
		0,
		0,
		0,
		0,
		0,
		0
	],
	"SpotterDistanceMultiplier": 1,
	"VisibilityMultiplier": 1,
	"SensorRangeMultiplier": 1,
	"Signature": 0,
	"Radius": 8,
	"PunchesWithLeftArm": true,
	"MeleeDamage": 75,
	"MeleeInstability": 35,
	"MeleeToHitModifier": 0,
	"DFADamage": 75,
	"DFAToHitModifier": 0,
	"DFASelfDamage": 75,
	"DFAInstability": 35,
	"Locations": [
		{
			"Location": "Head",
			"Hardpoints": [
				{
					"WeaponMount": "Energy",
					"Omni": false
				},
				{
					"WeaponMount": "AntiPersonnel",
					"Omni": false
				}
			],
			"Tonnage": 0,
			"InventorySlots": 6,
			"MaxArmor": 45,
			"MaxRearArmor": -1,
			"InternalStructure": 16
		},
		{
			"Location": "LeftArm",
			"Hardpoints": [
				{
					"WeaponMount": "Energy",
					"Omni": false
				},
				{
					"WeaponMount": "Energy",
					"Omni": false
				}
			],
			"Tonnage": 0,
			"InventorySlots": 12,
			"MaxArmor": 120,
			"MaxRearArmor": -1,
			"InternalStructure": 60
		},
		{
			"Location": "LeftTorso",
			"Hardpoints": [
				{
					"WeaponMount": "Missile",
					"Omni": false
				},
				{
					"WeaponMount": "Missile",
					"Omni": false
				}
			],
			"Tonnage": 0,
			"InventorySlots": 12,
			"MaxArmor": 160,
			"MaxRearArmor": 80,
			"InternalStructure": 80
		},
		{
			"Location": "CenterTorso",
			"Hardpoints": [
				{
					"WeaponMount": "Missile",
					"Omni": false
				}
			],
			"Tonnage": 0,
			"InventorySlots": 16,
			"MaxArmor": 230,
			"MaxRearArmor": 115,
			"InternalStructure": 115
		},
		{
			"Location": "RightTorso",
			"Hardpoints": [],
			"Tonnage": 0,
			"InventorySlots": 12,
			"MaxArmor": 160,
			"MaxRearArmor": 80,
			"InternalStructure": 80
		},
		{
			"Location": "RightArm",
			"Hardpoints": [
				{
					"WeaponMount": "Ballistic",
					"Omni": false
				},
				{
					"WeaponMount": "Ballistic",
					"Omni": false
				}
			],
			"Tonnage": 0,
			"InventorySlots": 12,
			"MaxArmor": 120,
			"MaxRearArmor": -1,
			"InternalStructure": 60
		},
		{
			"Location": "LeftLeg",
			"Hardpoints": [],
			"Tonnage": 0,
			"InventorySlots": 6,
			"MaxArmor": 160,
			"MaxRearArmor": -1,
			"InternalStructure": 80
		},
		{
			"Location": "RightLeg",
			"Hardpoints": [],
			"Tonnage": 0,
			"InventorySlots": 6,
			"MaxArmor": 160,
			"MaxRearArmor": -1,
			"InternalStructure": 80
		}
	],
	"LOSSourcePositions": [
		{
			"x": 0,
			"y": 16,
			"z": 0
		},
		{
			"x": 3.5,
			"y": 15,
			"z": 0
		},
		{
			"x": -3.5,
			"y": 15,
			"z": 0
		}
	],
	"LOSTargetPositions": [
		{
			"x": 0,
			"y": 16,
			"z": 0
		},
		{
			"x": 3.5,
			"y": 15,
			"z": 0
		},
		{
			"x": -3.5,
			"y": 15,
			"z": 0
		},
		{
			"x": 3,
			"y": 5,
			"z": 0
		},
		{
			"x": -3,
			"y": 5,
			"z": 0
		}
	],
	"VariantName": "HEP-5J",
	"ChassisTags": {
		"items": [],
		"tagSetSourceFile": ""
	},
	"StockRole": "Artillery Support",
	"YangsThoughts": "With the Helepolis back in production, the Sanctuary Worlds powers developed new uses for the design, including this, the HEP-5J. Using the power of an XL Engine, the -5J up-cores the 'Mech to a 300-rated core and even adds four Jump Jets to max out the maneuverability. For firepower, the Sniper Artillery Piece remains in place, joined by a long-ranged NPC. Up close, a Medium Lance and DRM-4 protect the 'Mech. 3 total tons of SHIELD-protected ammo keep the mech safe while the traditionally good Helepolis armor is improved to Ferro-Fibrous.",
	"FixedEquipment": [
		{
			"MountedLocation": "CenterTorso",
			"ComponentDefID": "Gear_Quirk_StableWeapon_Helepolis",
			"SimGameUID": "",
			"ComponentDefType": "Upgrade",
			"HardpointSlot": -1,
			"GUID": null,
			"DamageLevel": "Functional",
			"prefabName": null,
			"hasPrefabName": false
		},
		{
			"MountedLocation": "CenterTorso",
			"ComponentDefID": "emod_structureslots_standard",
			"SimGameUID": "",
			"ComponentDefType": "Upgrade",
			"HardpointSlot": -1,
			"GUID": null,
			"DamageLevel": "Functional",
			"prefabName": "",
			"hasPrefabName": false
		},
		{
			"MountedLocation": "Head",
			"ComponentDefID": "Gear_Cockpit_Sanctuary_Drone",
			"SimGameUID": "",
			"ComponentDefType": "Upgrade",
			"HardpointSlot": 0,
			"GUID": null,
			"DamageLevel": "Functional",
			"prefabName": null,
			"hasPrefabName": false
		}
	],
	"CustomParts": {
		"CustomParts": []
	}
}