{
	"Description": {
		"Cost": 450000,
		"Rarity": 0,
		"Purchasable": true,
		"Manufacturer": "",
		"Model": "",
		"UIName": "Commando",
		"Id": "chassisdef_commando_COM-2V",
		"Name": "Commando",
		"Details": "Orignally an exclusively Lyran design, the Commando's plans were smuggled out of Lyran space and into the hands of the companies that would become the Sanctuary Worlds nations, leading to the Commando being taken with them on their sojurn out of the Inner Sphere. The COM-2V is a support design, meant for fast hit-and-run attacks at range. Armed with twin VRM-6s, the -2V has excellent ranged capabilities. An AMS helps cover it from return fire, while a Twin-Linked Laser protects it from pesky light mechs running up close to it.",
		"Icon": "uixTxrIcon_commando"
	},
	"MovementCapDefID": "movedef_commando_COM-2D",
	"PathingCapDefID": "pathingdef_light",
	"HardpointDataDefID": "hardpointdatadef_commando",
	"PrefabIdentifier": "chrPrfMech_commandoBase-001",
	"PrefabBase": "commando",
	"Tonnage": 25,
	"InitialTonnage": 2.5,
	"weightClass": "LIGHT",
	"BattleValue": 2061000,
	"Heatsinks": 0,
	"TopSpeed": 85,
	"TurnRadius": 90,
	"MaxJumpjets": 30,
	"Stability": 100,
	"StabilityDefenses": [
		0,
		0,
		0,
		0,
		0,
		0
	],
	"SpotterDistanceMultiplier": 1,
	"VisibilityMultiplier": 1,
	"SensorRangeMultiplier": 1,
	"Signature": 0,
	"Radius": 4,
	"PunchesWithLeftArm": false,
	"MeleeDamage": 35,
	"MeleeInstability": 10,
	"MeleeToHitModifier": 0,
	"DFADamage": 35,
	"DFAToHitModifier": 0,
	"DFASelfDamage": 35,
	"DFAInstability": 10,
	"Locations": [
		{
			"Location": "Head",
			"Hardpoints": [],
			"Tonnage": 0,
			"InventorySlots": 6,
			"MaxArmor": 45,
			"MaxRearArmor": -1,
			"InternalStructure": 16
		},
		{
			"Location": "LeftArm",
			"Hardpoints": [
				{
					"WeaponMount": "Energy",
					"Omni": false
				},
				{
					"WeaponMount": "AntiPersonnel",
					"Omni": false
				}
			],
			"Tonnage": 0,
			"InventorySlots": 12,
			"MaxArmor": 40,
			"MaxRearArmor": -1,
			"InternalStructure": 20
		},
		{
			"Location": "LeftTorso",
			"Hardpoints": [],
			"Tonnage": 0,
			"InventorySlots": 12,
			"MaxArmor": 60,
			"MaxRearArmor": 30,
			"InternalStructure": 30
		},
		{
			"Location": "CenterTorso",
			"Hardpoints": [
				{
					"WeaponMount": "Missile",
					"Omni": false
				}
			],
			"Tonnage": 0,
			"InventorySlots": 15,
			"MaxArmor": 80,
			"MaxRearArmor": 40,
			"InternalStructure": 40
		},
		{
			"Location": "RightTorso",
			"Hardpoints": [],
			"Tonnage": 0,
			"InventorySlots": 12,
			"MaxArmor": 60,
			"MaxRearArmor": 30,
			"InternalStructure": 30
		},
		{
			"Location": "RightArm",
			"Hardpoints": [
				{
					"WeaponMount": "Missile",
					"Omni": false
				},
				{
					"WeaponMount": "Missile",
					"Omni": false
				},
				{
					"WeaponMount": "AntiPersonnel",
					"Omni": false
				}
			],
			"Tonnage": 0,
			"InventorySlots": 12,
			"MaxArmor": 40,
			"MaxRearArmor": -1,
			"InternalStructure": 20
		},
		{
			"Location": "LeftLeg",
			"Hardpoints": [],
			"Tonnage": 0,
			"InventorySlots": 6,
			"MaxArmor": 60,
			"MaxRearArmor": -1,
			"InternalStructure": 30
		},
		{
			"Location": "RightLeg",
			"Hardpoints": [],
			"Tonnage": 0,
			"InventorySlots": 6,
			"MaxArmor": 60,
			"MaxRearArmor": -1,
			"InternalStructure": 30
		}
	],
	"LOSSourcePositions": [
		{
			"x": 0,
			"y": 9.5,
			"z": 0.5
		},
		{
			"x": -2.5,
			"y": 8.5,
			"z": -0.5
		},
		{
			"x": 2.5,
			"y": 8.5,
			"z": -0.5
		}
	],
	"LOSTargetPositions": [
		{
			"x": 0,
			"y": 9.5,
			"z": 0.5
		},
		{
			"x": -2.5,
			"y": 8.5,
			"z": -0.5
		},
		{
			"x": 2.5,
			"y": 8.5,
			"z": -0.5
		},
		{
			"x": -1.5,
			"y": 3,
			"z": 0.5
		},
		{
			"x": 1.5,
			"y": 3,
			"z": 0.5
		}
	],
	"VariantName": "COM-2V",
	"ChassisTags": {
		"items": [],
		"tagSetSourceFile": ""
	},
	"StockRole": "Light Striker & Scout",
	"YangsThoughts": "Orignally an exclusively Lyran design, the Commando's plans were smuggled out of Lyran space and into the hands of the companies that would become the Sanctuary Worlds nations, leading to the Commando being taken with them on their sojurn out of the Inner Sphere. The COM-2V is a support design, meant for fast hit-and-run attacks at range. Armed with twin VRM-6s, the -2V has excellent ranged capabilities. An AMS helps cover it from return fire, while a Twin-Linked Laser protects it from pesky light mechs running up close to it.",
	"FixedEquipment": [
		{
			"MountedLocation": "CenterTorso",
			"ComponentDefID": "Gear_Quirk_NarrowProfile_Commando",
			"SimGameUID": "",
			"ComponentDefType": "Upgrade",
			"HardpointSlot": -1,
			"GUID": null,
			"DamageLevel": "Functional",
			"prefabName": null,
			"hasPrefabName": false
		},
		{
			"MountedLocation": "CenterTorso",
			"ComponentDefID": "emod_structureslots_sanctuaryendosteel",
			"ComponentDefType": "Upgrade",
			"HardpointSlot": -1,
			"DamageLevel": "Functional",
			"prefabName": "",
			"hasPrefabName": true
		},
		{
			"MountedLocation": "Head",
			"ComponentDefID": "Gear_Cockpit_Sanctuary_Drone",
			"SimGameUID": "",
			"ComponentDefType": "Upgrade",
			"HardpointSlot": 0,
			"GUID": null,
			"DamageLevel": "Functional",
			"prefabName": null,
			"hasPrefabName": false
		}
	],
	"CustomParts": {
		"CustomParts": []
	}
}