{
	"Custom": {
		"ArmActuatorSupport": {
			"LeftLimit": "Lower",
			"RightLimit": "Lower"
		}
	},
	"Description": {
		"Cost": 9600000,
		"Rarity": 5,
		"Purchasable": true,
		"Manufacturer": "",
		"Model": "",
		"UIName": "Lithobolos",
		"Id": "chassisdef_lithobolos_LTH-B3",
		"Name": "Lithobolos",
		"Details": "The Mallard Republic found itself in need of a platform to test their new Mass Drivers on and so they delved deep into their old 'Mech designs, dredging up a rejected assault design. Repurposing and renaming it for an ancient stone-throwing weapon of war from old Terra, the design found new life as the Lithobolos. The LTH-B3 model is armed with a Light Mass Driver, a Scattergun/20, and a pair of Large Electro-Lasers for support purposes. The Lithobolos served admirably as a testbed design and was later put into wider production for combat purposes.",
		"Icon": "uixTxrIcon_lithobolos"
	},
	"MovementCapDefID": "movedef_battlemaster_BLR-1G",
	"PathingCapDefID": "pathingdef_assault",
	"HardpointDataDefID": "hardpointdatadef_iondoloire",
	"PrefabIdentifier": "chrprfmech_iondoloirebase-001",
	"PrefabBase": "iondoloire",
	"Tonnage": 85,
	"InitialTonnage": 8.5,
	"weightClass": "ASSAULT",
	"BattleValue": 8742000,
	"Heatsinks": 0,
	"TopSpeed": 60,
	"TurnRadius": 90,
	"MaxJumpjets": 30,
	"Stability": 200,
	"StabilityDefenses": [
		0,
		0,
		0,
		0,
		0,
		0
	],
	"SpotterDistanceMultiplier": 1,
	"VisibilityMultiplier": 1,
	"SensorRangeMultiplier": 1,
	"Signature": 0,
	"Radius": 8,
	"PunchesWithLeftArm": true,
	"MeleeDamage": 95,
	"MeleeInstability": 45,
	"MeleeToHitModifier": 0,
	"DFADamage": 95,
	"DFAToHitModifier": 0,
	"DFASelfDamage": 95,
	"DFAInstability": 45,
	"Locations": [
		{
			"Location": "Head",
			"Hardpoints": [],
			"Tonnage": 0,
			"InventorySlots": 6,
			"MaxArmor": 45,
			"MaxRearArmor": -1,
			"InternalStructure": 16
		},
		{
			"Location": "LeftArm",
			"Hardpoints": [
				{
					"WeaponMount": "AntiPersonnel",
					"Omni": false
				},
				{
					"WeaponMount": "Energy",
					"Omni": false
				}
			],
			"Tonnage": 0,
			"InventorySlots": 12,
			"MaxArmor": 140,
			"MaxRearArmor": -1,
			"InternalStructure": 70
		},
		{
			"Location": "LeftTorso",
			"Hardpoints": [
				{
					"WeaponMount": "Ballistic",
					"Omni": false
				},
				{
					"WeaponMount": "Ballistic",
					"Omni": false
				}
			],
			"Tonnage": 0,
			"InventorySlots": 12,
			"MaxArmor": 180,
			"MaxRearArmor": 90,
			"InternalStructure": 90
		},
		{
			"Location": "CenterTorso",
			"Hardpoints": [
				{
					"WeaponMount": "Energy",
					"Omni": false
				},
				{
					"WeaponMount": "Energy",
					"Omni": false
				}
			],
			"Tonnage": 0,
			"InventorySlots": 15,
			"MaxArmor": 270,
			"MaxRearArmor": 135,
			"InternalStructure": 135
		},
		{
			"Location": "RightTorso",
			"Hardpoints": [
				{
					"WeaponMount": "Ballistic",
					"Omni": false
				},
				{
					"WeaponMount": "Ballistic",
					"Omni": false
				}
			],
			"Tonnage": 0,
			"InventorySlots": 12,
			"MaxArmor": 180,
			"MaxRearArmor": 90,
			"InternalStructure": 90
		},
		{
			"Location": "RightArm",
			"Hardpoints": [
				{
					"WeaponMount": "AntiPersonnel",
					"Omni": false
				},
				{
					"WeaponMount": "Energy",
					"Omni": false
				}
			],
			"Tonnage": 0,
			"InventorySlots": 12,
			"MaxArmor": 140,
			"MaxRearArmor": -1,
			"InternalStructure": 70
		},
		{
			"Location": "LeftLeg",
			"Hardpoints": [],
			"Tonnage": 0,
			"InventorySlots": 6,
			"MaxArmor": 180,
			"MaxRearArmor": -1,
			"InternalStructure": 90
		},
		{
			"Location": "RightLeg",
			"Hardpoints": [],
			"Tonnage": 0,
			"InventorySlots": 6,
			"MaxArmor": 180,
			"MaxRearArmor": -1,
			"InternalStructure": 90
		}
	],
	"LOSSourcePositions": [
		{
			"x": 0,
			"y": 16,
			"z": 0
		},
		{
			"x": 5,
			"y": 16,
			"z": -1
		},
		{
			"x": -5,
			"y": 16,
			"z": -1
		}
	],
	"LOSTargetPositions": [
		{
			"x": 0,
			"y": 16,
			"z": 0
		},
		{
			"x": 5,
			"y": 16,
			"z": -1
		},
		{
			"x": -5,
			"y": 16,
			"z": -1
		},
		{
			"x": 3.5,
			"y": 5.5,
			"z": 1
		},
		{
			"x": -3.5,
			"y": 5.5,
			"z": 1
		}
	],
	"FixedEquipment": [
		{
			"MountedLocation": "CenterTorso",
			"ComponentDefID": "Gear_Quirk_StableWeapon_Lithobolos",
			"SimGameUID": "",
			"ComponentDefType": "Upgrade",
			"HardpointSlot": -1,
			"GUID": null,
			"DamageLevel": "Functional",
			"prefabName": null,
			"hasPrefabName": false
		},
		{
			"MountedLocation": "CenterTorso",
			"ComponentDefID": "emod_structureslots_standard",
			"ComponentDefType": "Upgrade",
			"HardpointSlot": -1,
			"DamageLevel": "Functional",
			"prefabName": "",
			"hasPrefabName": true
		},
		{
			"MountedLocation": "Head",
			"ComponentDefID": "Gear_Cockpit_Sanctuary_Drone",
			"SimGameUID": "",
			"ComponentDefType": "Upgrade",
			"HardpointSlot": 0,
			"GUID": null,
			"DamageLevel": "Functional",
			"prefabName": null,
			"hasPrefabName": false
		}
	],
	"VariantName": "LTH-B3",
	"ChassisTags": {
		"items": [],
		"tagSetSourceFile": ""
	},
	"StockRole": "Weapon Testbed",
	"YangsThoughts": "The Mallard Republic found itself in need of a platform to test their new Mass Drivers on and so they delved deep into their old 'Mech designs, dredging up a rejected assault design. Repurposing and renaming it for an ancient stone-throwing weapon of war from old Terra, the design found new life as the Lithobolos. The LTH-B3 model is armed with a Light Mass Driver, a Scattergun/20, and a pair of Large Electro-Lasers for support purposes. The Lithobolos served admirably as a testbed design and was later put into wider production for combat purposes.",
	"CustomParts": {
		"CustomParts": []
	}
}