{
	"Description": {
		"Cost": 3435960,
		"Rarity": 1,
		"Purchasable": true,
		"Manufacturer": "",
		"Model": "",
		"UIName": "Screecher",
		"Id": "chassisdef_screecher_SCRE-B4",
		"Name": "Screecher",
		"Details": "Created to make use of the newly invented BattleMech Wing system, the Screecher is one of the most evasive mechs in the Sanctuary Worlds arsenal. With a high groundspeed combined with an excellent jump distance thanks to its 8 jump jets and the BattleMech Wing, the Screecher can catch just about anything on the battlefield. With twin Twin-Linked Small Lasers and a Bombard Cannon/6, the Screecher SCRE-H9 proved an adept raider, though it was linked to supply lines more than commanders might have preferred. Still, it endeared itself to military commanders in the Sacntuary Worlds and it proved a common sight on the battlefield.",
		"Icon": "uixTxrIcon_screecher"
	},
	"VariantName": "SCRE-B4",
	"StockRole": "Evasive Raider",
	"YangsThoughts": "Created to make use of the newly invented BattleMech Wing system, the Screecher is one of the most evasive mechs in the Sanctuary Worlds arsenal. With a high groundspeed combined with an excellent jump distance thanks to its 8 jump jets and the BattleMech Wing, the Screecher can catch just about anything on the battlefield. With twin Twin-Linked Small Lasers and a Bombard Cannon/6, the Screecher SCRE-H9 proved an adept raider, though it was linked to supply lines more than commanders might have preferred. Still, it endeared itself to military commanders in the Sacntuary Worlds and it proved a common sight on the battlefield.",
	"PrefabIdentifier": "chrprfmech_shrikebase-001",
	"PrefabBase": "shrike",
	"MovementCapDefID": "movedef_clint_CLNT-2-3T",
	"PathingCapDefID": "pathingdef_light",
	"HardpointDataDefID": "hardpointdatadef_shrike",
	"Tonnage": 40,
	"InitialTonnage": 4,
	"weightClass": "MEDIUM",
	"BattleValue": 3087000,
	"Heatsinks": 0,
	"TopSpeed": 85,
	"TurnRadius": 90,
	"MaxJumpjets": 10,
	"Stability": 100,
	"StabilityDefenses": [
		0,
		0,
		0,
		0,
		0,
		0
	],
	"SpotterDistanceMultiplier": 1,
	"VisibilityMultiplier": 1,
	"SensorRangeMultiplier": 1,
	"Signature": 0,
	"Radius": 5,
	"PunchesWithLeftArm": false,
	"EngageRangeModifier": 0,
	"MeleeDamage": 45,
	"MeleeInstability": 20,
	"MeleeToHitModifier": 0,
	"DFADamage": 45,
	"DFAToHitModifier": 0,
	"DFASelfDamage": 45,
	"DFAInstability": 20,
	"ChassisTags": {
		"items": [],
		"tagSetSourceFile": ""
	},
	"MechPartMax": 0,
	"LOSSourcePositions": [
		{
			"x": 0,
			"y": 13,
			"z": 0
		},
		{
			"x": -3.5,
			"y": 12,
			"z": 0
		},
		{
			"x": 3.5,
			"y": 12,
			"z": 0
		}
	],
	"LOSTargetPositions": [
		{
			"x": 0,
			"y": 13,
			"z": 0
		},
		{
			"x": -3.5,
			"y": 12,
			"z": 0
		},
		{
			"x": 3.5,
			"y": 12,
			"z": 0
		},
		{
			"x": -2,
			"y": 4,
			"z": 0.5
		},
		{
			"x": 2,
			"y": 4,
			"z": 0.5
		}
	],
	"MechPartCount": 0,
	"Locations": [
		{
			"Location": "Head",
			"Hardpoints": [],
			"Tonnage": 1,
			"InventorySlots": 6,
			"MaxArmor": 45,
			"MaxRearArmor": -1,
			"InternalStructure": 16
		},
		{
			"Location": "LeftArm",
			"Hardpoints": [
				{
					"WeaponMount": "Energy",
					"Omni": false
				},
				{
					"WeaponMount": "Energy",
					"Omni": false
				},
				{
					"WeaponMount": "Energy",
					"Omni": false
				}
			],
			"Tonnage": 0,
			"InventorySlots": 12,
			"MaxArmor": 60,
			"MaxRearArmor": -1,
			"InternalStructure": 30
		},
		{
			"Location": "LeftTorso",
			"Hardpoints": [],
			"Tonnage": 0,
			"InventorySlots": 12,
			"MaxArmor": 100,
			"MaxRearArmor": 50,
			"InternalStructure": 50
		},
		{
			"Location": "CenterTorso",
			"Hardpoints": [],
			"Tonnage": 0,
			"InventorySlots": 15,
			"MaxArmor": 120,
			"MaxRearArmor": 60,
			"InternalStructure": 60
		},
		{
			"Location": "RightTorso",
			"Hardpoints": [],
			"Tonnage": 0,
			"InventorySlots": 12,
			"MaxArmor": 100,
			"MaxRearArmor": 50,
			"InternalStructure": 50
		},
		{
			"Location": "RightArm",
			"Hardpoints": [
				{
					"WeaponMount": "AntiPersonnel",
					"Omni": false
				},
				{
					"WeaponMount": "AntiPersonnel",
					"Omni": false
				},
				{
					"WeaponMount": "Ballistic",
					"Omni": false
				},
				{
					"WeaponMount": "Ballistic",
					"Omni": false
				}
			],
			"Tonnage": 0,
			"InventorySlots": 12,
			"MaxArmor": 60,
			"MaxRearArmor": -1,
			"InternalStructure": 30
		},
		{
			"Location": "LeftLeg",
			"Hardpoints": [],
			"Tonnage": 0,
			"InventorySlots": 6,
			"MaxArmor": 100,
			"MaxRearArmor": -1,
			"InternalStructure": 50
		},
		{
			"Location": "RightLeg",
			"Hardpoints": [],
			"Tonnage": 0,
			"InventorySlots": 6,
			"MaxArmor": 100,
			"MaxRearArmor": -1,
			"InternalStructure": 50
		}
	],
	"FixedEquipment": [
		{
			"MountedLocation": "CenterTorso",
			"ComponentDefID": "Gear_Sanctuary_Mech_Wing_Medium",
			"SimGameUID": "",
			"ComponentDefType": "Upgrade",
			"HardpointSlot": -1,
			"GUID": null,
			"DamageLevel": "Functional",
			"prefabName": null,
			"hasPrefabName": false
		},
		{
			"MountedLocation": "LeftTorso",
			"ComponentDefID": "emod_battlemechwing_linked",
			"SimGameUID": "",
			"ComponentDefType": "Upgrade",
			"HardpointSlot": -1,
			"GUID": null,
			"DamageLevel": "Functional",
			"prefabName": null,
			"hasPrefabName": false
		},
		{
			"MountedLocation": "RightTorso",
			"ComponentDefID": "emod_battlemechwing_linked",
			"SimGameUID": "",
			"ComponentDefType": "Upgrade",
			"HardpointSlot": -1,
			"GUID": null,
			"DamageLevel": "Functional",
			"prefabName": null,
			"hasPrefabName": false
		},
		{
			"MountedLocation": "CenterTorso",
			"ComponentDefID": "emod_structureslots_sanctuaryendosteel",
			"SimGameUID": "",
			"ComponentDefType": "Upgrade",
			"HardpointSlot": -1,
			"GUID": null,
			"DamageLevel": "Functional",
			"prefabName": "",
			"hasPrefabName": false
		},
		{
			"MountedLocation": "Head",
			"ComponentDefID": "Gear_Cockpit_Sanctuary_Drone",
			"SimGameUID": "",
			"ComponentDefType": "Upgrade",
			"HardpointSlot": 0,
			"GUID": null,
			"DamageLevel": "Functional",
			"prefabName": null,
			"hasPrefabName": false
		}
	],
	"CustomParts": {
		"CustomParts": []
	}
}