{
	"Custom": {
		"ArmActuatorSupport": {
			"LeftLimit": "Lower",
			"RightLimit": "Lower"
		}
	},
	"Description": {
		"Cost": 7100000,
		"Rarity": 4,
		"Purchasable": true,
		"Manufacturer": "",
		"Model": "",
		"UIName": "Guillotine",
		"Id": "chassisdef_guillotine_GLT-4H",
		"Name": "Guillotine",
		"Details": "A mainstay of Sanctuary Worlds armies, the Guillotine serves as a line anchor for any combat force. Built on an Endo-Steel frame, the Guillotine has plenty of space to work with for firepower. The GLT-4H is armed with a pair of Large Lances for primary firepower. To back them up it carries a Large Electro-Laser for punch at close-range and a Twin-Linked Laser for no-frills firepower. A massive brace of 19 Sanctuary DHS keep it all cold.",
		"Icon": "uixTxrIcon_guillotine"
	},
	"MovementCapDefID": "movedef_grasshopper_GHR-5H",
	"PathingCapDefID": "pathingdef_heavy",
	"HardpointDataDefID": "hardpointdatadef_glt",
	"PrefabIdentifier": "chrprfmech_gltbase-001",
	"PrefabBase": "glt",
	"Tonnage": 70,
	"InitialTonnage": 7,
	"weightClass": "HEAVY",
	"BattleValue": 7602000,
	"Heatsinks": 0,
	"TopSpeed": 120,
	"TurnRadius": 90,
	"MaxJumpjets": 30,
	"Stability": 160,
	"StabilityDefenses": [
		0,
		0,
		0,
		0,
		0,
		0
	],
	"SpotterDistanceMultiplier": 1,
	"VisibilityMultiplier": 1,
	"SensorRangeMultiplier": 1,
	"Signature": 0,
	"Radius": 8,
	"PunchesWithLeftArm": false,
	"MeleeDamage": 80,
	"MeleeInstability": 40,
	"MeleeToHitModifier": 0,
	"DFADamage": 80,
	"DFAToHitModifier": 0,
	"DFASelfDamage": 80,
	"DFAInstability": 40,
	"Locations": [
		{
			"Location": "Head",
			"Hardpoints": [],
			"Tonnage": 0,
			"InventorySlots": 6,
			"MaxArmor": 45,
			"MaxRearArmor": -1,
			"InternalStructure": 16
		},
		{
			"Location": "LeftArm",
			"Hardpoints": [
				{
					"WeaponMount": "Energy",
					"Omni": false
				},
				{
					"WeaponMount": "Energy",
					"Omni": false
				},
				{
					"WeaponMount": "AntiPersonnel",
					"Omni": false
				}
			],
			"Tonnage": 0,
			"InventorySlots": 12,
			"MaxArmor": 110,
			"MaxRearArmor": -1,
			"InternalStructure": 55
		},
		{
			"Location": "LeftTorso",
			"Hardpoints": [
				{
					"WeaponMount": "Energy",
					"Omni": false
				},
				{
					"WeaponMount": "Energy",
					"Omni": false
				},
				{
					"WeaponMount": "AntiPersonnel",
					"Omni": false
				}
			],
			"Tonnage": 0,
			"InventorySlots": 12,
			"MaxArmor": 150,
			"MaxRearArmor": 75,
			"InternalStructure": 75
		},
		{
			"Location": "CenterTorso",
			"Hardpoints": [],
			"Tonnage": 0,
			"InventorySlots": 15,
			"MaxArmor": 220,
			"MaxRearArmor": 110,
			"InternalStructure": 110
		},
		{
			"Location": "RightTorso",
			"Hardpoints": [
				{
					"WeaponMount": "Energy",
					"Omni": false
				},
				{
					"WeaponMount": "Energy",
					"Omni": false
				},
				{
					"WeaponMount": "AntiPersonnel",
					"Omni": false
				}
			],
			"Tonnage": 0,
			"InventorySlots": 12,
			"MaxArmor": 150,
			"MaxRearArmor": 75,
			"InternalStructure": 75
		},
		{
			"Location": "RightArm",
			"Hardpoints": [
				{
					"WeaponMount": "Energy",
					"Omni": false
				},
				{
					"WeaponMount": "Energy",
					"Omni": false
				},
				{
					"WeaponMount": "AntiPersonnel",
					"Omni": false
				}
			],
			"Tonnage": 0,
			"InventorySlots": 12,
			"MaxArmor": 110,
			"MaxRearArmor": -1,
			"InternalStructure": 55
		},
		{
			"Location": "LeftLeg",
			"Hardpoints": [],
			"Tonnage": 0,
			"InventorySlots": 6,
			"MaxArmor": 150,
			"MaxRearArmor": -1,
			"InternalStructure": 75
		},
		{
			"Location": "RightLeg",
			"Hardpoints": [],
			"Tonnage": 0,
			"InventorySlots": 6,
			"MaxArmor": 150,
			"MaxRearArmor": -1,
			"InternalStructure": 75
		}
	],
	"LOSSourcePositions": [
		{
			"x": 0,
			"y": 18,
			"z": 0
		},
		{
			"x": 4,
			"y": 17,
			"z": 0
		},
		{
			"x": -4,
			"y": 17,
			"z": 0
		}
	],
	"LOSTargetPositions": [
		{
			"x": 0,
			"y": 18,
			"z": 0
		},
		{
			"x": 4,
			"y": 17,
			"z": 0
		},
		{
			"x": -4,
			"y": 17,
			"z": 0
		},
		{
			"x": 3,
			"y": 5,
			"z": 0
		},
		{
			"x": -3,
			"y": 5,
			"z": 0
		}
	],
	"VariantName": "GLT-4H",
	"ChassisTags": {
		"items": [],
		"tagSetSourceFile": ""
	},
	"StockRole": "Heavy Skirmisher & Cavalry",
	"YangsThoughts": "A mainstay of Sanctuary Worlds armies, the Guillotine serves as a line anchor for any combat force. Built on an Endo-Steel frame, the Guillotine has plenty of space to work with for firepower. The GLT-4H is armed with a pair of Large Lances for primary firepower. To back them up it carries a Large Electro-Laser for punch at close-range and a Twin-Linked Laser for no-frills firepower. A massive brace of 19 Sanctuary DHS keep it all cold.",
	"FixedEquipment": [
		{
			"MountedLocation": "CenterTorso",
			"ComponentDefID": "Gear_Quirk_NimbleJumper_Guillotine",
			"SimGameUID": "",
			"ComponentDefType": "Upgrade",
			"HardpointSlot": -1,
			"GUID": null,
			"DamageLevel": "Functional",
			"prefabName": null,
			"hasPrefabName": false
		},
		{
			"MountedLocation": "CenterTorso",
			"ComponentDefID": "emod_structureslots_sanctuaryendosteel",
			"ComponentDefType": "Upgrade",
			"HardpointSlot": -1,
			"DamageLevel": "Functional",
			"prefabName": "",
			"hasPrefabName": true
		},
		{
			"MountedLocation": "Head",
			"ComponentDefID": "Gear_Cockpit_Sanctuary_Drone",
			"SimGameUID": "",
			"ComponentDefType": "Upgrade",
			"HardpointSlot": 0,
			"GUID": null,
			"DamageLevel": "Functional",
			"prefabName": null,
			"hasPrefabName": false
		}
	],
	"CustomParts": {
		"CustomParts": []
	}
}