{
	"Custom": {
		"ArmActuatorSupport": {
			"LeftLimit": "Lower",
			"RightLimit": "Lower"
		},
		"AssemblyVariant": {
			"PrefabID": "Orion",
			"Exclude": false,
			"Include": true
		}
	},
	"Description": {
		"Cost": 7500000,
		"Rarity": 3,
		"Purchasable": true,
		"Manufacturer": "",
		"Model": "",
		"UIName": "Orion",
		"Id": "chassisdef_orion_ON2-G",
		"Name": "Orion",
		"Details": "A heavy Terran Hegemony classic, the Orion served that nation for centuries without complaint. The ON2-G is an unusual design for an Orion in that it is primarily energy-focused and totally lacks ballistic weaponry. Armed principly with a massive Gamma Cannon, the ON2-G is capable of smashing just about anything at any range. A VRM-24 backs up the Gamma Cannon at long range. Up close, the -G can call on a DXR for support. 12 DHS and 6 Heat Controllers help keep the heat at manageable levels.",
		"Icon": "uixTxrIcon_orion"
	},
	"MovementCapDefID": "movedef_orion_ON1-K",
	"PathingCapDefID": "pathingdef_heavy",
	"HardpointDataDefID": "hardpointdatadef_orion",
	"PrefabIdentifier": "chrPrfMech_orionBase-001",
	"PrefabBase": "orion",
	"Tonnage": 75,
	"InitialTonnage": 7.5,
	"weightClass": "HEAVY",
	"BattleValue": 7124000,
	"Heatsinks": 0,
	"TopSpeed": 64,
	"TurnRadius": 90,
	"MaxJumpjets": 30,
	"Stability": 160,
	"StabilityDefenses": [
		0,
		0,
		0,
		0,
		0,
		0
	],
	"SpotterDistanceMultiplier": 1,
	"VisibilityMultiplier": 1,
	"SensorRangeMultiplier": 1,
	"Signature": 0,
	"Radius": 8,
	"PunchesWithLeftArm": true,
	"MeleeDamage": 80,
	"MeleeInstability": 40,
	"MeleeToHitModifier": 0,
	"DFADamage": 80,
	"DFAToHitModifier": 0,
	"DFASelfDamage": 80,
	"DFAInstability": 40,
	"Locations": [
		{
			"Location": "Head",
			"Hardpoints": [],
			"Tonnage": 0,
			"InventorySlots": 6,
			"MaxArmor": 45,
			"MaxRearArmor": -1,
			"InternalStructure": 16
		},
		{
			"Location": "LeftArm",
			"Hardpoints": [
				{
					"WeaponMount": "Energy",
					"Omni": false
				},
				{
					"WeaponMount": "Energy",
					"Omni": false
				},
				{
					"WeaponMount": "AntiPersonnel",
					"Omni": false
				}
			],
			"Tonnage": 0,
			"InventorySlots": 12,
			"MaxArmor": 120,
			"MaxRearArmor": -1,
			"InternalStructure": 60
		},
		{
			"Location": "LeftTorso",
			"Hardpoints": [
				{
					"WeaponMount": "Missile",
					"Omni": false
				},
				{
					"WeaponMount": "Missile",
					"Omni": false
				}
			],
			"Tonnage": 0,
			"InventorySlots": 12,
			"MaxArmor": 160,
			"MaxRearArmor": 80,
			"InternalStructure": 80
		},
		{
			"Location": "CenterTorso",
			"Hardpoints": [
				{
					"WeaponMount": "Missile",
					"Omni": false
				}
			],
			"Tonnage": 0,
			"InventorySlots": 15,
			"MaxArmor": 230,
			"MaxRearArmor": 115,
			"InternalStructure": 115
		},
		{
			"Location": "RightTorso",
			"Hardpoints": [
				{
					"WeaponMount": "Ballistic",
					"Omni": false
				}
			],
			"Tonnage": 0,
			"InventorySlots": 12,
			"MaxArmor": 160,
			"MaxRearArmor": 80,
			"InternalStructure": 80
		},
		{
			"Location": "RightArm",
			"Hardpoints": [
				{
					"WeaponMount": "Energy",
					"Omni": false
				},
				{
					"WeaponMount": "Energy",
					"Omni": false
				},
				{
					"WeaponMount": "AntiPersonnel",
					"Omni": false
				}
			],
			"Tonnage": 0,
			"InventorySlots": 12,
			"MaxArmor": 120,
			"MaxRearArmor": -1,
			"InternalStructure": 60
		},
		{
			"Location": "LeftLeg",
			"Hardpoints": [],
			"Tonnage": 0,
			"InventorySlots": 6,
			"MaxArmor": 160,
			"MaxRearArmor": -1,
			"InternalStructure": 80
		},
		{
			"Location": "RightLeg",
			"Hardpoints": [],
			"Tonnage": 0,
			"InventorySlots": 6,
			"MaxArmor": 160,
			"MaxRearArmor": -1,
			"InternalStructure": 80
		}
	],
	"LOSSourcePositions": [
		{
			"x": 0,
			"y": 16,
			"z": 0
		},
		{
			"x": 3.5,
			"y": 15,
			"z": 0
		},
		{
			"x": -3.5,
			"y": 15,
			"z": 0
		}
	],
	"LOSTargetPositions": [
		{
			"x": 0,
			"y": 16,
			"z": 0
		},
		{
			"x": 3.5,
			"y": 15,
			"z": 0
		},
		{
			"x": -3.5,
			"y": 15,
			"z": 0
		},
		{
			"x": 3,
			"y": 5,
			"z": 0
		},
		{
			"x": -3,
			"y": 5,
			"z": 0
		}
	],
	"VariantName": "ON2-G",
	"ChassisTags": {
		"items": [],
		"tagSetSourceFile": ""
	},
	"StockRole": "Brawler & Close Assault",
	"YangsThoughts": "A heavy Terran Hegemony classic, the Orion served that nation for centuries without complaint. The ON2-G is an unusual design for an Orion in that it is primarily energy-focused and totally lacks ballistic weaponry. Armed principly with a massive Gamma Cannon, the ON2-G is capable of smashing just about anything at any range. A VRM-24 backs up the Gamma Cannon at long range. Up close, the -G can call on a DXR for support. 12 DHS and 6 Heat Controllers help keep the heat at manageable levels.",
	"FixedEquipment": [
		{
			"MountedLocation": "Head",
			"ComponentDefID": "Gear_Quirk_CombatComputer_Orion",
			"SimGameUID": "",
			"ComponentDefType": "Upgrade",
			"HardpointSlot": -1,
			"GUID": null,
			"DamageLevel": "Functional",
			"prefabName": null,
			"hasPrefabName": false
		},
		{
			"MountedLocation": "CenterTorso",
			"ComponentDefID": "emod_structureslots_sanctuaryendosteel",
			"ComponentDefType": "Upgrade",
			"HardpointSlot": -1,
			"DamageLevel": "Functional",
			"prefabName": "",
			"hasPrefabName": true
		},
		{
			"MountedLocation": "Head",
			"ComponentDefID": "Gear_Cockpit_Sanctuary_Drone",
			"SimGameUID": "",
			"ComponentDefType": "Upgrade",
			"HardpointSlot": 0,
			"GUID": null,
			"DamageLevel": "Functional",
			"prefabName": null,
			"hasPrefabName": false
		}
	],
	"CustomParts": {
		"CustomParts": []
	}
}