{
	"Custom": {
		"ArmActuatorSupport": {
			"LeftLimit": "Upper",
			"RightLimit": "Upper"
		}
	},
	"Description": {
		"Cost": 4254000,
		"Rarity": 1,
		"Purchasable": true,
		"Manufacturer": "",
		"Model": "",
		"UIName": "Lambda",
		"Id": "chassisdef_lambda_LBD-4S",
		"Name": "Lambda",
		"Details": "Designed to 'hold the line' against any foe, the Lambda is a clean and simple design with a weapon for any range. Further, the Lambda is built with Sanctuary Endo-Carbide structure, giving it unparalleled durability on the battlefield. Armed with a pair of VRM-6s for long-range combat as well as a Scattergun/10 and a Small Lance for closer-range engagements, the Lambda has a gun for all circumstances. Though it excels at nothing, the Lambda gained a reputation for effectiveness that endeared it to Sanctuary Worlds commanders.",
		"Icon": "uixTxrIcon_lambda"
	},
	"MovementCapDefID": "movedef_blackjack_BJ-1",
	"PathingCapDefID": "pathingdef_medium",
	"HardpointDataDefID": "hardpointdatadef_ionbruin",
	"PrefabIdentifier": "chrprfmech_ionbruinbase-001",
	"PrefabBase": "ionbruin",
	"Tonnage": 45,
	"InitialTonnage": 4.5,
	"weightClass": "MEDIUM",
	"BattleValue": 4067000,
	"Heatsinks": 0,
	"TopSpeed": 120,
	"TurnRadius": 90,
	"MaxJumpjets": 30,
	"Stability": 130,
	"StabilityDefenses": [
		0,
		0,
		0,
		0,
		0,
		0
	],
	"SpotterDistanceMultiplier": 1,
	"VisibilityMultiplier": 1,
	"SensorRangeMultiplier": 1,
	"Signature": 0,
	"Radius": 5,
	"PunchesWithLeftArm": false,
	"MeleeDamage": 45,
	"MeleeInstability": 20,
	"MeleeToHitModifier": 0,
	"DFADamage": 45,
	"DFAToHitModifier": 0,
	"DFASelfDamage": 45,
	"DFAInstability": 20,
	"Locations": [
		{
			"Location": "Head",
			"Hardpoints": [],
			"Tonnage": 0,
			"InventorySlots": 6,
			"MaxArmor": 45,
			"MaxRearArmor": -1,
			"InternalStructure": 16
		},
		{
			"Location": "LeftArm",
			"Hardpoints": [
				{
					"WeaponMount": "AntiPersonnel",
					"Omni": false
				},
				{
					"WeaponMount": "AntiPersonnel",
					"Omni": false
				},
				{
					"WeaponMount": "AntiPersonnel",
					"Omni": false
				}
			],
			"Tonnage": 0,
			"InventorySlots": 12,
			"MaxArmor": 70,
			"MaxRearArmor": -1,
			"InternalStructure": 35
		},
		{
			"Location": "LeftTorso",
			"Hardpoints": [],
			"Tonnage": 0,
			"InventorySlots": 12,
			"MaxArmor": 110,
			"MaxRearArmor": 55,
			"InternalStructure": 55
		},
		{
			"Location": "CenterTorso",
			"Hardpoints": [
				{
					"WeaponMount": "Missile",
					"Omni": false
				},
				{
					"WeaponMount": "Missile",
					"Omni": false
				}
			],
			"Tonnage": 0,
			"InventorySlots": 16,
			"MaxArmor": 140,
			"MaxRearArmor": 70,
			"InternalStructure": 70
		},
		{
			"Location": "RightTorso",
			"Hardpoints": [],
			"Tonnage": 0,
			"InventorySlots": 12,
			"MaxArmor": 110,
			"MaxRearArmor": 55,
			"InternalStructure": 55
		},
		{
			"Location": "RightArm",
			"Hardpoints": [
				{
					"WeaponMount": "Ballistic",
					"Omni": false
				},
				{
					"WeaponMount": "Ballistic",
					"Omni": false
				},
				{
					"WeaponMount": "Ballistic",
					"Omni": false
				}
			],
			"Tonnage": 0,
			"InventorySlots": 12,
			"MaxArmor": 70,
			"MaxRearArmor": -1,
			"InternalStructure": 35
		},
		{
			"Location": "LeftLeg",
			"Hardpoints": [],
			"Tonnage": 0,
			"InventorySlots": 6,
			"MaxArmor": 110,
			"MaxRearArmor": -1,
			"InternalStructure": 55
		},
		{
			"Location": "RightLeg",
			"Hardpoints": [],
			"Tonnage": 0,
			"InventorySlots": 6,
			"MaxArmor": 110,
			"MaxRearArmor": -1,
			"InternalStructure": 55
		}
	],
	"LOSSourcePositions": [
		{
			"x": 0,
			"y": 14,
			"z": 0
		},
		{
			"x": 4,
			"y": 14,
			"z": 0
		},
		{
			"x": -4,
			"y": 14,
			"z": 0
		}
	],
	"LOSTargetPositions": [
		{
			"x": 0,
			"y": 14,
			"z": 0
		},
		{
			"x": 4,
			"y": 14,
			"z": 0
		},
		{
			"x": -4,
			"y": 14,
			"z": 0
		},
		{
			"x": 2.5,
			"y": 6,
			"z": 2.5
		},
		{
			"x": -2.5,
			"y": 6,
			"z": 2.5
		}
	],
	"FixedEquipment": [
		{
			"MountedLocation": "Head",
			"ComponentDefID": "Gear_Quirk_ImprovedCoolingJacket_Lambda",
			"SimGameUID": "",
			"ComponentDefType": "Upgrade",
			"HardpointSlot": -1,
			"GUID": null,
			"DamageLevel": "Functional",
			"prefabName": null,
			"hasPrefabName": false
		},
		{
			"MountedLocation": "CenterTorso",
			"ComponentDefID": "emod_structureslots_sanctuaryendocarbide",
			"ComponentDefType": "Upgrade",
			"HardpointSlot": -1,
			"DamageLevel": "Functional",
			"prefabName": "",
			"hasPrefabName": true
		},
		{
			"MountedLocation": "LeftArm",
			"ComponentDefID": "emod_sanctuaryendocarbide_linked",
			"ComponentDefType": "Upgrade",
			"HardpointSlot": -1,
			"DamageLevel": "Functional",
			"prefabName": "",
			"hasPrefabName": true
		},
		{
			"MountedLocation": "LeftTorso",
			"ComponentDefID": "emod_sanctuaryendocarbide_linked",
			"ComponentDefType": "Upgrade",
			"HardpointSlot": -1,
			"DamageLevel": "Functional",
			"prefabName": "",
			"hasPrefabName": true
		},
		{
			"MountedLocation": "RightTorso",
			"ComponentDefID": "emod_sanctuaryendocarbide_linked",
			"ComponentDefType": "Upgrade",
			"HardpointSlot": -1,
			"DamageLevel": "Functional",
			"prefabName": "",
			"hasPrefabName": true
		},
		{
			"MountedLocation": "RightArm",
			"ComponentDefID": "emod_sanctuaryendocarbide_linked",
			"ComponentDefType": "Upgrade",
			"HardpointSlot": -1,
			"DamageLevel": "Functional",
			"prefabName": "",
			"hasPrefabName": true
		},
		{
			"MountedLocation": "Head",
			"ComponentDefID": "emod_sanctuaryendocarbide_linked",
			"ComponentDefType": "Upgrade",
			"HardpointSlot": -1,
			"DamageLevel": "Functional",
			"prefabName": "",
			"hasPrefabName": true
		},
		{
			"MountedLocation": "LeftLeg",
			"ComponentDefID": "emod_sanctuaryendocarbide_linked",
			"ComponentDefType": "Upgrade",
			"HardpointSlot": -1,
			"DamageLevel": "Functional",
			"prefabName": "",
			"hasPrefabName": true
		},
		{
			"MountedLocation": "RightLeg",
			"ComponentDefID": "emod_sanctuaryendocarbide_linked",
			"ComponentDefType": "Upgrade",
			"HardpointSlot": -1,
			"DamageLevel": "Functional",
			"prefabName": "",
			"hasPrefabName": true
		},
		{
			"MountedLocation": "Head",
			"ComponentDefID": "Gear_Cockpit_Sanctuary_Drone",
			"SimGameUID": "",
			"ComponentDefType": "Upgrade",
			"HardpointSlot": 0,
			"GUID": null,
			"DamageLevel": "Functional",
			"prefabName": null,
			"hasPrefabName": false
		}
	],
	"VariantName": "LBD-4S",
	"ChassisTags": {
		"items": [],
		"tagSetSourceFile": ""
	},
	"StockRole": "Brawler and Trooper",
	"YangsThoughts": "Designed to 'hold the line' against any foe, the Lambda is a clean and simple design with a weapon for any range. Further, the Lambda is built with Sanctuary Endo-Carbide structure, giving it unparalleled durability on the battlefield. Armed with a pair of VRM-6s for long-range combat as well as a Scattergun/10 and a Small Lance for closer-range engagements, the Lambda has a gun for all circumstances. Though it excels at nothing, the Lambda gained a reputation for effectiveness that endeared it to Sanctuary Worlds commanders.",
	"CustomParts": {
		"CustomParts": []
	}
}