{
	"Custom": {
		"ArmActuatorSupport": {
			"RightLimit": "Upper"
		}
	},
	"Description": {
		"Cost": 8100000,
		"Rarity": 4,
		"Purchasable": true,
		"Manufacturer": "",
		"Model": "",
		"UIName": "Victor",
		"Id": "chassisdef_victor_VTR-10F",
		"Name": "Victor",
		"Details": "The Victor was an old staple of the Terran Hegemony and later the Star League and accompanied the Sanctuary Worlds on their sojurn out of the Inner Sphere. Eventually, they would develop new standards for the mech, including the VTR-10F. Considered the fastest assault mech in the Sanctuary Worlds, the -10F swaps the old 320-rated fusion engine for a massive XL 400-rated one, complete with Supercharger for extra speed (though the jump jets were lost in the upgrade). For weapons, it carries both a Double-Barrel AC/5 and a Scattergun/5 as well as a Large Modal Laser and an APM-4. Endo-Steel helps pay for the tonnage required.",
		"Icon": "uixTxrIcon_victor"
	},
	"MovementCapDefID": "movedef_victor_VTR-9B",
	"PathingCapDefID": "pathingdef_assault",
	"HardpointDataDefID": "hardpointdatadef_victor",
	"PrefabIdentifier": "chrPrfMech_victorBase-001",
	"PrefabBase": "victor",
	"Tonnage": 80,
	"InitialTonnage": 8,
	"weightClass": "ASSAULT",
	"BattleValue": 8924000,
	"Heatsinks": 0,
	"TopSpeed": 120,
	"TurnRadius": 90,
	"MaxJumpjets": 30,
	"Stability": 200,
	"StabilityDefenses": [
		0,
		0,
		0,
		0,
		0,
		0
	],
	"SpotterDistanceMultiplier": 1,
	"VisibilityMultiplier": 1,
	"SensorRangeMultiplier": 1,
	"Signature": 0,
	"Radius": 8,
	"PunchesWithLeftArm": true,
	"MeleeDamage": 85,
	"MeleeInstability": 40,
	"MeleeToHitModifier": 0,
	"DFADamage": 85,
	"DFAToHitModifier": 0,
	"DFASelfDamage": 85,
	"DFAInstability": 40,
	"Locations": [
		{
			"Location": "Head",
			"Hardpoints": [],
			"Tonnage": 0,
			"InventorySlots": 6,
			"MaxArmor": 45,
			"MaxRearArmor": -1,
			"InternalStructure": 16
		},
		{
			"Location": "LeftArm",
			"Hardpoints": [
				{
					"WeaponMount": "Energy",
					"Omni": false
				},
				{
					"WeaponMount": "Energy",
					"Omni": false
				},
				{
					"WeaponMount": "AntiPersonnel",
					"Omni": false
				}
			],
			"Tonnage": 0,
			"InventorySlots": 12,
			"MaxArmor": 130,
			"MaxRearArmor": -1,
			"InternalStructure": 65
		},
		{
			"Location": "LeftTorso",
			"Hardpoints": [
				{
					"WeaponMount": "Missile",
					"Omni": false
				},
				{
					"WeaponMount": "Missile",
					"Omni": false
				}
			],
			"Tonnage": 0,
			"InventorySlots": 12,
			"MaxArmor": 170,
			"MaxRearArmor": 85,
			"InternalStructure": 85
		},
		{
			"Location": "CenterTorso",
			"Hardpoints": [],
			"Tonnage": 0,
			"InventorySlots": 15,
			"MaxArmor": 250,
			"MaxRearArmor": 125,
			"InternalStructure": 125
		},
		{
			"Location": "RightTorso",
			"Hardpoints": [
				{
					"WeaponMount": "AntiPersonnel",
					"Omni": false
				},
				{
					"WeaponMount": "AntiPersonnel",
					"Omni": false
				}
			],
			"Tonnage": 0,
			"InventorySlots": 12,
			"MaxArmor": 170,
			"MaxRearArmor": 85,
			"InternalStructure": 85
		},
		{
			"Location": "RightArm",
			"Hardpoints": [
				{
					"WeaponMount": "Ballistic",
					"Omni": false
				},
				{
					"WeaponMount": "Ballistic",
					"Omni": false
				},
				{
					"WeaponMount": "Ballistic",
					"Omni": false
				}
			],
			"Tonnage": 0,
			"InventorySlots": 12,
			"MaxArmor": 130,
			"MaxRearArmor": -1,
			"InternalStructure": 65
		},
		{
			"Location": "LeftLeg",
			"Hardpoints": [],
			"Tonnage": 0,
			"InventorySlots": 6,
			"MaxArmor": 170,
			"MaxRearArmor": -1,
			"InternalStructure": 85
		},
		{
			"Location": "RightLeg",
			"Hardpoints": [],
			"Tonnage": 0,
			"InventorySlots": 6,
			"MaxArmor": 170,
			"MaxRearArmor": -1,
			"InternalStructure": 85
		}
	],
	"LOSSourcePositions": [
		{
			"x": 0,
			"y": 17,
			"z": 0
		},
		{
			"x": 5,
			"y": 16,
			"z": -1
		},
		{
			"x": -5,
			"y": 16,
			"z": -1
		}
	],
	"LOSTargetPositions": [
		{
			"x": 0,
			"y": 17,
			"z": 0
		},
		{
			"x": 5,
			"y": 16,
			"z": -1
		},
		{
			"x": -5,
			"y": 16,
			"z": -1
		},
		{
			"x": 3.5,
			"y": 5.5,
			"z": 1
		},
		{
			"x": -3.5,
			"y": 5.5,
			"z": 1
		}
	],
	"VariantName": "VTR-10F",
	"ChassisTags": {
		"items": [],
		"tagSetSourceFile": ""
	},
	"StockRole": "Heavy Cavalry",
	"YangsThoughts": "The Victor was an old staple of the Terran Hegemony and later the Star League and accompanied the Sanctuary Worlds on their sojurn out of the Inner Sphere. Eventually, they would develop new standards for the mech, including the VTR-10F. Considered the fastest assault mech in the Sanctuary Worlds, the -10F swaps the old 320-rated fusion engine for a massive XL 400-rated one, complete with Supercharger for extra speed (though the jump jets were lost in the upgrade). For weapons, it carries both a Double-Barrel AC/5 and a Scattergun/5 as well as a Large Modal Laser and an APM-4. Endo-Steel helps pay for the tonnage required.",
	"FixedEquipment": [
		{
			"MountedLocation": "CenterTorso",
			"ComponentDefID": "Gear_Quirk_Rugged_Victor",
			"SimGameUID": "",
			"ComponentDefType": "Upgrade",
			"HardpointSlot": -1,
			"GUID": null,
			"DamageLevel": "Functional",
			"prefabName": null,
			"hasPrefabName": false
		},
		{
			"MountedLocation": "CenterTorso",
			"ComponentDefID": "emod_structureslots_sanctuaryendosteel",
			"ComponentDefType": "Upgrade",
			"HardpointSlot": -1,
			"DamageLevel": "Functional",
			"prefabName": "",
			"hasPrefabName": true
		},
		{
			"MountedLocation": "Head",
			"ComponentDefID": "Gear_Cockpit_Sanctuary_Drone",
			"SimGameUID": "",
			"ComponentDefType": "Upgrade",
			"HardpointSlot": 0,
			"GUID": null,
			"DamageLevel": "Functional",
			"prefabName": null,
			"hasPrefabName": false
		}
	],
	"CustomParts": {
		"CustomParts": []
	}
}