{
	"Custom": {
		"ArmActuatorSupport": {
			"LeftLimit": "Upper",
			"RightLimit": "Lower"
		}
	},
	"Description": {
		"Cost": 9900000,
		"Rarity": 0,
		"Purchasable": true,
		"Manufacturer": "",
		"Model": "",
		"UIName": "Mackie",
		"Id": "chassisdef_mackie_MSK-8G",
		"Name": "Mackie",
		"Details": "The Mackie was the pride of the Terran Hegemony and the sign of their power, so it is fitting that it accompanied the Hegemony corporations that would become the Sanctuary Worlds on their great journey. Their inherent Terran pride never dimmed and they maintained the Mackie out of pride. The MSK-8G is one of the many variants of the Mackie in the Sanctuary Worlds. An all-energy payload keeps the MSK-8G running in any combat situation. A Gamma Cannon provides extended range firepower while two each Large Lances and Twin-Linked Small Lasers cover closer ranges. A Supercharger gives the Mackie a burst of speed while ECM and Ferro-Fibrous give boosted defense. Finally, 24 DHS keep it ice-cold.",
		"Icon": "uixTxrIcon_mackie"
	},
	"MovementCapDefID": "movedef_mackie-9H",
	"PathingCapDefID": "pathingdef_assault",
	"HardpointDataDefID": "hardpointdatadef_mackie",
	"PrefabIdentifier": "chrprfmech_mackiebase-001",
	"PrefabBase": "mackie",
	"Tonnage": 100,
	"InitialTonnage": 10,
	"weightClass": "ASSAULT",
	"BattleValue": 1892000,
	"Heatsinks": 0,
	"TopSpeed": 65,
	"TurnRadius": 120,
	"MaxJumpjets": 30,
	"Stability": 200,
	"StabilityDefenses": [
		0,
		0,
		0,
		0,
		0,
		0
	],
	"SpotterDistanceMultiplier": 1,
	"VisibilityMultiplier": 1,
	"SensorRangeMultiplier": 1,
	"Signature": 0,
	"Radius": 4,
	"PunchesWithLeftArm": false,
	"MeleeDamage": 100,
	"MeleeInstability": 50,
	"MeleeToHitModifier": 0,
	"DFADamage": 100,
	"DFAToHitModifier": 0,
	"DFASelfDamage": 100,
	"DFAInstability": 50,
	"Locations": [
		{
			"Location": "Head",
			"Hardpoints": [],
			"Tonnage": 0,
			"InventorySlots": 6,
			"MaxArmor": 45,
			"MaxRearArmor": -1,
			"InternalStructure": 16
		},
		{
			"Location": "LeftArm",
			"Hardpoints": [
				{
					"WeaponMount": "Energy",
					"Omni": false
				},
				{
					"WeaponMount": "Energy",
					"Omni": false
				}
			],
			"Tonnage": 0,
			"InventorySlots": 12,
			"MaxArmor": 170,
			"MaxRearArmor": -1,
			"InternalStructure": 85
		},
		{
			"Location": "LeftTorso",
			"Hardpoints": [
				{
					"WeaponMount": "Energy",
					"Omni": false
				},
				{
					"WeaponMount": "AntiPersonnel",
					"Omni": false
				}
			],
			"Tonnage": 0,
			"InventorySlots": 12,
			"MaxArmor": 210,
			"MaxRearArmor": 105,
			"InternalStructure": 105
		},
		{
			"Location": "CenterTorso",
			"Hardpoints": [
				{
					"WeaponMount": "Energy",
					"Omni": false
				},
				{
					"WeaponMount": "Energy",
					"Omni": false
				}
			],
			"Tonnage": 0,
			"InventorySlots": 16,
			"MaxArmor": 320,
			"MaxRearArmor": 160,
			"InternalStructure": 160
		},
		{
			"Location": "RightTorso",
			"Hardpoints": [
				{
					"WeaponMount": "Energy",
					"Omni": false
				},
				{
					"WeaponMount": "AntiPersonnel",
					"Omni": false
				}
			],
			"Tonnage": 0,
			"InventorySlots": 12,
			"MaxArmor": 210,
			"MaxRearArmor": 105,
			"InternalStructure": 105
		},
		{
			"Location": "RightArm",
			"Hardpoints": [
				{
					"WeaponMount": "Energy",
					"Omni": false
				},
				{
					"WeaponMount": "Energy",
					"Omni": false
				},
				{
					"WeaponMount": "AntiPersonnel",
					"Omni": false
				}
			],
			"Tonnage": 0,
			"InventorySlots": 12,
			"MaxArmor": 170,
			"MaxRearArmor": -1,
			"InternalStructure": 85
		},
		{
			"Location": "LeftLeg",
			"Hardpoints": [],
			"Tonnage": 0,
			"InventorySlots": 6,
			"MaxArmor": 210,
			"MaxRearArmor": -1,
			"InternalStructure": 105
		},
		{
			"Location": "RightLeg",
			"Hardpoints": [],
			"Tonnage": 0,
			"InventorySlots": 6,
			"MaxArmor": 210,
			"MaxRearArmor": -1,
			"InternalStructure": 105
		}
	],
	"LOSSourcePositions": [
		{
			"x": 0,
			"y": 9.5,
			"z": 0.5
		},
		{
			"x": -2.5,
			"y": 8.5,
			"z": -0.5
		},
		{
			"x": 2.5,
			"y": 8.5,
			"z": -0.5
		}
	],
	"LOSTargetPositions": [
		{
			"x": 0,
			"y": 9.5,
			"z": 0.5
		},
		{
			"x": -2.5,
			"y": 8.5,
			"z": -0.5
		},
		{
			"x": 2.5,
			"y": 8.5,
			"z": -0.5
		},
		{
			"x": -1.5,
			"y": 3,
			"z": 0.5
		},
		{
			"x": 1.5,
			"y": 3,
			"z": 0.5
		}
	],
	"VariantName": "MSK-8G",
	"ChassisTags": {
		"items": [],
		"tagSetSourceFile": ""
	},
	"StockRole": "The First Battlemech",
	"YangsThoughts": "The Mackie was the pride of the Terran Hegemony and the sign of their power, so it is fitting that it accompanied the Hegemony corporations that would become the Sanctuary Worlds on their great journey. Their inherent Terran pride never dimmed and they maintained the Mackie out of pride. The MSK-8G is one of the many variants of the Mackie in the Sanctuary Worlds. An all-energy payload keeps the MSK-8G running in any combat situation. A Gamma Cannon provides extended range firepower while two each Large Lances and Twin-Linked Small Lasers cover closer ranges. A Supercharger gives the Mackie a burst of speed while ECM and Ferro-Fibrous give boosted defense. Finally, 24 DHS keep it ice-cold.",
	"FixedEquipment": [
		{
			"MountedLocation": "Head",
			"ComponentDefID": "Gear_Quirk_ImprovedCommunications_Mackie",
			"SimGameUID": "",
			"ComponentDefType": "Upgrade",
			"HardpointSlot": -1,
			"GUID": null,
			"DamageLevel": "Functional",
			"prefabName": null,
			"hasPrefabName": false
		},
		{
			"MountedLocation": "CenterTorso",
			"ComponentDefID": "emod_structureslots_standard",
			"SimGameUID": "",
			"ComponentDefType": "Upgrade",
			"HardpointSlot": -1,
			"GUID": null,
			"DamageLevel": "Functional",
			"prefabName": "",
			"hasPrefabName": false
		},
		{
			"MountedLocation": "Head",
			"ComponentDefID": "Gear_Cockpit_Sanctuary_Drone",
			"SimGameUID": "",
			"ComponentDefType": "Upgrade",
			"HardpointSlot": 0,
			"GUID": null,
			"DamageLevel": "Functional",
			"prefabName": null,
			"hasPrefabName": false
		}
	],
	"CustomParts": {
		"CustomParts": []
	}
}