{
	"Description": {
		"Cost": 2170000,
		"Rarity": 0,
		"Purchasable": true,
		"Manufacturer": "",
		"Model": "",
		"UIName": "Cheetah",
		"Id": "chassisdef_cheetah_CHE-5F",
		"Name": "Cheetah",
		"Details": "After its introduction by the Jacobson Haven, the Cheetah proved an immediate success among the Sanctuary World armies and led to a variety of refits and variants. An early variant was the CHE-5F which shifted the mech's engine to a 225-rated XL in exchange for gaining a little heavier firepower than the stock -4F. Armed with 4 Small Electro-Lasers and a pair of Small Lances as well as a pair of DRM-2s, the CHE-5F was significantly more dangerous than its predecessor, even if slightly slower. The armor remained unchanged, as did the advanced construction materials.",
		"Icon": "uixTxrIcon_cheetah"
	},
	"MovementCapDefID": "movedef_mongoose_MON-67",
	"PathingCapDefID": "pathingdef_light",
	"HardpointDataDefID": "hardpointdatadef_tiburon",
	"PrefabIdentifier": "chrprfmech_tiburonbase-001",
	"PrefabBase": "tiburon",
	"Tonnage": 25,
	"InitialTonnage": 2.5,
	"weightClass": "LIGHT",
	"BattleValue": 2061000,
	"Heatsinks": 0,
	"TopSpeed": 85,
	"TurnRadius": 90,
	"MaxJumpjets": 30,
	"Stability": 100,
	"StabilityDefenses": [
		0,
		0,
		0,
		0,
		0,
		0
	],
	"SpotterDistanceMultiplier": 1,
	"VisibilityMultiplier": 1,
	"SensorRangeMultiplier": 1,
	"Signature": 0,
	"Radius": 4,
	"PunchesWithLeftArm": false,
	"MeleeDamage": 35,
	"MeleeInstability": 10,
	"MeleeToHitModifier": 0,
	"DFADamage": 30,
	"DFAToHitModifier": 0,
	"DFASelfDamage": 30,
	"DFAInstability": 10,
	"Locations": [
		{
			"Location": "Head",
			"Hardpoints": [],
			"Tonnage": 0,
			"InventorySlots": 6,
			"MaxArmor": 45,
			"MaxRearArmor": -1,
			"InternalStructure": 16
		},
		{
			"Location": "LeftArm",
			"Hardpoints": [
				{
					"WeaponMount": "AntiPersonnel",
					"Omni": false
				},
				{
					"WeaponMount": "AntiPersonnel",
					"Omni": false
				}
			],
			"Tonnage": 0,
			"InventorySlots": 12,
			"MaxArmor": 40,
			"MaxRearArmor": -1,
			"InternalStructure": 20
		},
		{
			"Location": "LeftTorso",
			"Hardpoints": [
				{
					"WeaponMount": "AntiPersonnel",
					"Omni": false
				},
				{
					"WeaponMount": "Missile",
					"Omni": false
				}
			],
			"Tonnage": 0,
			"InventorySlots": 12,
			"MaxArmor": 60,
			"MaxRearArmor": 30,
			"InternalStructure": 30
		},
		{
			"Location": "CenterTorso",
			"Hardpoints": [],
			"Tonnage": 0,
			"InventorySlots": 15,
			"MaxArmor": 80,
			"MaxRearArmor": 40,
			"InternalStructure": 40
		},
		{
			"Location": "RightTorso",
			"Hardpoints": [
				{
					"WeaponMount": "AntiPersonnel",
					"Omni": false
				},
				{
					"WeaponMount": "Missile",
					"Omni": false
				}
			],
			"Tonnage": 0,
			"InventorySlots": 12,
			"MaxArmor": 60,
			"MaxRearArmor": 30,
			"InternalStructure": 30
		},
		{
			"Location": "RightArm",
			"Hardpoints": [
				{
					"WeaponMount": "AntiPersonnel",
					"Omni": false
				},
				{
					"WeaponMount": "AntiPersonnel",
					"Omni": false
				}
			],
			"Tonnage": 0,
			"InventorySlots": 12,
			"MaxArmor": 40,
			"MaxRearArmor": -1,
			"InternalStructure": 20
		},
		{
			"Location": "LeftLeg",
			"Hardpoints": [],
			"Tonnage": 0,
			"InventorySlots": 6,
			"MaxArmor": 60,
			"MaxRearArmor": -1,
			"InternalStructure": 30
		},
		{
			"Location": "RightLeg",
			"Hardpoints": [],
			"Tonnage": 0,
			"InventorySlots": 6,
			"MaxArmor": 60,
			"MaxRearArmor": -1,
			"InternalStructure": 30
		}
	],
	"LOSSourcePositions": [
		{
			"x": 0,
			"y": 9.5,
			"z": 0.5
		},
		{
			"x": -2.5,
			"y": 8.5,
			"z": -0.5
		},
		{
			"x": 2.5,
			"y": 8.5,
			"z": -0.5
		}
	],
	"LOSTargetPositions": [
		{
			"x": 0,
			"y": 9.5,
			"z": 0.5
		},
		{
			"x": -2.5,
			"y": 8.5,
			"z": -0.5
		},
		{
			"x": 2.5,
			"y": 8.5,
			"z": -0.5
		},
		{
			"x": -1.5,
			"y": 3,
			"z": 0.5
		},
		{
			"x": 1.5,
			"y": 3,
			"z": 0.5
		}
	],
	"VariantName": "CHE-5F",
	"ChassisTags": {
		"items": [
			"IgnoreEngineLimit"
		],
		"tagSetSourceFile": ""
	},
	"StockRole": "Superfast Raider",
	"YangsThoughts": "After its introduction by the Jacobson Haven, the Cheetah proved an immediate success among the Sanctuary World armies and led to a variety of refits and variants. An early variant was the CHE-5F which shifted the mech's engine to a 225-rated XL in exchange for gaining a little heavier firepower than the stock -4F. Armed with 4 Small Electro-Lasers and a pair of Small Lances as well as a pair of DRM-2s, the CHE-5F was significantly more dangerous than its predecessor, even if slightly slower. The armor remained unchanged, as did the advanced construction materials.",
	"FixedEquipment": [
		{
			"MountedLocation": "Head",
			"ComponentDefID": "Gear_Quirk_ImprovedCoolingJacket_Cheetah",
			"SimGameUID": "",
			"ComponentDefType": "Upgrade",
			"HardpointSlot": -1,
			"GUID": null,
			"DamageLevel": "Functional",
			"prefabName": null,
			"hasPrefabName": false
		},
		{
			"MountedLocation": "CenterTorso",
			"ComponentDefID": "emod_structureslots_sanctuaryendosteel",
			"SimGameUID": "",
			"ComponentDefType": "Upgrade",
			"HardpointSlot": -1,
			"GUID": null,
			"DamageLevel": "Functional",
			"prefabName": "",
			"hasPrefabName": false
		},
		{
			"MountedLocation": "Head",
			"ComponentDefID": "Gear_Cockpit_Sanctuary_Drone",
			"SimGameUID": "",
			"ComponentDefType": "Upgrade",
			"HardpointSlot": 0,
			"GUID": null,
			"DamageLevel": "Functional",
			"prefabName": null,
			"hasPrefabName": false
		}
	],
	"CustomParts": {
		"CustomParts": []
	}
}