{
	"Description": {
		"Cost": 2800000,
		"Rarity": 1,
		"Purchasable": true,
		"Manufacturer": "",
		"Model": "",
		"UIName": "Scrapper",
		"Id": "chassisdef_scrapper_ARP-5J",
		"Name": "Scrapper",
		"Details": "The Scrapper is meant to do just that: scrap with the enemy. Scrappers are cheap and disposable, meant to simply close in and tie up enemy forces so that larger and more powerful units can destroy the enemy in detail. Armed with basic and functional weaponry, specifically a quartet of Twin-Linked Small Lasers mated to twin VRM-6 launchers, the Scrapper works without complaint and does a good job of its primary mission.",
		"Icon": "uixTxrIcon_scrapper"
	},
	"MovementCapDefID": "movedef_panther_PNT-9R",
	"PathingCapDefID": "pathingdef_light",
	"HardpointDataDefID": "hardpointdatadef_carronade",
	"PrefabIdentifier": "chrprfmech_carronadebase-001",
	"PrefabBase": "carronade",
	"Tonnage": 35,
	"InitialTonnage": 3.5,
	"weightClass": "LIGHT",
	"BattleValue": 3087000,
	"Heatsinks": 0,
	"TopSpeed": 85,
	"TurnRadius": 90,
	"MaxJumpjets": 30,
	"Stability": 100,
	"StabilityDefenses": [
		0,
		0,
		0,
		0,
		0,
		0
	],
	"SpotterDistanceMultiplier": 1,
	"VisibilityMultiplier": 1,
	"SensorRangeMultiplier": 1,
	"Signature": 0,
	"Radius": 4,
	"PunchesWithLeftArm": false,
	"MeleeDamage": 45,
	"MeleeInstability": 20,
	"MeleeToHitModifier": 0,
	"DFADamage": 45,
	"DFAToHitModifier": 0,
	"DFASelfDamage": 45,
	"DFAInstability": 20,
	"Locations": [
		{
			"Location": "Head",
			"Hardpoints": [],
			"Tonnage": 1,
			"InventorySlots": 6,
			"MaxArmor": 45,
			"MaxRearArmor": -1,
			"InternalStructure": 16
		},
		{
			"Location": "LeftArm",
			"Hardpoints": [
				{
					"WeaponMount": "Energy",
					"Omni": false
				},
				{
					"WeaponMount": "Energy",
					"Omni": false
				}
			],
			"Tonnage": 0,
			"InventorySlots": 12,
			"MaxArmor": 60,
			"MaxRearArmor": -1,
			"InternalStructure": 30
		},
		{
			"Location": "LeftTorso",
			"Hardpoints": [
				{
					"WeaponMount": "Missile",
					"Omni": false
				}
			],
			"Tonnage": 0,
			"InventorySlots": 12,
			"MaxArmor": 80,
			"MaxRearArmor": 40,
			"InternalStructure": 40
		},
		{
			"Location": "CenterTorso",
			"Hardpoints": [],
			"Tonnage": 0,
			"InventorySlots": 15,
			"MaxArmor": 110,
			"MaxRearArmor": 55,
			"InternalStructure": 55
		},
		{
			"Location": "RightTorso",
			"Hardpoints": [
				{
					"WeaponMount": "Missile",
					"Omni": false
				}
			],
			"Tonnage": 0,
			"InventorySlots": 12,
			"MaxArmor": 80,
			"MaxRearArmor": 40,
			"InternalStructure": 40
		},
		{
			"Location": "RightArm",
			"Hardpoints": [
				{
					"WeaponMount": "Energy",
					"Omni": false
				},
				{
					"WeaponMount": "Energy",
					"Omni": false
				},
				{
					"WeaponMount": "AntiPersonnel",
					"Omni": false
				}
			],
			"Tonnage": 0,
			"InventorySlots": 12,
			"MaxArmor": 60,
			"MaxRearArmor": -1,
			"InternalStructure": 30
		},
		{
			"Location": "LeftLeg",
			"Hardpoints": [],
			"Tonnage": 0,
			"InventorySlots": 6,
			"MaxArmor": 80,
			"MaxRearArmor": -1,
			"InternalStructure": 40
		},
		{
			"Location": "RightLeg",
			"Hardpoints": [],
			"Tonnage": 0,
			"InventorySlots": 6,
			"MaxArmor": 80,
			"MaxRearArmor": -1,
			"InternalStructure": 40
		}
	],
	"LOSSourcePositions": [
		{
			"x": 0,
			"y": 13,
			"z": 0
		},
		{
			"x": -3.5,
			"y": 12,
			"z": 0
		},
		{
			"x": 3.5,
			"y": 12,
			"z": 0
		}
	],
	"LOSTargetPositions": [
		{
			"x": 0,
			"y": 13,
			"z": 0
		},
		{
			"x": -3.5,
			"y": 12,
			"z": 0
		},
		{
			"x": 3.5,
			"y": 12,
			"z": 0
		},
		{
			"x": -2,
			"y": 4,
			"z": 0.5
		},
		{
			"x": 2,
			"y": 4,
			"z": 0.5
		}
	],
	"VariantName": "ARP-5J",
	"ChassisTags": {
		"items": [],
		"tagSetSourceFile": ""
	},
	"StockRole": "Line Combat Mech",
	"YangsThoughts": "The Scrapper is meant to do just that: scrap with the enemy. Scrappers are cheap and disposable, meant to simply close in and tie up enemy forces so that larger and more powerful units can destroy the enemy in detail. Armed with basic and functional weaponry, specifically a quartet of Twin-Linked Small Lasers mated to twin VRM-6 launchers, the Scrapper works without complaint and does a good job of its primary mission.",
	"FixedEquipment": [
		{
			"MountedLocation": "Head",
			"ComponentDefID": "Gear_Quirk_ImprovedTargeting_Scrapper",
			"SimGameUID": "",
			"ComponentDefType": "Upgrade",
			"HardpointSlot": -1,
			"GUID": null,
			"DamageLevel": "Functional",
			"prefabName": null,
			"hasPrefabName": false
		},
		{
			"MountedLocation": "CenterTorso",
			"ComponentDefID": "emod_structureslots_sanctuaryendosteel",
			"ComponentDefType": "Upgrade",
			"HardpointSlot": -1,
			"DamageLevel": "Functional",
			"prefabName": "",
			"hasPrefabName": true
		},
		{
			"MountedLocation": "Head",
			"ComponentDefID": "Gear_Cockpit_Sanctuary_Drone",
			"SimGameUID": "",
			"ComponentDefType": "Upgrade",
			"HardpointSlot": 0,
			"GUID": null,
			"DamageLevel": "Functional",
			"prefabName": null,
			"hasPrefabName": false
		}
	],
	"CustomParts": {
		"CustomParts": []
	}
}