{
	"Description": {
		"Cost": 450000,
		"Rarity": 0,
		"Purchasable": true,
		"Manufacturer": "",
		"Model": "",
		"UIName": "Stinger II",
		"Id": "chassisdef_stingerii_STG-2-4R",
		"Name": "Stinger II",
		"Details": "Among the Sanctuary's light mech roster is the Stinger II, based on the venerable Stinger from the Inner Sphere. The STG-2-4R is built to a bit of a different standard than the normal Stinger II. Armed with a Large Electro-Laser and an APM-4 with two tons of ammunition as well as with a Sanctuary Probe, the Stinger II-4R provides reasonable support for all situations. Unfortunately, it loses the Jump Jets in order to carry such a loadout, which has cost the mech some fans.",
		"Icon": "uixTxrIcon_stinger"
	},
	"MovementCapDefID": "movedef_commando_COM-2D",
	"PathingCapDefID": "pathingdef_light",
	"HardpointDataDefID": "hardpointdatadef_stingerlegacy",
	"PrefabIdentifier": "chrprfmech_stingerlegacybase-001",
	"PrefabBase": "stingerlegacy",
	"Tonnage": 25,
	"InitialTonnage": 2.5,
	"weightClass": "LIGHT",
	"BattleValue": 2061000,
	"Heatsinks": 0,
	"TopSpeed": 85,
	"TurnRadius": 90,
	"MaxJumpjets": 30,
	"Stability": 100,
	"StabilityDefenses": [
		0,
		0,
		0,
		0,
		0,
		0
	],
	"SpotterDistanceMultiplier": 1,
	"VisibilityMultiplier": 1,
	"SensorRangeMultiplier": 1,
	"Signature": 0,
	"Radius": 4,
	"PunchesWithLeftArm": false,
	"MeleeDamage": 35,
	"MeleeInstability": 10,
	"MeleeToHitModifier": 0,
	"DFADamage": 35,
	"DFAToHitModifier": 0,
	"DFASelfDamage": 35,
	"DFAInstability": 10,
	"Locations": [
		{
			"Location": "Head",
			"Hardpoints": [],
			"Tonnage": 0,
			"InventorySlots": 6,
			"MaxArmor": 45,
			"MaxRearArmor": -1,
			"InternalStructure": 16
		},
		{
			"Location": "LeftArm",
			"Hardpoints": [
				{
					"WeaponMount": "Missile",
					"Omni": false
				},
				{
					"WeaponMount": "AntiPersonnel",
					"Omni": false
				}
			],
			"Tonnage": 0,
			"InventorySlots": 12,
			"MaxArmor": 40,
			"MaxRearArmor": -1,
			"InternalStructure": 20
		},
		{
			"Location": "LeftTorso",
			"Hardpoints": [],
			"Tonnage": 0,
			"InventorySlots": 12,
			"MaxArmor": 60,
			"MaxRearArmor": 30,
			"InternalStructure": 30
		},
		{
			"Location": "CenterTorso",
			"Hardpoints": [],
			"Tonnage": 0,
			"InventorySlots": 15,
			"MaxArmor": 80,
			"MaxRearArmor": 40,
			"InternalStructure": 40
		},
		{
			"Location": "RightTorso",
			"Hardpoints": [],
			"Tonnage": 0,
			"InventorySlots": 12,
			"MaxArmor": 60,
			"MaxRearArmor": 30,
			"InternalStructure": 30
		},
		{
			"Location": "RightArm",
			"Hardpoints": [
				{
					"WeaponMount": "Energy",
					"Omni": false
				},
				{
					"WeaponMount": "AntiPersonnel",
					"Omni": false
				},
				{
					"WeaponMount": "AntiPersonnel",
					"Omni": false
				}
			],
			"Tonnage": 0,
			"InventorySlots": 12,
			"MaxArmor": 40,
			"MaxRearArmor": -1,
			"InternalStructure": 20
		},
		{
			"Location": "LeftLeg",
			"Hardpoints": [],
			"Tonnage": 0,
			"InventorySlots": 6,
			"MaxArmor": 60,
			"MaxRearArmor": -1,
			"InternalStructure": 30
		},
		{
			"Location": "RightLeg",
			"Hardpoints": [],
			"Tonnage": 0,
			"InventorySlots": 6,
			"MaxArmor": 60,
			"MaxRearArmor": -1,
			"InternalStructure": 30
		}
	],
	"LOSSourcePositions": [
		{
			"x": 0,
			"y": 9.5,
			"z": 0.5
		},
		{
			"x": -2.5,
			"y": 8.5,
			"z": -0.5
		},
		{
			"x": 2.5,
			"y": 8.5,
			"z": -0.5
		}
	],
	"LOSTargetPositions": [
		{
			"x": 0,
			"y": 9.5,
			"z": 0.5
		},
		{
			"x": -2.5,
			"y": 8.5,
			"z": -0.5
		},
		{
			"x": 2.5,
			"y": 8.5,
			"z": -0.5
		},
		{
			"x": -1.5,
			"y": 3,
			"z": 0.5
		},
		{
			"x": 1.5,
			"y": 3,
			"z": 0.5
		}
	],
	"VariantName": "STG-2-4R",
	"ChassisTags": {
		"items": [
			"OmniMech"
		],
		"tagSetSourceFile": ""
	},
	"StockRole": "Light Scout",
	"YangsThoughts": "Among the Sanctuary's light mech roster is the Stinger II, based on the venerable Stinger from the Inner Sphere. The STG-2-4R is built to a bit of a different standard than the normal Stinger II. Armed with a Large Electro-Laser and an APM-4 with two tons of ammunition as well as with a Sanctuary Probe, the Stinger II-4R provides reasonable support for all situations. Unfortunately, it loses the Jump Jets in order to carry such a loadout, which has cost the mech some fans.",
	"FixedEquipment": [
		{
			"MountedLocation": "CenterTorso",
			"ComponentDefID": "Gear_Quirk_EasytoMaintain_StingerII",
			"SimGameUID": "",
			"ComponentDefType": "Upgrade",
			"HardpointSlot": -1,
			"GUID": null,
			"DamageLevel": "Functional",
			"prefabName": null,
			"hasPrefabName": false
		},
		{
			"MountedLocation": "CenterTorso",
			"ComponentDefID": "emod_structureslots_sanctuaryendosteel",
			"ComponentDefType": "Upgrade",
			"HardpointSlot": -1,
			"DamageLevel": "Functional",
			"prefabName": "",
			"hasPrefabName": true
		},
		{
			"MountedLocation": "Head",
			"ComponentDefID": "Gear_Cockpit_Sanctuary_Drone",
			"SimGameUID": "",
			"ComponentDefType": "Upgrade",
			"HardpointSlot": 0,
			"GUID": null,
			"DamageLevel": "Functional",
			"prefabName": null,
			"hasPrefabName": false
		}
	],
	"CustomParts": {
		"CustomParts": []
	}
}