{
	"Custom": {
		"ArmActuatorSupport": {
			"LeftLimit": "Upper",
			"RightLimit": "Hand"
		}
	},
	"Description": {
		"Cost": 12944900,
		"Rarity": 5,
		"Purchasable": true,
		"Manufacturer": "",
		"Model": "",
		"UIName": "Crusher",
		"Id": "chassisdef_crusher_CRH-Y6",
		"Name": "Crusher",
		"Details": "While the Crusher was built with the new Sanctuary Worlds BattleMech Wing system in mind, it was also built to smash opponents flat with overwhelming and evasive firepower. While its four jump jets and wing provide it excellent maneuverability for a mech its size, maneuverability is nothing without firepower, something the Crusher has in spades. A trio of Double-Barrel Autocannon/5s provides grit while twin Large Electro-Lasers play second fiddle to the autocannons. 10 DHS and an XL engine keep the mech functional in all circumstances.",
		"Icon": "uixTxrIcon_crusher"
	},
	"MovementCapDefID": "movedef_banshee_BNC-3S",
	"PathingCapDefID": "pathingdef_assault",
	"HardpointDataDefID": "hardpointdatadef_iononanger",
	"PrefabIdentifier": "chrprfmech_iononangerbase-001",
	"PrefabBase": "iononanger",
	"Tonnage": 95,
	"InitialTonnage": 9.5,
	"weightClass": "ASSAULT",
	"BattleValue": 9360000,
	"Heatsinks": 0,
	"TopSpeed": 105,
	"TurnRadius": 90,
	"MaxJumpjets": 30,
	"Stability": 200,
	"StabilityDefenses": [
		0,
		0,
		0,
		0,
		0,
		0
	],
	"SpotterDistanceMultiplier": 1,
	"VisibilityMultiplier": 1,
	"SensorRangeMultiplier": 1,
	"Signature": 0,
	"Radius": 8,
	"PunchesWithLeftArm": false,
	"MeleeDamage": 105,
	"MeleeInstability": 50,
	"MeleeToHitModifier": 0,
	"DFADamage": 105,
	"DFAToHitModifier": 0,
	"DFASelfDamage": 105,
	"DFAInstability": 50,
	"Locations": [
		{
			"Location": "Head",
			"Hardpoints": [],
			"Tonnage": 0,
			"InventorySlots": 6,
			"MaxArmor": 45,
			"MaxRearArmor": -1,
			"InternalStructure": 16
		},
		{
			"Location": "LeftArm",
			"Hardpoints": [
				{
					"WeaponMount": "Ballistic",
					"Omni": false
				},
				{
					"WeaponMount": "Ballistic",
					"Omni": false
				},
				{
					"WeaponMount": "Ballistic",
					"Omni": false
				},
				{
					"WeaponMount": "Ballistic",
					"Omni": false
				}
			],
			"Tonnage": 0,
			"InventorySlots": 12,
			"MaxArmor": 160,
			"MaxRearArmor": -1,
			"InternalStructure": 80
		},
		{
			"Location": "LeftTorso",
			"Hardpoints": [],
			"Tonnage": 0,
			"InventorySlots": 12,
			"MaxArmor": 200,
			"MaxRearArmor": 100,
			"InternalStructure": 100
		},
		{
			"Location": "CenterTorso",
			"Hardpoints": [
				{
					"WeaponMount": "Energy",
					"Omni": false
				}
			],
			"Tonnage": 0,
			"InventorySlots": 16,
			"MaxArmor": 300,
			"MaxRearArmor": 150,
			"InternalStructure": 150
		},
		{
			"Location": "RightTorso",
			"Hardpoints": [
				{
					"WeaponMount": "Energy",
					"Omni": false
				},
				{
					"WeaponMount": "Energy",
					"Omni": false
				},
				{
					"WeaponMount": "Energy",
					"Omni": false
				},
				{
					"WeaponMount": "AntiPersonnel",
					"Omni": false
				},
				{
					"WeaponMount": "AntiPersonnel",
					"Omni": false
				}
			],
			"Tonnage": 0,
			"InventorySlots": 12,
			"MaxArmor": 200,
			"MaxRearArmor": 100,
			"InternalStructure": 100
		},
		{
			"Location": "RightArm",
			"Hardpoints": [],
			"Tonnage": 0,
			"InventorySlots": 12,
			"MaxArmor": 160,
			"MaxRearArmor": -1,
			"InternalStructure": 80
		},
		{
			"Location": "LeftLeg",
			"Hardpoints": [],
			"Tonnage": 0,
			"InventorySlots": 6,
			"MaxArmor": 200,
			"MaxRearArmor": -1,
			"InternalStructure": 100
		},
		{
			"Location": "RightLeg",
			"Hardpoints": [],
			"Tonnage": 0,
			"InventorySlots": 6,
			"MaxArmor": 200,
			"MaxRearArmor": -1,
			"InternalStructure": 100
		}
	],
	"LOSSourcePositions": [
		{
			"x": 0,
			"y": 17,
			"z": 0
		},
		{
			"x": 5,
			"y": 16,
			"z": -1
		},
		{
			"x": -5,
			"y": 16,
			"z": -1
		}
	],
	"LOSTargetPositions": [
		{
			"x": 0,
			"y": 17,
			"z": 0
		},
		{
			"x": 5,
			"y": 16,
			"z": -1
		},
		{
			"x": -5,
			"y": 16,
			"z": -1
		},
		{
			"x": 3.5,
			"y": 5.5,
			"z": 1
		},
		{
			"x": -3.5,
			"y": 5.5,
			"z": 1
		}
	],
	"FixedEquipment": [
		{
			"MountedLocation": "CenterTorso",
			"ComponentDefID": "Gear_Sanctuary_Mech_Wing_Assault",
			"SimGameUID": "",
			"ComponentDefType": "Upgrade",
			"HardpointSlot": -1,
			"GUID": null,
			"DamageLevel": "Functional",
			"prefabName": null,
			"hasPrefabName": false
		},
		{
			"MountedLocation": "LeftTorso",
			"ComponentDefID": "emod_battlemechwing_linked",
			"SimGameUID": "",
			"ComponentDefType": "Upgrade",
			"HardpointSlot": -1,
			"GUID": null,
			"DamageLevel": "Functional",
			"prefabName": null,
			"hasPrefabName": false
		},
		{
			"MountedLocation": "RightTorso",
			"ComponentDefID": "emod_battlemechwing_linked",
			"SimGameUID": "",
			"ComponentDefType": "Upgrade",
			"HardpointSlot": -1,
			"GUID": null,
			"DamageLevel": "Functional",
			"prefabName": null,
			"hasPrefabName": false
		},
		{
			"MountedLocation": "CenterTorso",
			"ComponentDefID": "emod_structureslots_sanctuaryendosteel",
			"SimGameUID": "",
			"ComponentDefType": "Upgrade",
			"HardpointSlot": -1,
			"GUID": null,
			"DamageLevel": "Functional",
			"prefabName": "",
			"hasPrefabName": false
		},
		{
			"MountedLocation": "Head",
			"ComponentDefID": "Gear_Cockpit_Sanctuary_Drone",
			"SimGameUID": "",
			"ComponentDefType": "Upgrade",
			"HardpointSlot": 0,
			"GUID": null,
			"DamageLevel": "Functional",
			"prefabName": null,
			"hasPrefabName": false
		}
	],
	"VariantName": "CRH-Y6",
	"ChassisTags": {
		"items": [],
		"tagSetSourceFile": ""
	},
	"StockRole": "Firepower From Above",
	"YangsThoughts": "While the Crusher was built with the new Sanctuary Worlds BattleMech Wing system in mind, it was also built to smash opponents flat with overwhelming and evasive firepower. While its four jump jets and wing provide it excellent maneuverability for a mech its size, maneuverability is nothing without firepower, something the Crusher has in spades. A trio of Double-Barrel Autocannon/5s provides grit while twin Large Electro-Lasers play second fiddle to the autocannons. 10 DHS and an XL engine keep the mech functional in all circumstances.",
	"CustomParts": {
		"CustomParts": []
	}
}