{
	"Description": {
		"Cost": 6200000,
		"Rarity": 3,
		"Purchasable": true,
		"Manufacturer": "",
		"Model": "",
		"UIName": "Thunderbolt",
		"Id": "chassisdef_thunderbolt_TDR-4S",
		"Name": "Thunderbolt",
		"Details": "The Thunderbolt, despite its generalist origins, often found itself forced into specialized roles during its service in the Sanctuary armies. Such was the case with the TDR-4S, a variant that specialized it for ranged combat. Utilizing a massive Gamma Cannon and a powerful VRM-18 rack, the -4S can destroy anything at range. However, at close-range it has only twin Small Lances and a Small Modal Laser for defense. The designers considered this though and included a Supercharger in the design to help it keep its distance from enemies 13 DHS try mightily to keep it all cold.",
		"Icon": "uixTxrIcon_thunderbolt"
	},
	"MovementCapDefID": "movedef_thunderbolt_TDR-5S",
	"PathingCapDefID": "pathingdef_heavy",
	"HardpointDataDefID": "hardpointdatadef_thunderbolt",
	"PrefabIdentifier": "chrPrfMech_thunderboltBase-001",
	"PrefabBase": "thunderbolt",
	"Tonnage": 65,
	"InitialTonnage": 6.5,
	"weightClass": "HEAVY",
	"BattleValue": 6057000,
	"Heatsinks": 0,
	"TopSpeed": 120,
	"TurnRadius": 90,
	"MaxJumpjets": 30,
	"Stability": 160,
	"StabilityDefenses": [
		0,
		0,
		0,
		0,
		0,
		0
	],
	"SpotterDistanceMultiplier": 1,
	"VisibilityMultiplier": 1,
	"SensorRangeMultiplier": 1,
	"Signature": 0,
	"Radius": 8,
	"PunchesWithLeftArm": false,
	"MeleeDamage": 75,
	"MeleeInstability": 35,
	"MeleeToHitModifier": 0,
	"DFADamage": 75,
	"DFAToHitModifier": 0,
	"DFASelfDamage": 75,
	"DFAInstability": 35,
	"Locations": [
		{
			"Location": "Head",
			"Hardpoints": [],
			"Tonnage": 0,
			"InventorySlots": 6,
			"MaxArmor": 45,
			"MaxRearArmor": -1,
			"InternalStructure": 16
		},
		{
			"Location": "LeftArm",
			"Hardpoints": [
				{
					"WeaponMount": "AntiPersonnel",
					"Omni": false
				},
				{
					"WeaponMount": "AntiPersonnel",
					"Omni": false
				}
			],
			"Tonnage": 0,
			"InventorySlots": 12,
			"MaxArmor": 100,
			"MaxRearArmor": -1,
			"InternalStructure": 50
		},
		{
			"Location": "LeftTorso",
			"Hardpoints": [
				{
					"WeaponMount": "AntiPersonnel",
					"Omni": false
				},
				{
					"WeaponMount": "AntiPersonnel",
					"Omni": false
				},
				{
					"WeaponMount": "Energy",
					"Omni": false
				}
			],
			"Tonnage": 0,
			"InventorySlots": 12,
			"MaxArmor": 150,
			"MaxRearArmor": 75,
			"InternalStructure": 75
		},
		{
			"Location": "CenterTorso",
			"Hardpoints": [],
			"Tonnage": 0,
			"InventorySlots": 15,
			"MaxArmor": 210,
			"MaxRearArmor": 105,
			"InternalStructure": 105
		},
		{
			"Location": "RightTorso",
			"Hardpoints": [
				{
					"WeaponMount": "Missile",
					"Omni": false
				},
				{
					"WeaponMount": "Missile",
					"Omni": false
				}
			],
			"Tonnage": 0,
			"InventorySlots": 12,
			"MaxArmor": 150,
			"MaxRearArmor": 75,
			"InternalStructure": 75
		},
		{
			"Location": "RightArm",
			"Hardpoints": [
				{
					"WeaponMount": "Energy",
					"Omni": false
				},
				{
					"WeaponMount": "Energy",
					"Omni": false
				}
			],
			"Tonnage": 0,
			"InventorySlots": 12,
			"MaxArmor": 100,
			"MaxRearArmor": -1,
			"InternalStructure": 50
		},
		{
			"Location": "LeftLeg",
			"Hardpoints": [],
			"Tonnage": 0,
			"InventorySlots": 6,
			"MaxArmor": 150,
			"MaxRearArmor": -1,
			"InternalStructure": 75
		},
		{
			"Location": "RightLeg",
			"Hardpoints": [],
			"Tonnage": 0,
			"InventorySlots": 6,
			"MaxArmor": 150,
			"MaxRearArmor": -1,
			"InternalStructure": 75
		}
	],
	"LOSSourcePositions": [
		{
			"x": 0,
			"y": 14,
			"z": 1
		},
		{
			"x": 4,
			"y": 13,
			"z": 0
		},
		{
			"x": -4,
			"y": 13,
			"z": 0
		}
	],
	"LOSTargetPositions": [
		{
			"x": 0,
			"y": 14,
			"z": 1
		},
		{
			"x": 4,
			"y": 13,
			"z": 0
		},
		{
			"x": -4,
			"y": 13,
			"z": 0
		},
		{
			"x": 3,
			"y": 5,
			"z": 0
		},
		{
			"x": -3,
			"y": 5,
			"z": 0
		}
	],
	"VariantName": "TDR-4S",
	"ChassisTags": {
		"items": [],
		"tagSetSourceFile": ""
	},
	"StockRole": "Line Trooper",
	"YangsThoughts": "The Thunderbolt, despite its generalist origins, often found itself forced into specialized roles during its service in the Sanctuary armies. Such was the case with the TDR-4S, a variant that specialized it for ranged combat. Utilizing a massive Gamma Cannon and a powerful VRM-18 rack, the -4S can destroy anything at range. However, at close-range it has only twin Small Lances and a Small Modal Laser for defense. The designers considered this though and included a Supercharger in the design to help it keep its distance from enemies 13 DHS try mightily to keep it all cold.",
	"FixedEquipment": [
		{
			"MountedLocation": "Head",
			"ComponentDefID": "Gear_Cockpit_Sanctuary_Drone",
			"SimGameUID": "",
			"ComponentDefType": "Upgrade",
			"HardpointSlot": -1,
			"GUID": null,
			"DamageLevel": "Functional",
			"prefabName": null,
			"hasPrefabName": false
		},
		{
			"MountedLocation": "Head",
			"ComponentDefID": "Gear_Quirk_CombatComputer_Thunderbolt",
			"SimGameUID": "",
			"ComponentDefType": "Upgrade",
			"HardpointSlot": -1,
			"GUID": null,
			"DamageLevel": "Functional",
			"prefabName": null,
			"hasPrefabName": false
		},
		{
			"MountedLocation": "CenterTorso",
			"ComponentDefID": "emod_structureslots_standard",
			"ComponentDefType": "Upgrade",
			"HardpointSlot": -1,
			"DamageLevel": "Functional",
			"prefabName": "",
			"hasPrefabName": true
		}
	],
	"CustomParts": {
		"CustomParts": []
	}
}