{
	"Custom": {
		"ArmActuatorSupport": {
			"LeftLimit": "Hand",
			"RightLimit": "Hand"
		},
		"AssemblyVariant": {
			"PrefabID": "ShadowhawkII",
			"Exclude": false,
			"Include": true
		}
	},
	"Description": {
		"Cost": 5400000,
		"Rarity": 2,
		"Purchasable": true,
		"Manufacturer": "",
		"Model": "",
		"UIName": "Shadow Hawk II",
		"Id": "chassisdef_shadowhawkii_SHD-2-3G",
		"Name": "Shadow Hawk II",
		"Details": "Developed in secrecy and deployed by the Mallard Republic only in the most dire of circumstances, the Shadow Hawk II SHD-2-3G carries a gigantic weapon, the Light Mass Driver. Caapable of immense destruction at extreme range, the Light Mass Driver is a closely guarded secret of the Republic. The remainder of the SHD-2-3G is relatively mundane: a Large Modal Laser is the only remaining armament while Endo-Steel, Ferro-Fibrous, and an XL Engine provide the required tonnage for the mass driver. Finally, 5 Jump Jets permit quick repositioning in case of emergencies.",
		"Icon": "uixTxrIcon_shadowhawk"
	},
	"MovementCapDefID": "movedef_shadowhawk_SHD-2H",
	"PathingCapDefID": "pathingdef_medium",
	"HardpointDataDefID": "hardpointdatadef_shadowhawk",
	"PrefabIdentifier": "chrPrfMech_shadowhawkBase-001",
	"PrefabBase": "shadowhawk",
	"Tonnage": 55,
	"InitialTonnage": 5.5,
	"weightClass": "MEDIUM",
	"BattleValue": 5171000,
	"Heatsinks": 0,
	"TopSpeed": 80,
	"TurnRadius": 90,
	"MaxJumpjets": 30,
	"Stability": 130,
	"StabilityDefenses": [
		0,
		0,
		0,
		0,
		0,
		0
	],
	"SpotterDistanceMultiplier": 1,
	"VisibilityMultiplier": 1,
	"SensorRangeMultiplier": 1,
	"Signature": 0,
	"Radius": 5,
	"PunchesWithLeftArm": false,
	"MeleeDamage": 65,
	"MeleeInstability": 30,
	"MeleeToHitModifier": 0,
	"DFADamage": 65,
	"DFAToHitModifier": 0,
	"DFASelfDamage": 65,
	"DFAInstability": 30,
	"Locations": [
		{
			"Location": "Head",
			"Hardpoints": [
				{
					"WeaponMount": "Missile",
					"Omni": false
				}
			],
			"Tonnage": 0,
			"InventorySlots": 6,
			"MaxArmor": 45,
			"MaxRearArmor": -1,
			"InternalStructure": 16
		},
		{
			"Location": "LeftArm",
			"Hardpoints": [
				{
					"WeaponMount": "AntiPersonnel",
					"Omni": false
				}
			],
			"Tonnage": 0,
			"InventorySlots": 12,
			"MaxArmor": 90,
			"MaxRearArmor": -1,
			"InternalStructure": 45
		},
		{
			"Location": "LeftTorso",
			"Hardpoints": [
				{
					"WeaponMount": "Ballistic",
					"Omni": false
				},
				{
					"WeaponMount": "Ballistic",
					"Omni": false
				}
			],
			"Tonnage": 0,
			"InventorySlots": 12,
			"MaxArmor": 130,
			"MaxRearArmor": 65,
			"InternalStructure": 65
		},
		{
			"Location": "CenterTorso",
			"Hardpoints": [
				{
					"WeaponMount": "Missile",
					"Omni": false
				}
			],
			"Tonnage": 0,
			"InventorySlots": 15,
			"MaxArmor": 180,
			"MaxRearArmor": 90,
			"InternalStructure": 90
		},
		{
			"Location": "RightTorso",
			"Hardpoints": [
				{
					"WeaponMount": "Missile",
					"Omni": false
				}
			],
			"Tonnage": 0,
			"InventorySlots": 12,
			"MaxArmor": 130,
			"MaxRearArmor": 65,
			"InternalStructure": 65
		},
		{
			"Location": "RightArm",
			"Hardpoints": [
				{
					"WeaponMount": "Energy",
					"Omni": false
				},
				{
					"WeaponMount": "AntiPersonnel",
					"Omni": false
				}
			],
			"Tonnage": 0,
			"InventorySlots": 12,
			"MaxArmor": 90,
			"MaxRearArmor": -1,
			"InternalStructure": 45
		},
		{
			"Location": "LeftLeg",
			"Hardpoints": [],
			"Tonnage": 0,
			"InventorySlots": 6,
			"MaxArmor": 130,
			"MaxRearArmor": -1,
			"InternalStructure": 65
		},
		{
			"Location": "RightLeg",
			"Hardpoints": [],
			"Tonnage": 0,
			"InventorySlots": 6,
			"MaxArmor": 130,
			"MaxRearArmor": -1,
			"InternalStructure": 65
		}
	],
	"LOSSourcePositions": [
		{
			"x": 0,
			"y": 15,
			"z": 0
		},
		{
			"x": 4,
			"y": 15,
			"z": 0
		},
		{
			"x": -4,
			"y": 15,
			"z": 0
		}
	],
	"LOSTargetPositions": [
		{
			"x": 0,
			"y": 15,
			"z": 0
		},
		{
			"x": 4,
			"y": 15,
			"z": 0
		},
		{
			"x": -4,
			"y": 15,
			"z": 0
		},
		{
			"x": 2.5,
			"y": 6,
			"z": 2.5
		},
		{
			"x": -2.5,
			"y": 6,
			"z": 2.5
		}
	],
	"VariantName": "SHD-2-3G",
	"ChassisTags": {
		"items": [],
		"tagSetSourceFile": ""
	},
	"StockRole": "Striker Cavalry",
	"YangsThoughts": "Developed in secrecy and deployed by the Mallard Republic only in the most dire of circumstances, the Shadow Hawk II SHD-2-3G carries a gigantic weapon, the Light Mass Driver. Caapable of immense destruction at extreme range, the Light Mass Driver is a closely guarded secret of the Republic. The remainder of the SHD-2-3G is relatively mundane: a Large Modal Laser is the only remaining armament while Endo-Steel, Ferro-Fibrous, and an XL Engine provide the required tonnage for the mass driver. Finally, 5 Jump Jets permit quick repositioning in case of emergencies.",
	"FixedEquipment": [
		{
			"MountedLocation": "LeftArm",
			"ComponentDefID": "Gear_Quirk_Battlefists_ShadowHawkII",
			"SimGameUID": "",
			"ComponentDefType": "Upgrade",
			"HardpointSlot": -1,
			"GUID": null,
			"DamageLevel": "Functional",
			"prefabName": null,
			"hasPrefabName": false
		},
		{
			"MountedLocation": "RightArm",
			"ComponentDefID": "Gear_Quirk_Battlefists_ShadowHawkII",
			"SimGameUID": "",
			"ComponentDefType": "Upgrade",
			"HardpointSlot": -1,
			"GUID": null,
			"DamageLevel": "Functional",
			"prefabName": null,
			"hasPrefabName": false
		},
		{
			"MountedLocation": "CenterTorso",
			"ComponentDefID": "emod_structureslots_sanctuaryendosteel",
			"ComponentDefType": "Upgrade",
			"HardpointSlot": -1,
			"DamageLevel": "Functional",
			"prefabName": "",
			"hasPrefabName": true
		},
		{
			"MountedLocation": "Head",
			"ComponentDefID": "Gear_Cockpit_Sanctuary_Drone",
			"SimGameUID": "",
			"ComponentDefType": "Upgrade",
			"HardpointSlot": 0,
			"GUID": null,
			"DamageLevel": "Functional",
			"prefabName": null,
			"hasPrefabName": false
		}
	],
	"CustomParts": {
		"CustomParts": []
	}
}