{
	"Custom": {
		"ArmActuatorSupport": {
			"LeftLimit": "Upper",
			"RightLimit": "Upper"
		}
	},
	"Description": {
		"Cost": 1900000,
		"Rarity": 0,
		"Purchasable": true,
		"Manufacturer": "",
		"Model": "",
		"UIName": "Blaze",
		"Id": "chassisdef_blaze_BLZ-3X",
		"Name": "Blaze",
		"Details": "Designed with a slim profile and high speed in mind, the Blaze exists for one purpose: flames. The BLZ-3X carries the requisite quartet of flamers but ups the ante with a Directed X-Ray Cannon. While the DXR is not, strictly speaking, a flame weapon it does behave like one against hardened targets. The standard Small Modal Laser remains while an AMS has been added for extra missile protection. To pay for the weight of the DXR, the -3X carries an XL Engine.",
		"Icon": "uixTxrIcon_blaze"
	},
	"MovementCapDefID": "movedef_urbanmech_UM-R60",
	"PathingCapDefID": "pathingdef_light",
	"HardpointDataDefID": "hardpointdatadef_darkcrow",
	"PrefabIdentifier": "chrprfmech_darkcrowbase-001",
	"PrefabBase": "darkcrow",
	"Tonnage": 30,
	"InitialTonnage": 3,
	"weightClass": "LIGHT",
	"BattleValue": 1892000,
	"Heatsinks": 0,
	"TopSpeed": 85,
	"TurnRadius": 90,
	"MaxJumpjets": 30,
	"Stability": 100,
	"StabilityDefenses": [
		0,
		0,
		0,
		0,
		0,
		0
	],
	"SpotterDistanceMultiplier": 1,
	"VisibilityMultiplier": 1,
	"SensorRangeMultiplier": 1,
	"Signature": 0,
	"Radius": 4,
	"PunchesWithLeftArm": false,
	"MeleeDamage": 30,
	"MeleeInstability": 10,
	"MeleeToHitModifier": 0,
	"DFADamage": 30,
	"DFAToHitModifier": 0,
	"DFASelfDamage": 30,
	"DFAInstability": 10,
	"Locations": [
		{
			"Location": "Head",
			"Hardpoints": [],
			"Tonnage": 0,
			"InventorySlots": 6,
			"MaxArmor": 45,
			"MaxRearArmor": -1,
			"InternalStructure": 16
		},
		{
			"Location": "LeftArm",
			"Hardpoints": [],
			"Tonnage": 0,
			"InventorySlots": 12,
			"MaxArmor": 50,
			"MaxRearArmor": -1,
			"InternalStructure": 25
		},
		{
			"Location": "LeftTorso",
			"Hardpoints": [
				{
					"WeaponMount": "AntiPersonnel",
					"Omni": false
				},
				{
					"WeaponMount": "AntiPersonnel",
					"Omni": false
				},
				{
					"WeaponMount": "AntiPersonnel",
					"Omni": false
				}
			],
			"Tonnage": 0,
			"InventorySlots": 12,
			"MaxArmor": 70,
			"MaxRearArmor": 35,
			"InternalStructure": 35
		},
		{
			"Location": "CenterTorso",
			"Hardpoints": [],
			"Tonnage": 0,
			"InventorySlots": 15,
			"MaxArmor": 100,
			"MaxRearArmor": 50,
			"InternalStructure": 50
		},
		{
			"Location": "RightTorso",
			"Hardpoints": [
				{
					"WeaponMount": "Energy",
					"Omni": false
				},
				{
					"WeaponMount": "AntiPersonnel",
					"Omni": false
				},
				{
					"WeaponMount": "AntiPersonnel",
					"Omni": false
				},
				{
					"WeaponMount": "AntiPersonnel",
					"Omni": false
				}
			],
			"Tonnage": 0,
			"InventorySlots": 12,
			"MaxArmor": 70,
			"MaxRearArmor": 35,
			"InternalStructure": 35
		},
		{
			"Location": "RightArm",
			"Hardpoints": [],
			"Tonnage": 0,
			"InventorySlots": 12,
			"MaxArmor": 50,
			"MaxRearArmor": -1,
			"InternalStructure": 25
		},
		{
			"Location": "LeftLeg",
			"Hardpoints": [],
			"Tonnage": 0,
			"InventorySlots": 6,
			"MaxArmor": 70,
			"MaxRearArmor": -1,
			"InternalStructure": 35
		},
		{
			"Location": "RightLeg",
			"Hardpoints": [],
			"Tonnage": 0,
			"InventorySlots": 6,
			"MaxArmor": 70,
			"MaxRearArmor": -1,
			"InternalStructure": 35
		}
	],
	"LOSSourcePositions": [
		{
			"x": 0,
			"y": 9.5,
			"z": 0.5
		},
		{
			"x": -2.5,
			"y": 8.5,
			"z": -0.5
		},
		{
			"x": 2.5,
			"y": 8.5,
			"z": -0.5
		}
	],
	"LOSTargetPositions": [
		{
			"x": 0,
			"y": 9.5,
			"z": 0.5
		},
		{
			"x": -2.5,
			"y": 8.5,
			"z": -0.5
		},
		{
			"x": 2.5,
			"y": 8.5,
			"z": -0.5
		},
		{
			"x": -1.5,
			"y": 3,
			"z": 0.5
		},
		{
			"x": 1.5,
			"y": 3,
			"z": 0.5
		}
	],
	"FixedEquipment": [
		{
			"MountedLocation": "CenterTorso",
			"ComponentDefID": "Gear_Quirk_NarrowProfile_Blaze",
			"SimGameUID": "",
			"ComponentDefType": "Upgrade",
			"HardpointSlot": -1,
			"GUID": null,
			"DamageLevel": "Functional",
			"prefabName": null,
			"hasPrefabName": false
		},
		{
			"MountedLocation": "CenterTorso",
			"ComponentDefID": "emod_structureslots_sanctuaryendosteel",
			"ComponentDefType": "Upgrade",
			"HardpointSlot": -1,
			"DamageLevel": "Functional",
			"prefabName": "",
			"hasPrefabName": true
		},
		{
			"MountedLocation": "Head",
			"ComponentDefID": "Gear_Cockpit_Sanctuary_Drone",
			"SimGameUID": "",
			"ComponentDefType": "Upgrade",
			"HardpointSlot": 0,
			"GUID": null,
			"DamageLevel": "Functional",
			"prefabName": null,
			"hasPrefabName": false
		}
	],
	"VariantName": "BLZ-3X",
	"ChassisTags": {
		"items": [],
		"tagSetSourceFile": ""
	},
	"StockRole": "Fast Flanker",
	"YangsThoughts": "Designed with a slim profile and high speed in mind, the Blaze exists for one purpose: flames. The BLZ-3X carries the requisite quartet of flamers but ups the ante with a Directed X-Ray Cannon. While the DXR is not, strictly speaking, a flame weapon it does behave like one against hardened targets. The standard Small Modal Laser remains while an AMS has been added for extra missile protection. To pay for the weight of the DXR, the -3X carries an XL Engine."
}