{
	"Custom": {
		"ArmActuatorSupport": {
			"RightLimit": "Lower",
			"LeftLimit": "Lower"
		}
	},
	"Description": {
		"Cost": 14000000,
		"Rarity": 4,
		"Purchasable": true,
		"Manufacturer": "",
		"Model": "",
		"UIName": "Emperor",
		"Id": "chassisdef_emperor_EMP-5B",
		"Name": "Emperor",
		"Details": "One of the very earliest assault 'Mechs, the Emperor accompanied the Sanctuary Worlders on their sojurn out of the Inner Sphere. In the Sanctuary, the Emperor found new life as their premier assault design. The EMP-5B is the base Sanctuary model, armed with twin Double-Barrel AC/10s and a brace of Large and Medium Electro-Lasers. The Emperor's traditional Jump Jets remain in place, giving it excellent maneuverability for a 'Mech its size. The armor remains thick as well and the ammunition is protected by SHIELD for maximum survivability.",
		"Icon": "uixTxrIcon_emperor"
	},
	"MovementCapDefID": "movedef_emperor_EMP-6A",
	"PathingCapDefID": "pathingdef_assault",
	"HardpointDataDefID": "hardpointdatadef_emperor",
	"PrefabIdentifier": "chrprfmech_emperorbase-001",
	"PrefabBase": "emperor",
	"Tonnage": 90,
	"InitialTonnage": 9,
	"weightClass": "ASSAULT",
	"BattleValue": 9642000,
	"Heatsinks": 0,
	"TopSpeed": 105,
	"TurnRadius": 90,
	"MaxJumpjets": 30,
	"Stability": 200,
	"StabilityDefenses": [
		0,
		0,
		0,
		0,
		0,
		0
	],
	"SpotterDistanceMultiplier": 1,
	"VisibilityMultiplier": 1,
	"SensorRangeMultiplier": 1,
	"Signature": 0,
	"Radius": 8,
	"PunchesWithLeftArm": false,
	"MeleeDamage": 95,
	"MeleeInstability": 45,
	"MeleeToHitModifier": 0,
	"DFADamage": 95,
	"DFAToHitModifier": 0,
	"DFASelfDamage": 95,
	"DFAInstability": 45,
	"Locations": [
		{
			"Location": "Head",
			"Hardpoints": [
				{
					"WeaponMount": "Energy",
					"Omni": false
				}
			],
			"Tonnage": 0,
			"InventorySlots": 6,
			"MaxArmor": 45,
			"MaxRearArmor": -1,
			"InternalStructure": 16
		},
		{
			"Location": "LeftArm",
			"Hardpoints": [
				{
					"WeaponMount": "Ballistic",
					"Omni": false
				},
				{
					"WeaponMount": "Energy",
					"Omni": false
				}
			],
			"Tonnage": 0,
			"InventorySlots": 12,
			"MaxArmor": 150,
			"MaxRearArmor": -1,
			"InternalStructure": 75
		},
		{
			"Location": "LeftTorso",
			"Hardpoints": [
				{
					"WeaponMount": "Energy",
					"Omni": false
				},
				{
					"WeaponMount": "Energy",
					"Omni": false
				}
			],
			"Tonnage": 0,
			"InventorySlots": 12,
			"MaxArmor": 190,
			"MaxRearArmor": 95,
			"InternalStructure": 95
		},
		{
			"Location": "CenterTorso",
			"Hardpoints": [],
			"Tonnage": 0,
			"InventorySlots": 15,
			"MaxArmor": 290,
			"MaxRearArmor": 145,
			"InternalStructure": 145
		},
		{
			"Location": "RightTorso",
			"Hardpoints": [
				{
					"WeaponMount": "Energy",
					"Omni": false
				},
				{
					"WeaponMount": "Energy",
					"Omni": false
				}
			],
			"Tonnage": 0,
			"InventorySlots": 12,
			"MaxArmor": 190,
			"MaxRearArmor": 95,
			"InternalStructure": 95
		},
		{
			"Location": "RightArm",
			"Hardpoints": [
				{
					"WeaponMount": "Ballistic",
					"Omni": false
				},
				{
					"WeaponMount": "Energy",
					"Omni": false
				}
			],
			"Tonnage": 0,
			"InventorySlots": 12,
			"MaxArmor": 150,
			"MaxRearArmor": -1,
			"InternalStructure": 75
		},
		{
			"Location": "LeftLeg",
			"Hardpoints": [],
			"Tonnage": 0,
			"InventorySlots": 6,
			"MaxArmor": 190,
			"MaxRearArmor": -1,
			"InternalStructure": 95
		},
		{
			"Location": "RightLeg",
			"Hardpoints": [],
			"Tonnage": 0,
			"InventorySlots": 6,
			"MaxArmor": 190,
			"MaxRearArmor": -1,
			"InternalStructure": 95
		}
	],
	"LOSSourcePositions": [
		{
			"x": 0,
			"y": 17,
			"z": 0
		},
		{
			"x": 5,
			"y": 16,
			"z": -1
		},
		{
			"x": -5,
			"y": 16,
			"z": -1
		}
	],
	"LOSTargetPositions": [
		{
			"x": 0,
			"y": 17,
			"z": 0
		},
		{
			"x": 5,
			"y": 16,
			"z": -1
		},
		{
			"x": -5,
			"y": 16,
			"z": -1
		},
		{
			"x": 3.5,
			"y": 5.5,
			"z": 1
		},
		{
			"x": -3.5,
			"y": 5.5,
			"z": 1
		}
	],
	"VariantName": "EMP-5B",
	"ChassisTags": {
		"items": [],
		"tagSetSourceFile": ""
	},
	"StockRole": "All Around Assault",
	"YangsThoughts": "One of the very earliest assault 'Mechs, the Emperor accompanied the Sanctuary Worlders on their sojurn out of the Inner Sphere. In the Sanctuary, the Emperor found new life as their premier assault design. The EMP-5B is the base Sanctuary model, armed with twin Double-Barrel AC/10s and a brace of Large and Medium Electro-Lasers. The Emperor's traditional Jump Jets remain in place, giving it excellent maneuverability for a 'Mech its size. The armor remains thick as well and the ammunition is protected by SHIELD for maximum survivability.",
	"FixedEquipment": [
		{
			"MountedLocation": "Head",
			"ComponentDefID": "Gear_Quirk_ImprovedLifeSupport_Emperor",
			"SimGameUID": "",
			"ComponentDefType": "Upgrade",
			"HardpointSlot": -1,
			"GUID": null,
			"DamageLevel": "Functional",
			"prefabName": null,
			"hasPrefabName": false
		},
		{
			"MountedLocation": "CenterTorso",
			"ComponentDefID": "emod_structureslots_standard",
			"SimGameUID": "",
			"ComponentDefType": "Upgrade",
			"HardpointSlot": -1,
			"GUID": null,
			"DamageLevel": "Functional",
			"prefabName": "",
			"hasPrefabName": false
		},
		{
			"MountedLocation": "Head",
			"ComponentDefID": "Gear_Cockpit_Sanctuary_Drone",
			"SimGameUID": "",
			"ComponentDefType": "Upgrade",
			"HardpointSlot": 0,
			"GUID": null,
			"DamageLevel": "Functional",
			"prefabName": null,
			"hasPrefabName": false
		}
	],
	"CustomParts": {
		"CustomParts": []
	}
}