{
	"Custom": {
		"ArmActuatorSupport": {
			"RightLimit": "Lower"
		}
	},
	"Description": {
		"Cost": 3731952,
		"Rarity": 6,
		"Purchasable": true,
		"Manufacturer": "",
		"Model": "",
		"UIName": "Liquidator",
		"Id": "chassisdef_liquidator_LQD-2L",
		"Name": "Liquidator",
		"Details": "With the generally agreed-upon failure of the LQD-1R to perform its primary duties, Sanctuary commanders quickly began exploring variants of the Liquidator that could accomplish its primary mission. The -2L is one such design. Armed with a Large Lance and twin APM-4s, the LQD-2L is quite capable of slicing lighter designs apart and even threatening larger ones as well. Ferro-Fibrous armor and Endo-Steel structure join the Liquidator's XL engine in order to provide weight for the loadout.",
		"Icon": "uixTxrIcon_liquidator"
	},
	"MovementCapDefID": "movedef_assassin_ASN-21",
	"PathingCapDefID": "pathingdef_medium",
	"HardpointDataDefID": "hardpointdatadef_assassin2",
	"PrefabIdentifier": "chrprfmech_assassin2base-001",
	"PrefabBase": "assassin2",
	"Tonnage": 40,
	"InitialTonnage": 4,
	"weightClass": "MEDIUM",
	"BattleValue": 4252000,
	"Heatsinks": 0,
	"TopSpeed": 185,
	"TurnRadius": 90,
	"MaxJumpjets": 30,
	"Stability": 130,
	"StabilityDefenses": [
		0,
		0,
		0,
		0,
		0,
		0
	],
	"SpotterDistanceMultiplier": 1,
	"VisibilityMultiplier": 1,
	"SensorRangeMultiplier": 1,
	"Signature": 0,
	"Radius": 5,
	"PunchesWithLeftArm": true,
	"MeleeDamage": 45,
	"MeleeInstability": 20,
	"MeleeToHitModifier": 0,
	"DFADamage": 45,
	"DFAToHitModifier": 0,
	"DFASelfDamage": 45,
	"DFAInstability": 20,
	"Locations": [
		{
			"Location": "Head",
			"Hardpoints": [],
			"Tonnage": 0,
			"InventorySlots": 6,
			"MaxArmor": 45,
			"MaxRearArmor": -1,
			"InternalStructure": 16
		},
		{
			"Location": "LeftArm",
			"Hardpoints": [],
			"Tonnage": 0,
			"InventorySlots": 12,
			"MaxArmor": 60,
			"MaxRearArmor": -1,
			"InternalStructure": 30
		},
		{
			"Location": "LeftTorso",
			"Hardpoints": [
				{
					"WeaponMount": "Missile",
					"Omni": false
				},
				{
					"WeaponMount": "AntiPersonnel",
					"Omni": false
				}
			],
			"Tonnage": 0,
			"InventorySlots": 12,
			"MaxArmor": 100,
			"MaxRearArmor": 50,
			"InternalStructure": 50
		},
		{
			"Location": "CenterTorso",
			"Hardpoints": [],
			"Tonnage": 0,
			"InventorySlots": 15,
			"MaxArmor": 120,
			"MaxRearArmor": 60,
			"InternalStructure": 60
		},
		{
			"Location": "RightTorso",
			"Hardpoints": [
				{
					"WeaponMount": "Missile",
					"Omni": false
				},
				{
					"WeaponMount": "AntiPersonnel",
					"Omni": false
				}
			],
			"Tonnage": 0,
			"InventorySlots": 12,
			"MaxArmor": 100,
			"MaxRearArmor": 50,
			"InternalStructure": 50
		},
		{
			"Location": "RightArm",
			"Hardpoints": [
				{
					"WeaponMount": "Energy",
					"Omni": false
				},
				{
					"WeaponMount": "Energy",
					"Omni": false
				},
				{
					"WeaponMount": "AntiPersonnel",
					"Omni": false
				}
			],
			"Tonnage": 0,
			"InventorySlots": 12,
			"MaxArmor": 60,
			"MaxRearArmor": -1,
			"InternalStructure": 30
		},
		{
			"Location": "LeftLeg",
			"Hardpoints": [],
			"Tonnage": 0,
			"InventorySlots": 6,
			"MaxArmor": 100,
			"MaxRearArmor": -1,
			"InternalStructure": 50
		},
		{
			"Location": "RightLeg",
			"Hardpoints": [],
			"Tonnage": 0,
			"InventorySlots": 6,
			"MaxArmor": 100,
			"MaxRearArmor": -1,
			"InternalStructure": 50
		}
	],
	"LOSSourcePositions": [
		{
			"x": 0,
			"y": 13.5,
			"z": 0
		},
		{
			"x": 3,
			"y": 12.5,
			"z": -0.5
		},
		{
			"x": -3,
			"y": 12.5,
			"z": -0.5
		}
	],
	"LOSTargetPositions": [
		{
			"x": 0,
			"y": 13.5,
			"z": 0
		},
		{
			"x": 3,
			"y": 12.5,
			"z": -0.5
		},
		{
			"x": -3,
			"y": 12.5,
			"z": 0.5
		},
		{
			"x": 2,
			"y": 6,
			"z": 1
		},
		{
			"x": -2,
			"y": 6,
			"z": 1
		}
	],
	"VariantName": "LQD-2L",
	"ChassisTags": {
		"items": [],
		"tagSetSourceFile": ""
	},
	"StockRole": "Hunter-Killer",
	"YangsThoughts": "With the generally agreed-upon failure of the LQD-1R to perform its primary duties, Sanctuary commanders quickly began exploring variants of the Liquidator that could accomplish its primary mission. The -2L is one such design. Armed with a Large Lance and twin APM-4s, the LQD-2L is quite capable of slicing lighter designs apart and even threatening larger ones as well. Ferro-Fibrous armor and Endo-Steel structure join the Liquidator's XL engine in order to provide weight for the loadout.",
	"FixedEquipment": [
		{
			"MountedLocation": "CenterTorso",
			"ComponentDefID": "Gear_Quirk_NimbleJumper_Liquidator",
			"SimGameUID": "",
			"ComponentDefType": "Upgrade",
			"HardpointSlot": -1,
			"GUID": null,
			"DamageLevel": "Functional",
			"prefabName": null,
			"hasPrefabName": false
		},
		{
			"MountedLocation": "CenterTorso",
			"ComponentDefID": "emod_structureslots_sanctuaryendosteel",
			"SimGameUID": "",
			"ComponentDefType": "Upgrade",
			"HardpointSlot": -1,
			"GUID": null,
			"DamageLevel": "Functional",
			"prefabName": "",
			"hasPrefabName": false
		},
		{
			"MountedLocation": "Head",
			"ComponentDefID": "Gear_Cockpit_Sanctuary_Drone",
			"SimGameUID": "",
			"ComponentDefType": "Upgrade",
			"HardpointSlot": 0,
			"GUID": null,
			"DamageLevel": "Functional",
			"prefabName": null,
			"hasPrefabName": false
		}
	],
	"CustomParts": {
		"CustomParts": []
	}
}