{
	"Custom": {
		"ArmActuatorSupport": {
			"LeftLimit": "Hand",
			"RightLimit": "Hand"
		}
	},
	"Description": {
		"Cost": 4100000,
		"Rarity": 1,
		"Purchasable": true,
		"Manufacturer": "",
		"Model": "",
		"UIName": "Pixie",
		"Id": "chassisdef_pixie_PXI-1M",
		"Name": "Pixie",
		"Details": "The Pixie, the reimagined Sanctuary Worlds Phoenix Hawk, was created to make use of the new technologies found in the Sanctuary Worlds. Among that technology are the Modal Lasers, variable laser weapons capable of shifting mode based on combat needs. The PXI-1M was designed to maximize their effectiveness. Armed with a Large Modal Laser and two each Medium and Small Modal Lasers, the PXI-1M is equipped for any combat scenario imaginable. A Sanctuary XL Engine powers the mech and a brace of heat sinks help keep it all cold.",
		"Icon": "uixTxrIcon_nagual"
	},
	"MovementCapDefID": "movedef_phoenixhawk_PXH-1",
	"PathingCapDefID": "pathingdef_medium",
	"HardpointDataDefID": "hardpointdatadef_phawklegacy",
	"PrefabIdentifier": "chrprfmech_phawklegacybase-001",
	"PrefabBase": "phawklegacy",
	"Tonnage": 45,
	"InitialTonnage": 4.5,
	"weightClass": "MEDIUM",
	"BattleValue": 4200000,
	"Heatsinks": 0,
	"TopSpeed": 120,
	"TurnRadius": 90,
	"MaxJumpjets": 30,
	"Stability": 130,
	"StabilityDefenses": [
		0,
		0,
		0,
		0,
		0,
		0
	],
	"SpotterDistanceMultiplier": 1,
	"VisibilityMultiplier": 1,
	"SensorRangeMultiplier": 1,
	"Signature": 0,
	"Radius": 5,
	"PunchesWithLeftArm": true,
	"MeleeDamage": 55,
	"MeleeInstability": 25,
	"MeleeToHitModifier": 0,
	"DFADamage": 55,
	"DFAToHitModifier": 0,
	"DFASelfDamage": 55,
	"DFAInstability": 25,
	"Locations": [
		{
			"Location": "Head",
			"Hardpoints": [],
			"Tonnage": 0,
			"InventorySlots": 6,
			"MaxArmor": 45,
			"MaxRearArmor": -1,
			"InternalStructure": 16
		},
		{
			"Location": "LeftArm",
			"Hardpoints": [
				{
					"WeaponMount": "Energy",
					"Omni": false
				},
				{
					"WeaponMount": "AntiPersonnel",
					"Omni": false
				},
				{
					"WeaponMount": "Energy",
					"Omni": false
				}
			],
			"Tonnage": 0,
			"InventorySlots": 12,
			"MaxArmor": 70,
			"MaxRearArmor": -1,
			"InternalStructure": 35
		},
		{
			"Location": "LeftTorso",
			"Hardpoints": [
				{
					"WeaponMount": "Energy",
					"Omni": false
				}
			],
			"Tonnage": 0,
			"InventorySlots": 12,
			"MaxArmor": 110,
			"MaxRearArmor": 55,
			"InternalStructure": 55
		},
		{
			"Location": "CenterTorso",
			"Hardpoints": [],
			"Tonnage": 0,
			"InventorySlots": 15,
			"MaxArmor": 140,
			"MaxRearArmor": 70,
			"InternalStructure": 70
		},
		{
			"Location": "RightTorso",
			"Hardpoints": [
				{
					"WeaponMount": "AntiPersonnel",
					"Omni": false
				}
			],
			"Tonnage": 0,
			"InventorySlots": 12,
			"MaxArmor": 110,
			"MaxRearArmor": 55,
			"InternalStructure": 55
		},
		{
			"Location": "RightArm",
			"Hardpoints": [
				{
					"WeaponMount": "Energy",
					"Omni": false
				},
				{
					"WeaponMount": "Energy",
					"Omni": false
				},
				{
					"WeaponMount": "AntiPersonnel",
					"Omni": false
				}
			],
			"Tonnage": 0,
			"InventorySlots": 12,
			"MaxArmor": 70,
			"MaxRearArmor": -1,
			"InternalStructure": 35
		},
		{
			"Location": "LeftLeg",
			"Hardpoints": [],
			"Tonnage": 0,
			"InventorySlots": 6,
			"MaxArmor": 110,
			"MaxRearArmor": -1,
			"InternalStructure": 55
		},
		{
			"Location": "RightLeg",
			"Hardpoints": [],
			"Tonnage": 0,
			"InventorySlots": 6,
			"MaxArmor": 110,
			"MaxRearArmor": -1,
			"InternalStructure": 55
		}
	],
	"LOSSourcePositions": [
		{
			"x": 0,
			"y": 13,
			"z": 0
		},
		{
			"x": 3.5,
			"y": 13,
			"z": -0.5
		},
		{
			"x": -3.5,
			"y": 13,
			"z": -0.5
		}
	],
	"LOSTargetPositions": [
		{
			"x": 0,
			"y": 13,
			"z": 0
		},
		{
			"x": 3.5,
			"y": 13,
			"z": -0.5
		},
		{
			"x": -3.5,
			"y": 13,
			"z": -0.5
		},
		{
			"x": 2.5,
			"y": 5,
			"z": 1
		},
		{
			"x": -2.5,
			"y": 5,
			"z": 1
		}
	],
	"VariantName": "PXI-1M",
	"ChassisTags": {
		"items": [],
		"tagSetSourceFile": ""
	},
	"StockRole": "Reimagined Skirmisher",
	"YangsThoughts": "The Pixie, the reimagined Sanctuary Worlds Phoenix Hawk, was created to make use of the new technologies found in the Sanctuary Worlds. Among that technology are the Modal Lasers, variable laser weapons capable of shifting mode based on combat needs. The PXI-1M was designed to maximize their effectiveness. Armed with a Large Modal Laser and two each Medium and Small Modal Lasers, the PXI-1M is equipped for any combat scenario imaginable. A Sanctuary XL Engine powers the mech and a brace of heat sinks help keep it all cold.",
	"FixedEquipment": [
		{
			"MountedLocation": "Head",
			"ComponentDefID": "Gear_Quirk_ImprovedCommunications_Pixie",
			"SimGameUID": "",
			"ComponentDefType": "Upgrade",
			"HardpointSlot": -1,
			"GUID": null,
			"DamageLevel": "Functional",
			"prefabName": null,
			"hasPrefabName": false
		},
		{
			"MountedLocation": "CenterTorso",
			"ComponentDefID": "emod_structureslots_sanctuaryendosteel",
			"SimGameUID": "",
			"ComponentDefType": "Upgrade",
			"HardpointSlot": -1,
			"GUID": null,
			"DamageLevel": "Functional",
			"prefabName": "",
			"hasPrefabName": false
		},
		{
			"MountedLocation": "Head",
			"ComponentDefID": "Gear_Cockpit_Sanctuary_Drone",
			"SimGameUID": "",
			"ComponentDefType": "Upgrade",
			"HardpointSlot": 0,
			"GUID": null,
			"DamageLevel": "Functional",
			"prefabName": null,
			"hasPrefabName": false
		}
	],
	"CustomParts": {
		"CustomParts": []
	}
}