{
	"Custom": {
		"ArmActuatorSupport": {
			"LeftLimit": "Lower",
			"RightLimit": "Upper"
		}
	},
	"Description": {
		"Cost": 8372000,
		"Rarity": 3,
		"Purchasable": true,
		"Manufacturer": "",
		"Model": "",
		"UIName": "Helepolis",
		"Id": "chassisdef_helepolis_HEP-5H",
		"Name": "Helepolis",
		"Details": "The Sanctuary Worlds had a devil of a time with reproducing tube artillery early in their history and almost shelved the Helepolis entirely. However, a breakthrough in manufacturing processes in 2768 saved the mech from total obscurity and the Sanctuary powers put it back into production. Armed still with its traditional Sniper Artillery Piece, the Helepolis serves the same purpose for the Sanctuary that it did in the Hegemony: artillery support. The backup weapons are fairly mundane: some DRMs, some VRMs, and a few Electro-Lasers. It's really all about that Sniper though and the Helepolis is used accordingly.",
		"Icon": "uixTxrIcon_helepolis"
	},
	"MovementCapDefID": "movedef_helepolis_HEP-2H",
	"PathingCapDefID": "pathingdef_heavy",
	"HardpointDataDefID": "hardpointdatadef_helepolis",
	"PrefabIdentifier": "chrprfmech_helepolisbase-001",
	"PrefabBase": "helepolis",
	"Tonnage": 75,
	"InitialTonnage": 7.5,
	"weightClass": "HEAVY",
	"BattleValue": 7124000,
	"Heatsinks": 0,
	"TopSpeed": 64,
	"TurnRadius": 90,
	"MaxJumpjets": 30,
	"Stability": 160,
	"StabilityDefenses": [
		0,
		0,
		0,
		0,
		0,
		0
	],
	"SpotterDistanceMultiplier": 1,
	"VisibilityMultiplier": 1,
	"SensorRangeMultiplier": 1,
	"Signature": 0,
	"Radius": 8,
	"PunchesWithLeftArm": true,
	"MeleeDamage": 75,
	"MeleeInstability": 35,
	"MeleeToHitModifier": 0,
	"DFADamage": 75,
	"DFAToHitModifier": 0,
	"DFASelfDamage": 75,
	"DFAInstability": 35,
	"Locations": [
		{
			"Location": "Head",
			"Hardpoints": [
				{
					"WeaponMount": "Energy",
					"Omni": false
				},
				{
					"WeaponMount": "AntiPersonnel",
					"Omni": false
				}
			],
			"Tonnage": 0,
			"InventorySlots": 6,
			"MaxArmor": 45,
			"MaxRearArmor": -1,
			"InternalStructure": 16
		},
		{
			"Location": "LeftArm",
			"Hardpoints": [
				{
					"WeaponMount": "Energy",
					"Omni": false
				},
				{
					"WeaponMount": "Energy",
					"Omni": false
				}
			],
			"Tonnage": 0,
			"InventorySlots": 12,
			"MaxArmor": 120,
			"MaxRearArmor": -1,
			"InternalStructure": 60
		},
		{
			"Location": "LeftTorso",
			"Hardpoints": [
				{
					"WeaponMount": "Missile",
					"Omni": false
				},
				{
					"WeaponMount": "Missile",
					"Omni": false
				}
			],
			"Tonnage": 0,
			"InventorySlots": 12,
			"MaxArmor": 160,
			"MaxRearArmor": 80,
			"InternalStructure": 80
		},
		{
			"Location": "CenterTorso",
			"Hardpoints": [
				{
					"WeaponMount": "Missile",
					"Omni": false
				}
			],
			"Tonnage": 0,
			"InventorySlots": 16,
			"MaxArmor": 230,
			"MaxRearArmor": 115,
			"InternalStructure": 115
		},
		{
			"Location": "RightTorso",
			"Hardpoints": [],
			"Tonnage": 0,
			"InventorySlots": 12,
			"MaxArmor": 160,
			"MaxRearArmor": 80,
			"InternalStructure": 80
		},
		{
			"Location": "RightArm",
			"Hardpoints": [
				{
					"WeaponMount": "Ballistic",
					"Omni": false
				},
				{
					"WeaponMount": "Ballistic",
					"Omni": false
				}
			],
			"Tonnage": 0,
			"InventorySlots": 12,
			"MaxArmor": 120,
			"MaxRearArmor": -1,
			"InternalStructure": 60
		},
		{
			"Location": "LeftLeg",
			"Hardpoints": [],
			"Tonnage": 0,
			"InventorySlots": 6,
			"MaxArmor": 160,
			"MaxRearArmor": -1,
			"InternalStructure": 80
		},
		{
			"Location": "RightLeg",
			"Hardpoints": [],
			"Tonnage": 0,
			"InventorySlots": 6,
			"MaxArmor": 160,
			"MaxRearArmor": -1,
			"InternalStructure": 80
		}
	],
	"LOSSourcePositions": [
		{
			"x": 0,
			"y": 16,
			"z": 0
		},
		{
			"x": 3.5,
			"y": 15,
			"z": 0
		},
		{
			"x": -3.5,
			"y": 15,
			"z": 0
		}
	],
	"LOSTargetPositions": [
		{
			"x": 0,
			"y": 16,
			"z": 0
		},
		{
			"x": 3.5,
			"y": 15,
			"z": 0
		},
		{
			"x": -3.5,
			"y": 15,
			"z": 0
		},
		{
			"x": 3,
			"y": 5,
			"z": 0
		},
		{
			"x": -3,
			"y": 5,
			"z": 0
		}
	],
	"VariantName": "HEP-5H",
	"ChassisTags": {
		"items": [],
		"tagSetSourceFile": ""
	},
	"StockRole": "Artillery Support",
	"YangsThoughts": "The Sanctuary Worlds had a devil of a time with reproducing tube artillery early in their history and almost shelved the Helepolis entirely. However, a breakthrough in manufacturing processes in 2768 saved the mech from total obscurity and the Sanctuary powers put it back into production. Armed still with its traditional Sniper Artillery Piece, the Helepolis serves the same purpose for the Sanctuary that it did in the Hegemony: artillery support. The backup weapons are fairly mundane: some DRMs, some VRMs, and a few Electro-Lasers. It's really all about that Sniper though and the Helepolis is used accordingly.",
	"FixedEquipment": [
		{
			"MountedLocation": "CenterTorso",
			"ComponentDefID": "Gear_Quirk_StableWeapon_Helepolis",
			"SimGameUID": "",
			"ComponentDefType": "Upgrade",
			"HardpointSlot": -1,
			"GUID": null,
			"DamageLevel": "Functional",
			"prefabName": null,
			"hasPrefabName": false
		},
		{
			"MountedLocation": "CenterTorso",
			"ComponentDefID": "emod_structureslots_standard",
			"SimGameUID": "",
			"ComponentDefType": "Upgrade",
			"HardpointSlot": -1,
			"GUID": null,
			"DamageLevel": "Functional",
			"prefabName": "",
			"hasPrefabName": false
		},
		{
			"MountedLocation": "Head",
			"ComponentDefID": "Gear_Cockpit_Sanctuary_Drone",
			"SimGameUID": "",
			"ComponentDefType": "Upgrade",
			"HardpointSlot": 0,
			"GUID": null,
			"DamageLevel": "Functional",
			"prefabName": null,
			"hasPrefabName": false
		}
	],
	"CustomParts": {
		"CustomParts": []
	}
}