{
	"Custom": {
		"ArmActuatorSupport": {
			"LeftLimit": "Hand",
			"RightLimit": "Hand"
		}
	},
	"Description": {
		"Cost": 5200000,
		"Rarity": 1,
		"Purchasable": true,
		"Manufacturer": "",
		"Model": "",
		"UIName": "Griffin",
		"Id": "chassisdef_griffin_GRF-2H",
		"Name": "Griffin",
		"Details": "The Griffin was a mainstay of Hegemony armies and so it became a mainstay of Sanctuary armies as well. Armed with a simple, yet effective, loadout of a NPC, a VRM-12, and a Medium Lance, the Griffin-2H proved effective and powerful on the battlefield. Endo-Steel and Ferro-Fibrous armor provided the necessary tonnage for the kit while the traditional 5 jump jets keep the mech mobile and active on the battlefield.",
		"Icon": "uixTxrIcon_griffin"
	},
	"MovementCapDefID": "movedef_griffin_GRF-1N",
	"PathingCapDefID": "pathingdef_medium",
	"HardpointDataDefID": "hardpointdatadef_griffin",
	"PrefabIdentifier": "chrPrfMech_griffinBase-001",
	"PrefabBase": "griffin",
	"Tonnage": 55,
	"InitialTonnage": 5.5,
	"weightClass": "MEDIUM",
	"BattleValue": 6088000,
	"Heatsinks": 0,
	"TopSpeed": 80,
	"TurnRadius": 90,
	"MaxJumpjets": 30,
	"Stability": 130,
	"StabilityDefenses": [
		0,
		0,
		0,
		0,
		0,
		0
	],
	"SpotterDistanceMultiplier": 1,
	"VisibilityMultiplier": 1,
	"SensorRangeMultiplier": 1,
	"Signature": 0,
	"Radius": 5,
	"PunchesWithLeftArm": false,
	"MeleeDamage": 65,
	"MeleeInstability": 30,
	"MeleeToHitModifier": 0,
	"DFADamage": 65,
	"DFAToHitModifier": 0,
	"DFASelfDamage": 65,
	"DFAInstability": 30,
	"Locations": [
		{
			"Location": "Head",
			"Hardpoints": [],
			"Tonnage": 0,
			"InventorySlots": 6,
			"MaxArmor": 45,
			"MaxRearArmor": -1,
			"InternalStructure": 16
		},
		{
			"Location": "LeftArm",
			"Hardpoints": [
				{
					"WeaponMount": "Energy",
					"Omni": false
				},
				{
					"WeaponMount": "AntiPersonnel",
					"Omni": false
				}
			],
			"Tonnage": 0,
			"InventorySlots": 12,
			"MaxArmor": 90,
			"MaxRearArmor": -1,
			"InternalStructure": 45
		},
		{
			"Location": "LeftTorso",
			"Hardpoints": [],
			"Tonnage": 0,
			"InventorySlots": 12,
			"MaxArmor": 130,
			"MaxRearArmor": 65,
			"InternalStructure": 65
		},
		{
			"Location": "CenterTorso",
			"Hardpoints": [],
			"Tonnage": 0,
			"InventorySlots": 15,
			"MaxArmor": 180,
			"MaxRearArmor": 90,
			"InternalStructure": 90
		},
		{
			"Location": "RightTorso",
			"Hardpoints": [
				{
					"WeaponMount": "Missile",
					"Omni": false
				},
				{
					"WeaponMount": "Missile",
					"Omni": false
				},
				{
					"WeaponMount": "Missile",
					"Omni": false
				}
			],
			"Tonnage": 0,
			"InventorySlots": 12,
			"MaxArmor": 130,
			"MaxRearArmor": 65,
			"InternalStructure": 65
		},
		{
			"Location": "RightArm",
			"Hardpoints": [
				{
					"WeaponMount": "Energy",
					"Omni": false
				},
				{
					"WeaponMount": "AntiPersonnel",
					"Omni": false
				}
			],
			"Tonnage": 0,
			"InventorySlots": 12,
			"MaxArmor": 90,
			"MaxRearArmor": -1,
			"InternalStructure": 45
		},
		{
			"Location": "LeftLeg",
			"Hardpoints": [],
			"Tonnage": 0,
			"InventorySlots": 6,
			"MaxArmor": 130,
			"MaxRearArmor": -1,
			"InternalStructure": 65
		},
		{
			"Location": "RightLeg",
			"Hardpoints": [],
			"Tonnage": 0,
			"InventorySlots": 6,
			"MaxArmor": 130,
			"MaxRearArmor": -1,
			"InternalStructure": 65
		}
	],
	"LOSSourcePositions": [
		{
			"x": 0,
			"y": 15,
			"z": 0
		},
		{
			"x": 4,
			"y": 15,
			"z": 0
		},
		{
			"x": -4,
			"y": 15,
			"z": 0
		}
	],
	"LOSTargetPositions": [
		{
			"x": 0,
			"y": 15,
			"z": 0
		},
		{
			"x": 4,
			"y": 15,
			"z": 0
		},
		{
			"x": -4,
			"y": 15,
			"z": 0
		},
		{
			"x": 3,
			"y": 5,
			"z": 0
		},
		{
			"x": -3,
			"y": 5,
			"z": 0
		}
	],
	"VariantName": "GRF-2H",
	"ChassisTags": {
		"items": [],
		"tagSetSourceFile": ""
	},
	"StockRole": "Mobile Fire Support",
	"YangsThoughts": "The Griffin was a mainstay of Hegemony armies and so it became a mainstay of Sanctuary armies as well. Armed with a simple, yet effective, loadout of a NPC, a VRM-12, and a Medium Lance, the Griffin-2H proved effective and powerful on the battlefield. Endo-Steel and Ferro-Fibrous armor provided the necessary tonnage for the kit while the traditional 5 jump jets keep the mech mobile and active on the battlefield.",
	"FixedEquipment": [
		{
			"MountedLocation": "CenterTorso",
			"ComponentDefID": "Gear_Quirk_Rugged_Griffin",
			"SimGameUID": "",
			"ComponentDefType": "Upgrade",
			"HardpointSlot": -1,
			"GUID": null,
			"DamageLevel": "Functional",
			"prefabName": null,
			"hasPrefabName": false
		},
		{
			"MountedLocation": "CenterTorso",
			"ComponentDefID": "emod_structureslots_sanctuaryendosteel",
			"ComponentDefType": "Upgrade",
			"HardpointSlot": -1,
			"DamageLevel": "Functional",
			"prefabName": "",
			"hasPrefabName": true
		},
		{
			"MountedLocation": "Head",
			"ComponentDefID": "Gear_Cockpit_Sanctuary_Drone",
			"SimGameUID": "",
			"ComponentDefType": "Upgrade",
			"HardpointSlot": 0,
			"GUID": null,
			"DamageLevel": "Functional",
			"prefabName": null,
			"hasPrefabName": false
		}
	],
	"CustomParts": {
		"CustomParts": []
	}
}