{
	"Custom": {
		"AssemblyVariant": {
		  "PrefabID": "Scorpion",
		  "Exclude": false,
		  "Include": true
		},
		"ArmActuatorSupport": {
		  "LeftLimit": "Hand",
		  "RightLimit": "Hand",
		  "LeftDefaultShoulder": "Quad_Front_leg_hip",
		  "RightDefaultShoulder": "Quad_Front_leg_hip",
		  "LeftDefaultUpper": "Quad_Front_leg_upper",
		  "RightDefaultUpper": "Quad_Front_leg_upper",
		  "LeftDefaultLower": "Quad_Front_leg_lower",
		  "RightDefaultLower": "Quad_Front_leg_lower",
		  "LeftDefaultHand": "Quad_Front_leg_foot",
		  "RightDefaultHand": "Quad_Front_leg_foot"
		},
		"ChassisDefaults": [
		  {
			"Location": "LeftLeg",
			"CategoryID": "LegHip",
			"DefID": "Quad_Hind_leg_hip",
			"Type": "Upgrade"
		  },
		  {
			"Location": "LeftLeg",
			"CategoryID": "LegUpperActuator",
			"DefID": "Quad_Hind_leg_upper",
			"Type": "Upgrade"
		  },
		  {
			"Location": "LeftLeg",
			"CategoryID": "LegLowerActuator",
			"DefID": "Quad_Hind_leg_lower",
			"Type": "Upgrade"
		  },
		  {
			"Location": "LeftLeg",
			"CategoryID": "LegFootActuator",
			"DefID": "Quad_Hind_leg_foot",
			"Type": "Upgrade"
		  },
		  {
			"Location": "RightLeg",
			"CategoryID": "LegHip",
			"DefID": "Quad_Hind_leg_hip",
			"Type": "Upgrade"
		  },
		  {
			"Location": "RightLeg",
			"CategoryID": "LegUpperActuator",
			"DefID": "Quad_Hind_leg_upper",
			"Type": "Upgrade"
		  },
		  {
			"Location": "RightLeg",
			"CategoryID": "LegLowerActuator",
			"DefID": "Quad_Hind_leg_lower",
			"Type": "Upgrade"
		  },
		  {
			"Location": "RightLeg",
			"CategoryID": "LegFootActuator",
			"DefID": "Quad_Hind_leg_foot",
			"Type": "Upgrade"
		  }
		]
	},
	"CustomParts": {
		"MeleeWeaponOverride": {
		  "DefaultWeapon": "Weapon_MeleeAttackEx"
		},
		"FiringArc": 90,
		"Unaffected": {
		  "DesignMasks": "false",
		  "Pathing": "false",
		  "Fire": "false",
		  "Landmines": "false"
		},
		"ArmsCountedAsLegs": true,
		"MoveCostModPerBiome": {
		  "DesignMaskBiomeMartianVacuum": 1.0,
		  "DesignMaskBiomeLunarVacuum": 1.0
		}
    },
	"Description": {
		"Cost": 5200000,
		"Rarity": 1,
		"Purchasable": true,
		"Manufacturer": "",
		"Model": "",
		"UIName": "Scorpion",
		"Id": "chassisdef_scorpion_SCP-4L",
		"Name": "Scorpion",
		"Details": "The Scorpion was cutting-edge in 2571 when the Sanctuary Worlders left the Inner Sphere, leading to some debate as to how precisely they ended up with the 'Mech in their inventories. Still, they had the design and put it to use in their new home. The SCP-4L is a powerful assassin 'Mech and uses the Lance technology of the Sanctuary to maximum effectiveness. Armed with a Large Lance and twin Medium Lances, the -4L can decimate just about anything in only a few shots. An Active Probe helps it ferret out hidden and evasive enemies while Endo-Steel and Ferro-Fibrous armor provide the necessary weight.",
		"Icon": "uixTxrIcon_scorpion"
	},
	"MovementCapDefID": "movedef_griffin_GRF-1N",
	"PathingCapDefID": "pathingdef_medium",
	"HardpointDataDefID": "hardpointdatadef_scorpionmech",
	"PrefabIdentifier": "chrprfmech_scorpionmechbase-001",
	"PrefabBase": "scorpionmech",
	"Tonnage": 55,
	"InitialTonnage": 5.5,
	"weightClass": "MEDIUM",
	"BattleValue": 6088000,
	"Heatsinks": 0,
	"TopSpeed": 80,
	"TurnRadius": 90,
	"MaxJumpjets": 30,
	"Stability": 130,
	"StabilityDefenses": [
		0,
		0,
		0,
		0,
		0,
		0
	],
	"SpotterDistanceMultiplier": 1,
	"VisibilityMultiplier": 1,
	"SensorRangeMultiplier": 1,
	"Signature": 0,
	"Radius": 5,
	"PunchesWithLeftArm": false,
	"MeleeDamage": 65,
	"MeleeInstability": 30,
	"MeleeToHitModifier": 0,
	"DFADamage": 65,
	"DFAToHitModifier": 0,
	"DFASelfDamage": 65,
	"DFAInstability": 30,
	"Locations": [
		{
			"Location": "Head",
			"Hardpoints": [],
			"Tonnage": 0,
			"InventorySlots": 6,
			"MaxArmor": 45,
			"MaxRearArmor": -1,
			"InternalStructure": 16
		},
		{
			"Location": "LeftArm",
			"Hardpoints": [],
			"Tonnage": 0,
			"InventorySlots": 6,
			"MaxArmor": 130,
			"MaxRearArmor": -1,
			"InternalStructure": 65
		},
		{
			"Location": "LeftTorso",
			"Hardpoints": [
				{
					"WeaponMount": "Energy",
					"Omni": false
				},
				{
					"WeaponMount": "Energy",
					"Omni": false
				},
				{
					"WeaponMount": "AntiPersonnel",
					"Omni": false
				}
			],
			"Tonnage": 0,
			"InventorySlots": 13,
			"MaxArmor": 130,
			"MaxRearArmor": 65,
			"InternalStructure": 65
		},
		{
			"Location": "CenterTorso",
			"Hardpoints": [],
			"Tonnage": 0,
			"InventorySlots": 15,
			"MaxArmor": 180,
			"MaxRearArmor": 90,
			"InternalStructure": 90
		},
		{
			"Location": "RightTorso",
			"Hardpoints": [
				{
					"WeaponMount": "Energy",
					"Omni": false
				},
				{
					"WeaponMount": "Energy",
					"Omni": false
				},
				{
					"WeaponMount": "AntiPersonnel",
					"Omni": false
				}
			],
			"Tonnage": 0,
			"InventorySlots": 13,
			"MaxArmor": 130,
			"MaxRearArmor": 65,
			"InternalStructure": 65
		},
		{
			"Location": "RightArm",
			"Hardpoints": [],
			"Tonnage": 0,
			"InventorySlots": 6,
			"MaxArmor": 130,
			"MaxRearArmor": -1,
			"InternalStructure": 65
		},
		{
			"Location": "LeftLeg",
			"Hardpoints": [],
			"Tonnage": 0,
			"InventorySlots": 6,
			"MaxArmor": 130,
			"MaxRearArmor": -1,
			"InternalStructure": 65
		},
		{
			"Location": "RightLeg",
			"Hardpoints": [],
			"Tonnage": 0,
			"InventorySlots": 6,
			"MaxArmor": 130,
			"MaxRearArmor": -1,
			"InternalStructure": 65
		}
	],
	"LOSSourcePositions": [
		{
			"x": 0,
			"y": 15,
			"z": 0
		},
		{
			"x": 4,
			"y": 15,
			"z": 0
		},
		{
			"x": -4,
			"y": 15,
			"z": 0
		}
	],
	"LOSTargetPositions": [
		{
			"x": 0,
			"y": 15,
			"z": 0
		},
		{
			"x": 4,
			"y": 15,
			"z": 0
		},
		{
			"x": -4,
			"y": 15,
			"z": 0
		},
		{
			"x": 3,
			"y": 5,
			"z": 0
		},
		{
			"x": -3,
			"y": 5,
			"z": 0
		}
	],
	"VariantName": "SCP-4L",
	"ChassisTags": {
		"items": [
			"QuadMech"
		],
		"tagSetSourceFile": ""
	},
	"StockRole": "Quad Flanker",
	"YangsThoughts": "The Scorpion was cutting-edge in 2571 when the Sanctuary Worlders left the Inner Sphere, leading to some debate as to how precisely they ended up with the 'Mech in their inventories. Still, they had the design and put it to use in their new home. The SCP-4L is a powerful assassin 'Mech and uses the Lance technology of the Sanctuary to maximum effectiveness. Armed with a Large Lance and twin Medium Lances, the -4L can decimate just about anything in only a few shots. An Active Probe helps it ferret out hidden and evasive enemies while Endo-Steel and Ferro-Fibrous armor provide the necessary weight.",
	"FixedEquipment": [
		{
			"MountedLocation": "CenterTorso",
			"ComponentDefID": "Gear_Gyro_Quad",
			"SimGameUID": "",
			"ComponentDefType": "Upgrade",
			"HardpointSlot": -1,
			"GUID": null,
			"DamageLevel": "Functional",
			"prefabName": null,
			"hasPrefabName": false
		},
		{
			"MountedLocation": "CenterTorso",
			"ComponentDefID": "emod_structureslots_sanctuaryendosteel",
			"ComponentDefType": "Upgrade",
			"HardpointSlot": -1,
			"DamageLevel": "Functional",
			"prefabName": "",
			"hasPrefabName": true
		},
		{
			"MountedLocation": "Head",
			"ComponentDefID": "Gear_Cockpit_Sanctuary_Drone",
			"SimGameUID": "",
			"ComponentDefType": "Upgrade",
			"HardpointSlot": 0,
			"GUID": null,
			"DamageLevel": "Functional",
			"prefabName": null,
			"hasPrefabName": false
		}
	],
	"CustomParts": {
		"CustomParts": []
	}
}