{
	"Custom": {
		"ArmActuatorSupport": {
			"LeftLimit": "Lower",
			"RightLimit": "Hand"
		}
	},
	"Description": {
		"Cost": 8300000,
		"Rarity": 4,
		"Purchasable": true,
		"Manufacturer": "",
		"Model": "",
		"UIName": "Taranis",
		"Id": "chassisdef_taranis_TRN-7B",
		"Name": "Taranis",
		"Details": "Named for an ancient Terran god of thunder, the Taranis is a powerful and mobile design that brings thick armor and unexpected speed to the battlefield. Powered by a 320-rated Dense engine and clad in Ferro-Vanadium armor which is supported by several pieces of Modular Plating, the Taranis can take a kicking and keep on ticking. For firepower, it carries two Bombard Cannon/6s for ranged support. At closer ranges, the TRN-7B can call upon a Double-Barrel AC/10 and a Small Lance. 6 tons of ammo total keep the ballistics firing in any situation.",
		"Icon": "uixTxrIcon_taranis"
	},
	"MovementCapDefID": "movedef_zeus_ZEU-6S",
	"PathingCapDefID": "pathingdef_assault",
	"HardpointDataDefID": "hardpointdatadef_thunderstone",
	"PrefabIdentifier": "chrprfmech_thunderstonebase-001",
	"PrefabBase": "thunderstone",
	"Tonnage": 80,
	"InitialTonnage": 8,
	"weightClass": "ASSAULT",
	"BattleValue": 7814000,
	"Heatsinks": 0,
	"TopSpeed": 120,
	"TurnRadius": 90,
	"MaxJumpjets": 30,
	"Stability": 200,
	"StabilityDefenses": [
		0,
		0,
		0,
		0,
		0,
		0
	],
	"SpotterDistanceMultiplier": 1,
	"VisibilityMultiplier": 1,
	"SensorRangeMultiplier": 1,
	"Signature": 0,
	"Radius": 8,
	"PunchesWithLeftArm": false,
	"MeleeDamage": 85,
	"MeleeInstability": 40,
	"MeleeToHitModifier": 0,
	"DFADamage": 85,
	"DFAToHitModifier": 0,
	"DFASelfDamage": 85,
	"DFAInstability": 40,
	"Locations": [
		{
			"Location": "Head",
			"Hardpoints": [],
			"Tonnage": 0,
			"InventorySlots": 6,
			"MaxArmor": 45,
			"MaxRearArmor": -1,
			"InternalStructure": 16
		},
		{
			"Location": "LeftArm",
			"Hardpoints": [
				{
					"WeaponMount": "Ballistic",
					"Omni": false
				},
				{
					"WeaponMount": "Ballistic",
					"Omni": false
				},
				{
					"WeaponMount": "AntiPersonnel",
					"Omni": false
				}
			],
			"Tonnage": 0,
			"InventorySlots": 12,
			"MaxArmor": 130,
			"MaxRearArmor": -1,
			"InternalStructure": 65
		},
		{
			"Location": "LeftTorso",
			"Hardpoints": [
				{
					"WeaponMount": "Energy",
					"Omni": false
				},
				{
					"WeaponMount": "Energy",
					"Omni": false
				},
				{
					"WeaponMount": "AntiPersonnel",
					"Omni": false
				}
			],
			"Tonnage": 0,
			"InventorySlots": 12,
			"MaxArmor": 170,
			"MaxRearArmor": 85,
			"InternalStructure": 85
		},
		{
			"Location": "CenterTorso",
			"Hardpoints": [],
			"Tonnage": 0,
			"InventorySlots": 15,
			"MaxArmor": 250,
			"MaxRearArmor": 125,
			"InternalStructure": 125
		},
		{
			"Location": "RightTorso",
			"Hardpoints": [
				{
					"WeaponMount": "Ballistic",
					"Omni": false
				},
				{
					"WeaponMount": "Ballistic",
					"Omni": false
				},
				{
					"WeaponMount": "AntiPersonnel",
					"Omni": false
				}
			],
			"Tonnage": 0,
			"InventorySlots": 12,
			"MaxArmor": 170,
			"MaxRearArmor": 85,
			"InternalStructure": 85
		},
		{
			"Location": "RightArm",
			"Hardpoints": [],
			"Tonnage": 0,
			"InventorySlots": 12,
			"MaxArmor": 130,
			"MaxRearArmor": -1,
			"InternalStructure": 65
		},
		{
			"Location": "LeftLeg",
			"Hardpoints": [],
			"Tonnage": 0,
			"InventorySlots": 6,
			"MaxArmor": 170,
			"MaxRearArmor": -1,
			"InternalStructure": 85
		},
		{
			"Location": "RightLeg",
			"Hardpoints": [],
			"Tonnage": 0,
			"InventorySlots": 6,
			"MaxArmor": 170,
			"MaxRearArmor": -1,
			"InternalStructure": 85
		}
	],
	"LOSSourcePositions": [
		{
			"x": 0,
			"y": 17,
			"z": 0
		},
		{
			"x": 5,
			"y": 16,
			"z": -1
		},
		{
			"x": -5,
			"y": 16,
			"z": -1
		}
	],
	"LOSTargetPositions": [
		{
			"x": 0,
			"y": 17,
			"z": 0
		},
		{
			"x": 5,
			"y": 16,
			"z": -1
		},
		{
			"x": -5,
			"y": 16,
			"z": -1
		},
		{
			"x": 3.5,
			"y": 5.5,
			"z": 1
		},
		{
			"x": -3.5,
			"y": 5.5,
			"z": 1
		}
	],
	"VariantName": "TRN-7B",
	"ChassisTags": {
		"items": [
			"OmniMech"
		],
		"tagSetSourceFile": ""
	},
	"StockRole": "Mobile Armor Support",
	"YangsThoughts": "Named for an ancient Terran god of thunder, the Taranis is a powerful and mobile design that brings thick armor and unexpected speed to the battlefield. Powered by a 320-rated Dense engine and clad in Ferro-Vanadium armor which is supported by several pieces of Modular Plating, the Taranis can take a kicking and keep on ticking. For firepower, it carries two Bombard Cannon/6s for ranged support. At closer ranges, the TRN-7B can call upon a Double-Barrel AC/10 and a Small Lance. 6 tons of ammo total keep the ballistics firing in any situation.",
	"FixedEquipment": [
		{
			"MountedLocation": "CenterTorso",
			"ComponentDefID": "Gear_Quirk_EasytoMaintain_Taranis",
			"SimGameUID": "",
			"ComponentDefType": "Upgrade",
			"HardpointSlot": -1,
			"GUID": null,
			"DamageLevel": "Functional",
			"prefabName": null,
			"hasPrefabName": false
		},
		{
			"MountedLocation": "CenterTorso",
			"ComponentDefID": "emod_structureslots_sanctuaryendosteel",
			"ComponentDefType": "Upgrade",
			"HardpointSlot": -1,
			"DamageLevel": "Functional",
			"prefabName": "",
			"hasPrefabName": true
		},
		{
			"MountedLocation": "Head",
			"ComponentDefID": "Gear_Cockpit_Sanctuary_Drone",
			"SimGameUID": "",
			"ComponentDefType": "Upgrade",
			"HardpointSlot": 0,
			"GUID": null,
			"DamageLevel": "Functional",
			"prefabName": null,
			"hasPrefabName": false
		}
	],
	"CustomParts": {
		"CustomParts": []
	}
}