{
	"Description": {
		"Cost": 6200000,
		"Rarity": 3,
		"Purchasable": true,
		"Manufacturer": "",
		"Model": "",
		"UIName": "Thunderbolt",
		"Id": "chassisdef_thunderbolt_TDR-3N",
		"Name": "Thunderbolt",
		"Details": "One of the earliest 'Mech designs ever made, the Thunderbolt accompanied the Sanctuary Worlds on their great journey beyond the Inner Sphere where it became a mainstay of their armies. The TDR-3N was designed for durability and endurance above all else. Using a standard fusion engine combined with Ferro-Vanadium armor and Endo-Carbide structure combined with 3 tons of Modular Plating ensures the -3N can endure just about anything. A NPC and Large Electro-Laser provide primary firepower for the mech while an APM-4 with two tons of ammo provides a little battlefield control. Finally, four Jump Jets give the -3N unexpected mobility.",
		"Icon": "uixTxrIcon_thunderbolt"
	},
	"MovementCapDefID": "movedef_thunderbolt_TDR-5S",
	"PathingCapDefID": "pathingdef_heavy",
	"HardpointDataDefID": "hardpointdatadef_thunderbolt",
	"PrefabIdentifier": "chrPrfMech_thunderboltBase-001",
	"PrefabBase": "thunderbolt",
	"Tonnage": 65,
	"InitialTonnage": 6.5,
	"weightClass": "HEAVY",
	"BattleValue": 6057000,
	"Heatsinks": 0,
	"TopSpeed": 120,
	"TurnRadius": 90,
	"MaxJumpjets": 30,
	"Stability": 160,
	"StabilityDefenses": [
		0,
		0,
		0,
		0,
		0,
		0
	],
	"SpotterDistanceMultiplier": 1,
	"VisibilityMultiplier": 1,
	"SensorRangeMultiplier": 1,
	"Signature": 0,
	"Radius": 8,
	"PunchesWithLeftArm": false,
	"MeleeDamage": 75,
	"MeleeInstability": 35,
	"MeleeToHitModifier": 0,
	"DFADamage": 75,
	"DFAToHitModifier": 0,
	"DFASelfDamage": 75,
	"DFAInstability": 35,
	"Locations": [
		{
			"Location": "Head",
			"Hardpoints": [],
			"Tonnage": 0,
			"InventorySlots": 6,
			"MaxArmor": 45,
			"MaxRearArmor": -1,
			"InternalStructure": 16
		},
		{
			"Location": "LeftArm",
			"Hardpoints": [
				{
					"WeaponMount": "Ballistic",
					"Omni": false
				},
				{
					"WeaponMount": "Ballistic",
					"Omni": false
				},
				{
					"WeaponMount": "AntiPersonnel",
					"Omni": false
				},
				{
					"WeaponMount": "AntiPersonnel",
					"Omni": false
				}
			],
			"Tonnage": 0,
			"InventorySlots": 12,
			"MaxArmor": 100,
			"MaxRearArmor": -1,
			"InternalStructure": 50
		},
		{
			"Location": "LeftTorso",
			"Hardpoints": [
				{
					"WeaponMount": "Energy",
					"Omni": false
				},
				{
					"WeaponMount": "Energy",
					"Omni": false
				},
				{
					"WeaponMount": "Energy",
					"Omni": false
				}
			],
			"Tonnage": 0,
			"InventorySlots": 12,
			"MaxArmor": 150,
			"MaxRearArmor": 75,
			"InternalStructure": 75
		},
		{
			"Location": "CenterTorso",
			"Hardpoints": [],
			"Tonnage": 0,
			"InventorySlots": 15,
			"MaxArmor": 210,
			"MaxRearArmor": 105,
			"InternalStructure": 105
		},
		{
			"Location": "RightTorso",
			"Hardpoints": [
				{
					"WeaponMount": "Missile",
					"Omni": false
				},
				{
					"WeaponMount": "Missile",
					"Omni": false
				}
			],
			"Tonnage": 0,
			"InventorySlots": 12,
			"MaxArmor": 150,
			"MaxRearArmor": 75,
			"InternalStructure": 75
		},
		{
			"Location": "RightArm",
			"Hardpoints": [
				{
					"WeaponMount": "Energy",
					"Omni": false
				}
			],
			"Tonnage": 0,
			"InventorySlots": 12,
			"MaxArmor": 100,
			"MaxRearArmor": -1,
			"InternalStructure": 50
		},
		{
			"Location": "LeftLeg",
			"Hardpoints": [],
			"Tonnage": 0,
			"InventorySlots": 6,
			"MaxArmor": 150,
			"MaxRearArmor": -1,
			"InternalStructure": 75
		},
		{
			"Location": "RightLeg",
			"Hardpoints": [],
			"Tonnage": 0,
			"InventorySlots": 6,
			"MaxArmor": 150,
			"MaxRearArmor": -1,
			"InternalStructure": 75
		}
	],
	"LOSSourcePositions": [
		{
			"x": 0,
			"y": 14,
			"z": 1
		},
		{
			"x": 4,
			"y": 13,
			"z": 0
		},
		{
			"x": -4,
			"y": 13,
			"z": 0
		}
	],
	"LOSTargetPositions": [
		{
			"x": 0,
			"y": 14,
			"z": 1
		},
		{
			"x": 4,
			"y": 13,
			"z": 0
		},
		{
			"x": -4,
			"y": 13,
			"z": 0
		},
		{
			"x": 3,
			"y": 5,
			"z": 0
		},
		{
			"x": -3,
			"y": 5,
			"z": 0
		}
	],
	"VariantName": "TDR-3N",
	"ChassisTags": {
		"items": [],
		"tagSetSourceFile": ""
	},
	"StockRole": "Line Trooper",
	"YangsThoughts": "One of the earliest 'Mech designs ever made, the Thunderbolt accompanied the Sanctuary Worlds on their great journey beyond the Inner Sphere where it became a mainstay of their armies. The TDR-3N was designed for durability and endurance above all else. Using a standard fusion engine combined with Ferro-Vanadium armor and Endo-Carbide structure combined with 3 tons of Modular Plating ensures the -3N can endure just about anything. A NPC and Large Electro-Laser provide primary firepower for the mech while an APM-4 with two tons of ammo provides a little battlefield control. Finally, four Jump Jets give the -3N unexpected mobility.",
	"FixedEquipment": [
		{
			"MountedLocation": "Head",
			"ComponentDefID": "Gear_Cockpit_Sanctuary_Drone",
			"SimGameUID": "",
			"ComponentDefType": "Upgrade",
			"HardpointSlot": -1,
			"GUID": null,
			"DamageLevel": "Functional",
			"prefabName": null,
			"hasPrefabName": false
		},
		{
			"MountedLocation": "Head",
			"ComponentDefID": "Gear_Quirk_CombatComputer_Thunderbolt",
			"SimGameUID": "",
			"ComponentDefType": "Upgrade",
			"HardpointSlot": -1,
			"GUID": null,
			"DamageLevel": "Functional",
			"prefabName": null,
			"hasPrefabName": false
		},
		{
			"MountedLocation": "CenterTorso",
			"ComponentDefID": "emod_structureslots_sanctuaryendocarbide",
			"ComponentDefType": "Upgrade",
			"HardpointSlot": -1,
			"DamageLevel": "Functional",
			"prefabName": "",
			"hasPrefabName": true
		},
		{
			"MountedLocation": "LeftArm",
			"ComponentDefID": "emod_sanctuaryendocarbide_linked",
			"ComponentDefType": "Upgrade",
			"HardpointSlot": -1,
			"DamageLevel": "Functional",
			"prefabName": "",
			"hasPrefabName": true
		},
		{
			"MountedLocation": "LeftTorso",
			"ComponentDefID": "emod_sanctuaryendocarbide_linked",
			"ComponentDefType": "Upgrade",
			"HardpointSlot": -1,
			"DamageLevel": "Functional",
			"prefabName": "",
			"hasPrefabName": true
		},
		{
			"MountedLocation": "RightTorso",
			"ComponentDefID": "emod_sanctuaryendocarbide_linked",
			"ComponentDefType": "Upgrade",
			"HardpointSlot": -1,
			"DamageLevel": "Functional",
			"prefabName": "",
			"hasPrefabName": true
		},
		{
			"MountedLocation": "RightArm",
			"ComponentDefID": "emod_sanctuaryendocarbide_linked",
			"ComponentDefType": "Upgrade",
			"HardpointSlot": -1,
			"DamageLevel": "Functional",
			"prefabName": "",
			"hasPrefabName": true
		},
		{
			"MountedLocation": "Head",
			"ComponentDefID": "emod_sanctuaryendocarbide_linked",
			"ComponentDefType": "Upgrade",
			"HardpointSlot": -1,
			"DamageLevel": "Functional",
			"prefabName": "",
			"hasPrefabName": true
		},
		{
			"MountedLocation": "LeftLeg",
			"ComponentDefID": "emod_sanctuaryendocarbide_linked",
			"ComponentDefType": "Upgrade",
			"HardpointSlot": -1,
			"DamageLevel": "Functional",
			"prefabName": "",
			"hasPrefabName": true
		},
		{
			"MountedLocation": "RightLeg",
			"ComponentDefID": "emod_sanctuaryendocarbide_linked",
			"ComponentDefType": "Upgrade",
			"HardpointSlot": -1,
			"DamageLevel": "Functional",
			"prefabName": "",
			"hasPrefabName": true
		}
	],
	"CustomParts": {
		"CustomParts": []
	}
}