{
	"Custom": {
		"ArmActuatorSupport": {
			"LeftLimit": "Upper",
			"RightLimit": "Upper"
		}
	},
	"Description": {
		"Cost": 14000000,
		"Rarity": 4,
		"Purchasable": true,
		"Manufacturer": "",
		"Model": "",
		"UIName": "Rashnu",
		"Id": "chassisdef_rashnu_RSH-4Z",
		"Name": "Rashnu",
		"Details": "Designed to fulfill the role of heavy siege, the Rashnu quickly gained a dark reputation on Sanctuary Worlds battlefields for destroying enemies without even ever seeing them. With its twin VRM-24s, the Rashnu can delete just about anything off the field, the further away the better. Up close, it has only a NPC and several Medium Electro-Lasers for defense, which heavily incentivizes Rashnu pilots to keep their distance from enemies. 14 Sanctuary-spec DHS help keep the weapons cooled, though pilots are warned to not alpha strike lest they catastrophically overheat.",
		"Icon": "uixTxrIcon_rashnu"
	},
	"MovementCapDefID": "movedef_highlander_HGN-733",
	"PathingCapDefID": "pathingdef_assault",
	"HardpointDataDefID": "hardpointdatadef_arthur",
	"PrefabIdentifier": "chrprfmech_arthurbase-001",
	"PrefabBase": "arthur",
	"Tonnage": 90,
	"InitialTonnage": 9,
	"weightClass": "ASSAULT",
	"BattleValue": 9642000,
	"Heatsinks": 0,
	"TopSpeed": 105,
	"TurnRadius": 90,
	"MaxJumpjets": 30,
	"Stability": 200,
	"StabilityDefenses": [
		0,
		0,
		0,
		0,
		0,
		0
	],
	"SpotterDistanceMultiplier": 1,
	"VisibilityMultiplier": 1,
	"SensorRangeMultiplier": 1,
	"Signature": 0,
	"Radius": 8,
	"PunchesWithLeftArm": false,
	"MeleeDamage": 95,
	"MeleeInstability": 45,
	"MeleeToHitModifier": 0,
	"DFADamage": 95,
	"DFAToHitModifier": 0,
	"DFASelfDamage": 95,
	"DFAInstability": 45,
	"Locations": [
		{
			"Location": "Head",
			"Hardpoints": [],
			"Tonnage": 0,
			"InventorySlots": 6,
			"MaxArmor": 45,
			"MaxRearArmor": -1,
			"InternalStructure": 16
		},
		{
			"Location": "LeftArm",
			"Hardpoints": [
				{
					"WeaponMount": "Missile",
					"Omni": false
				},
				{
					"WeaponMount": "Missile",
					"Omni": false
				}
			],
			"Tonnage": 0,
			"InventorySlots": 12,
			"MaxArmor": 150,
			"MaxRearArmor": -1,
			"InternalStructure": 75
		},
		{
			"Location": "LeftTorso",
			"Hardpoints": [
				{
					"WeaponMount": "Energy",
					"Omni": false
				}
			],
			"Tonnage": 0,
			"InventorySlots": 12,
			"MaxArmor": 190,
			"MaxRearArmor": 95,
			"InternalStructure": 95
		},
		{
			"Location": "CenterTorso",
			"Hardpoints": [],
			"Tonnage": 0,
			"InventorySlots": 15,
			"MaxArmor": 290,
			"MaxRearArmor": 145,
			"InternalStructure": 145
		},
		{
			"Location": "RightTorso",
			"Hardpoints": [
				{
					"WeaponMount": "Energy",
					"Omni": false
				},
				{
					"WeaponMount": "Energy",
					"Omni": false
				},
				{
					"WeaponMount": "Energy",
					"Omni": false
				},
				{
					"WeaponMount": "AntiPersonnel",
					"Omni": false
				}
			],
			"Tonnage": 0,
			"InventorySlots": 12,
			"MaxArmor": 190,
			"MaxRearArmor": 95,
			"InternalStructure": 95
		},
		{
			"Location": "RightArm",
			"Hardpoints": [
				{
					"WeaponMount": "Missile",
					"Omni": false
				},
				{
					"WeaponMount": "Missile",
					"Omni": false
				}
			],
			"Tonnage": 0,
			"InventorySlots": 12,
			"MaxArmor": 150,
			"MaxRearArmor": -1,
			"InternalStructure": 75
		},
		{
			"Location": "LeftLeg",
			"Hardpoints": [],
			"Tonnage": 0,
			"InventorySlots": 6,
			"MaxArmor": 190,
			"MaxRearArmor": -1,
			"InternalStructure": 95
		},
		{
			"Location": "RightLeg",
			"Hardpoints": [],
			"Tonnage": 0,
			"InventorySlots": 6,
			"MaxArmor": 190,
			"MaxRearArmor": -1,
			"InternalStructure": 95
		}
	],
	"LOSSourcePositions": [
		{
			"x": 0,
			"y": 17,
			"z": 0
		},
		{
			"x": 5,
			"y": 16,
			"z": -1
		},
		{
			"x": -5,
			"y": 16,
			"z": -1
		}
	],
	"LOSTargetPositions": [
		{
			"x": 0,
			"y": 17,
			"z": 0
		},
		{
			"x": 5,
			"y": 16,
			"z": -1
		},
		{
			"x": -5,
			"y": 16,
			"z": -1
		},
		{
			"x": 3.5,
			"y": 5.5,
			"z": 1
		},
		{
			"x": -3.5,
			"y": 5.5,
			"z": 1
		}
	],
	"VariantName": "RSH-4Z",
	"ChassisTags": {
		"items": [],
		"tagSetSourceFile": ""
	},
	"StockRole": "Heavy Bombardment",
	"YangsThoughts": "Designed to fulfill the role of heavy siege, the Rashnu quickly gained a dark reputation on Sanctuary Worlds battlefields for destroying enemies without even ever seeing them. With its twin VRM-24s, the Rashnu can delete just about anything off the field, the further away the better. Up close, it has only a NPC and several Medium Electro-Lasers for defense, which heavily incentivizes Rashnu pilots to keep their distance from enemies. 14 Sanctuary-spec DHS help keep the weapons cooled, though pilots are warned to not alpha strike lest they catastrophically overheat.",
	"FixedEquipment": [
		{
			"MountedLocation": "Head",
			"ComponentDefID": "Gear_Quirk_LongRangeTargeting_Rashnu",
			"SimGameUID": "",
			"ComponentDefType": "Upgrade",
			"HardpointSlot": -1,
			"GUID": null,
			"DamageLevel": "Functional",
			"prefabName": null,
			"hasPrefabName": false
		},
		{
			"MountedLocation": "CenterTorso",
			"ComponentDefID": "emod_structureslots_standard",
			"SimGameUID": "",
			"ComponentDefType": "Upgrade",
			"HardpointSlot": -1,
			"GUID": null,
			"DamageLevel": "Functional",
			"prefabName": "",
			"hasPrefabName": false
		},
		{
			"MountedLocation": "Head",
			"ComponentDefID": "Gear_Cockpit_Sanctuary_Drone",
			"SimGameUID": "",
			"ComponentDefType": "Upgrade",
			"HardpointSlot": 0,
			"GUID": null,
			"DamageLevel": "Functional",
			"prefabName": null,
			"hasPrefabName": false
		}
	],
	"CustomParts": {
		"CustomParts": []
	}
}