{
	"Custom": {
		"ArmActuatorSupport": {
			"LeftLimit": "Upper",
			"RightLimit": "Upper"
		},
		"AssemblyVariant": {
			"PrefabID": "Rifleman",
			"Exclude": false,
			"Include": true
		}
	},
	"Description": {
		"Cost": 5900000,
		"Rarity": 3,
		"Purchasable": true,
		"Manufacturer": "",
		"Model": "",
		"UIName": "Rifleman",
		"Id": "chassisdef_rifleman_RFL-4B",
		"Name": "Rifleman",
		"Details": "The Sanctuary Worlds made an unusual choice early in their development: they largely disdained aerospace fighters for combat. This led to the Rifleman being repurposed largely as a direct fire support mech, though it retained its AA effectiveness against the odd VTOL fielded by the Sanctuary Worlders. Designed to break enemy positions, the -4B carries two Double-Barrel/15s, weapons which can shatter just about everything they point at. Two Medium Electro-Lasers are also equipped, for some unclear reason, in lieu of more ammunition.",
		"Icon": "uixTxrIcon_rifleman"
	},
	"MovementCapDefID": "movedef_rifleman_RFL-3N",
	"PathingCapDefID": "pathingdef_heavy",
	"HardpointDataDefID": "hardpointdatadef_rifleman",
	"PrefabIdentifier": "chrPrfMech_riflemanBase-001",
	"PrefabBase": "rifleman",
	"Tonnage": 60,
	"InitialTonnage": 6,
	"weightClass": "HEAVY",
	"BattleValue": 5514000,
	"Heatsinks": 0,
	"TopSpeed": 120,
	"TurnRadius": 90,
	"MaxJumpjets": 30,
	"Stability": 160,
	"StabilityDefenses": [
		0,
		0,
		0,
		0,
		0,
		0
	],
	"SpotterDistanceMultiplier": 1,
	"VisibilityMultiplier": 1,
	"SensorRangeMultiplier": 1,
	"Signature": 0,
	"Radius": 8,
	"PunchesWithLeftArm": false,
	"MeleeDamage": 60,
	"MeleeInstability": 30,
	"MeleeToHitModifier": 0,
	"DFADamage": 60,
	"DFAToHitModifier": 0,
	"DFASelfDamage": 60,
	"DFAInstability": 30,
	"Locations": [
		{
			"Location": "Head",
			"Hardpoints": [],
			"Tonnage": 0,
			"InventorySlots": 6,
			"MaxArmor": 45,
			"MaxRearArmor": -1,
			"InternalStructure": 16
		},
		{
			"Location": "LeftArm",
			"Hardpoints": [
				{
					"WeaponMount": "AntiPersonnel",
					"Omni": false
				},
				{
					"WeaponMount": "Ballistic",
					"Omni": false
				},
				{
					"WeaponMount": "Ballistic",
					"Omni": false
				}
			],
			"Tonnage": 0,
			"InventorySlots": 12,
			"MaxArmor": 100,
			"MaxRearArmor": -1,
			"InternalStructure": 50
		},
		{
			"Location": "LeftTorso",
			"Hardpoints": [
				{
					"WeaponMount": "Energy",
					"Omni": false
				},
				{
					"WeaponMount": "Energy",
					"Omni": false
				}
			],
			"Tonnage": 0,
			"InventorySlots": 12,
			"MaxArmor": 140,
			"MaxRearArmor": 70,
			"InternalStructure": 70
		},
		{
			"Location": "CenterTorso",
			"Hardpoints": [],
			"Tonnage": 0,
			"InventorySlots": 15,
			"MaxArmor": 200,
			"MaxRearArmor": 100,
			"InternalStructure": 100
		},
		{
			"Location": "RightTorso",
			"Hardpoints": [
				{
					"WeaponMount": "Energy",
					"Omni": false
				},
				{
					"WeaponMount": "Energy",
					"Omni": false
				}
			],
			"Tonnage": 0,
			"InventorySlots": 12,
			"MaxArmor": 140,
			"MaxRearArmor": 70,
			"InternalStructure": 70
		},
		{
			"Location": "RightArm",
			"Hardpoints": [
				{
					"WeaponMount": "AntiPersonnel",
					"Omni": false
				},
				{
					"WeaponMount": "Ballistic",
					"Omni": false
				},
				{
					"WeaponMount": "Ballistic",
					"Omni": false
				}
			],
			"Tonnage": 0,
			"InventorySlots": 12,
			"MaxArmor": 100,
			"MaxRearArmor": -1,
			"InternalStructure": 50
		},
		{
			"Location": "LeftLeg",
			"Hardpoints": [],
			"Tonnage": 0,
			"InventorySlots": 6,
			"MaxArmor": 140,
			"MaxRearArmor": -1,
			"InternalStructure": 70
		},
		{
			"Location": "RightLeg",
			"Hardpoints": [],
			"Tonnage": 0,
			"InventorySlots": 6,
			"MaxArmor": 140,
			"MaxRearArmor": -1,
			"InternalStructure": 70
		}
	],
	"LOSSourcePositions": [
		{
			"x": 0,
			"y": 14,
			"z": 0.5
		},
		{
			"x": 4.5,
			"y": 13,
			"z": -0.5
		},
		{
			"x": -4.5,
			"y": 13,
			"z": -0.5
		}
	],
	"LOSTargetPositions": [
		{
			"x": 0,
			"y": 14,
			"z": 0.5
		},
		{
			"x": 4.5,
			"y": 13,
			"z": -0.5
		},
		{
			"x": -4.5,
			"y": 13,
			"z": -0.5
		},
		{
			"x": 2.5,
			"y": 5,
			"z": 1.25
		},
		{
			"x": -2.5,
			"y": 5,
			"z": 1.25
		}
	],
	"VariantName": "RFL-4B",
	"ChassisTags": {
		"items": [],
		"tagSetSourceFile": ""
	},
	"StockRole": "Direct Fire Support",
	"YangsThoughts": "The Sanctuary Worlds made an unusual choice early in their development: they largely disdained aerospace fighters for combat. This led to the Rifleman being repurposed largely as a direct fire support mech, though it retained its AA effectiveness against the odd VTOL fielded by the Sanctuary Worlders. Designed to break enemy positions, the -4B carries two Double-Barrel/15s, weapons which can shatter just about everything they point at. Two Medium Electro-Lasers are also equipped, for some unclear reason, in lieu of more ammunition.",
	"FixedEquipment": [
		{
			"MountedLocation": "Head",
			"ComponentDefID": "Gear_Quirk_AntiAirTargeting_Rifleman",
			"SimGameUID": "",
			"ComponentDefType": "Upgrade",
			"HardpointSlot": -1,
			"GUID": null,
			"DamageLevel": "Functional",
			"prefabName": null,
			"hasPrefabName": false
		},
		{
			"MountedLocation": "CenterTorso",
			"ComponentDefID": "emod_structureslots_sanctuaryendosteel",
			"SimGameUID": "",
			"ComponentDefType": "Upgrade",
			"HardpointSlot": -1,
			"GUID": null,
			"DamageLevel": "Functional",
			"prefabName": "",
			"hasPrefabName": false
		},
		{
			"MountedLocation": "Head",
			"ComponentDefID": "Gear_Cockpit_Sanctuary_Drone",
			"SimGameUID": "",
			"ComponentDefType": "Upgrade",
			"HardpointSlot": 0,
			"GUID": null,
			"DamageLevel": "Functional",
			"prefabName": null,
			"hasPrefabName": false
		}
	],
	"CustomParts": {
		"CustomParts": []
	}
}