{
	"Description": {
		"Cost": 7912000,
		"Rarity": 3,
		"Purchasable": true,
		"Manufacturer": "",
		"Model": "",
		"UIName": "Archer",
		"Id": "chassisdef_archer_ARC-3R",
		"Name": "Archer",
		"Details": "The Archer. One of the most famous BattleMechs in history. A mainstay of every Inner Sphere army, the Archer also came to the Sanctuary Worlds and serves in their armies, same as the Inner Sphere. The Archer ARC-3R is the Sanctuary standard, armed with twin VRM-24s and two each Medium Electro-Lasers and Twin-Linked Small Lasers. With 6 tons of SHIELD protected ammo, the VRMs rarely run dry. The Archer ARC-3R serves nobly in Sanctuary armies to this very day.",
		"Icon": "uixTxrIcon_archer"
	},
	"MovementCapDefID": "movedef_archer_ARC-2R",
	"PathingCapDefID": "pathingdef_heavy",
	"HardpointDataDefID": "hardpointdatadef_archer",
	"PrefabIdentifier": "chrPrfMech_archerBase-001",
	"PrefabBase": "archer",
	"Tonnage": 70,
	"InitialTonnage": 7,
	"weightClass": "HEAVY",
	"BattleValue": 7602000,
	"Heatsinks": 0,
	"TopSpeed": 120,
	"TurnRadius": 90,
	"MaxJumpjets": 30,
	"Stability": 160,
	"StabilityDefenses": [
		0,
		0,
		0,
		0,
		0,
		0
	],
	"SpotterDistanceMultiplier": 1,
	"VisibilityMultiplier": 1,
	"SensorRangeMultiplier": 1,
	"Signature": 0,
	"Radius": 8,
	"PunchesWithLeftArm": false,
	"MeleeDamage": 80,
	"MeleeInstability": 40,
	"MeleeToHitModifier": 0,
	"DFADamage": 80,
	"DFAToHitModifier": 0,
	"DFASelfDamage": 80,
	"DFAInstability": 40,
	"Locations": [
		{
			"Location": "Head",
			"Hardpoints": [],
			"Tonnage": 0,
			"InventorySlots": 6,
			"MaxArmor": 45,
			"MaxRearArmor": -1,
			"InternalStructure": 16
		},
		{
			"Location": "LeftArm",
			"Hardpoints": [
				{
					"WeaponMount": "Energy",
					"Omni": false
				},
				{
					"WeaponMount": "Energy",
					"Omni": false
				}
			],
			"Tonnage": 0,
			"InventorySlots": 12,
			"MaxArmor": 110,
			"MaxRearArmor": -1,
			"InternalStructure": 55
		},
		{
			"Location": "LeftTorso",
			"Hardpoints": [
				{
					"WeaponMount": "Missile",
					"Omni": false
				},
				{
					"WeaponMount": "Missile",
					"Omni": false
				}
			],
			"Tonnage": 0,
			"InventorySlots": 12,
			"MaxArmor": 150,
			"MaxRearArmor": 75,
			"InternalStructure": 75
		},
		{
			"Location": "CenterTorso",
			"Hardpoints": [
				{
					"WeaponMount": "Energy",
					"Omni": false
				},
				{
					"WeaponMount": "Energy",
					"Omni": false
				}
			],
			"Tonnage": 0,
			"InventorySlots": 15,
			"MaxArmor": 220,
			"MaxRearArmor": 110,
			"InternalStructure": 110
		},
		{
			"Location": "RightTorso",
			"Hardpoints": [
				{
					"WeaponMount": "Missile",
					"Omni": false
				},
				{
					"WeaponMount": "Missile",
					"Omni": false
				}
			],
			"Tonnage": 0,
			"InventorySlots": 12,
			"MaxArmor": 150,
			"MaxRearArmor": 75,
			"InternalStructure": 75
		},
		{
			"Location": "RightArm",
			"Hardpoints": [
				{
					"WeaponMount": "Energy",
					"Omni": false
				},
				{
					"WeaponMount": "Energy",
					"Omni": false
				}
			],
			"Tonnage": 0,
			"InventorySlots": 12,
			"MaxArmor": 110,
			"MaxRearArmor": -1,
			"InternalStructure": 55
		},
		{
			"Location": "LeftLeg",
			"Hardpoints": [],
			"Tonnage": 0,
			"InventorySlots": 6,
			"MaxArmor": 150,
			"MaxRearArmor": -1,
			"InternalStructure": 75
		},
		{
			"Location": "RightLeg",
			"Hardpoints": [],
			"Tonnage": 0,
			"InventorySlots": 6,
			"MaxArmor": 150,
			"MaxRearArmor": -1,
			"InternalStructure": 75
		}
	],
	"LOSSourcePositions": [
		{
			"x": 0,
			"y": 15,
			"z": -1
		},
		{
			"x": 4,
			"y": 14,
			"z": -0.5
		},
		{
			"x": -4,
			"y": 14,
			"z": -0.5
		}
	],
	"LOSTargetPositions": [
		{
			"x": 0,
			"y": 15,
			"z": -1
		},
		{
			"x": 4,
			"y": 14,
			"z": -0.5
		},
		{
			"x": -4,
			"y": 14,
			"z": -0.5
		},
		{
			"x": 2.5,
			"y": 5,
			"z": 1
		},
		{
			"x": -2.5,
			"y": 5,
			"z": 1
		}
	],
	"FixedEquipment": [
		{
			"MountedLocation": "LeftArm",
			"ComponentDefID": "Gear_Quirk_Battlefists_Archer",
			"SimGameUID": "",
			"ComponentDefType": "Upgrade",
			"HardpointSlot": -1,
			"GUID": null,
			"DamageLevel": "Functional",
			"prefabName": null,
			"hasPrefabName": false
		},
		{
			"MountedLocation": "RightArm",
			"ComponentDefID": "Gear_Quirk_Battlefists_Archer",
			"SimGameUID": "",
			"ComponentDefType": "Upgrade",
			"HardpointSlot": -1,
			"GUID": null,
			"DamageLevel": "Functional",
			"prefabName": null,
			"hasPrefabName": false
		},
		{
			"MountedLocation": "CenterTorso",
			"ComponentDefID": "emod_structureslots_sanctuaryendosteel",
			"SimGameUID": "",
			"ComponentDefType": "Upgrade",
			"HardpointSlot": -1,
			"GUID": null,
			"DamageLevel": "Functional",
			"prefabName": "",
			"hasPrefabName": false
		},
		{
			"MountedLocation": "Head",
			"ComponentDefID": "Gear_Cockpit_Sanctuary_Drone",
			"SimGameUID": "",
			"ComponentDefType": "Upgrade",
			"HardpointSlot": 0,
			"GUID": null,
			"DamageLevel": "Functional",
			"prefabName": null,
			"hasPrefabName": false
		}
	],
	"VariantName": "ARC-3R",
	"ChassisTags": {
		"items": [],
		"tagSetSourceFile": ""
	},
	"StockRole": "Heavy Artillery and Fire Support",
	"YangsThoughts": "The Archer. One of the most famous BattleMechs in history. A mainstay of every Inner Sphere army, the Archer also came to the Sanctuary Worlds and serves in their armies, same as the Inner Sphere. The Archer ARC-3R is the Sanctuary standard, armed with twin VRM-24s and two each Medium Electro-Lasers and Twin-Linked Small Lasers. With 6 tons of SHIELD protected ammo, the VRMs rarely run dry. The Archer ARC-3R serves nobly in Sanctuary armies to this very day.",
	"CustomParts": {
		"CustomParts": []
	}
}