{
	"Custom": {
		"ArmActuatorSupport": {
			"LeftLimit": "Upper",
			"RightLimit": "Upper"
		}
	},
	"Description": {
		"Cost": 1624000,
		"Rarity": 0,
		"Purchasable": true,
		"Manufacturer": "",
		"Model": "",
		"UIName": "Trooper",
		"Id": "chassisdef_trooper_TP-2D",
		"Name": "Trooper",
		"Details": "The Trooper is a mech oft forgotten by the Inner Sphere, as it was the primitive precursor to the Flea. However, the Sanctuary Worlds did not forget the Trooper and in fact iterated on it as their recon mech of choice. The Trooper is a popular scout mech in the Sanctuary thanks to its high speed and small profile. The TP-2D is a support chassis, designed to cover for allies and provide some protection for scouting lances. With its AMS and ECM Suite it can cover its allies easily. However, this comes at the cost of offense, as only a pair of DRM-2s and Small Electro-Lasers provide any offensive grit.",
		"Icon": "uixTxrIcon_flea"
	},
	"MovementCapDefID": "movedef_flea_FLE-4",
	"PathingCapDefID": "pathingdef_light",
	"HardpointDataDefID": "hardpointdatadef_flea",
	"PrefabIdentifier": "chrPrfMech_fleaBase-001",
	"PrefabBase": "flea",
	"Tonnage": 20,
	"InitialTonnage": 2,
	"weightClass": "LIGHT",
	"BattleValue": 1642000,
	"Heatsinks": 0,
	"TopSpeed": 210,
	"TurnRadius": 90,
	"MaxJumpjets": 30,
	"Stability": 100,
	"StabilityDefenses": [
		0,
		0,
		0,
		0,
		0,
		0
	],
	"SpotterDistanceMultiplier": 1,
	"VisibilityMultiplier": 1,
	"SensorRangeMultiplier": 1,
	"Signature": 0,
	"Radius": 4,
	"PunchesWithLeftArm": false,
	"MeleeDamage": 20,
	"MeleeInstability": 5,
	"MeleeToHitModifier": 0,
	"DFADamage": 20,
	"DFAToHitModifier": 0,
	"DFASelfDamage": 20,
	"DFAInstability": 5,
	"Locations": [
		{
			"Location": "Head",
			"Hardpoints": [],
			"Tonnage": 0,
			"InventorySlots": 6,
			"MaxArmor": 45,
			"MaxRearArmor": -1,
			"InternalStructure": 16
		},
		{
			"Location": "LeftArm",
			"Hardpoints": [
				{
					"WeaponMount": "AntiPersonnel",
					"Omni": false
				},
				{
					"WeaponMount": "AntiPersonnel",
					"Omni": false
				}
			],
			"Tonnage": 0,
			"InventorySlots": 12,
			"MaxArmor": 30,
			"MaxRearArmor": -1,
			"InternalStructure": 15
		},
		{
			"Location": "LeftTorso",
			"Hardpoints": [
				{
					"WeaponMount": "Missile",
					"Omni": false
				}
			],
			"Tonnage": 0,
			"InventorySlots": 12,
			"MaxArmor": 50,
			"MaxRearArmor": 25,
			"InternalStructure": 25
		},
		{
			"Location": "CenterTorso",
			"Hardpoints": [
				{
					"WeaponMount": "AntiPersonnel",
					"Omni": false
				}
			],
			"Tonnage": 0,
			"InventorySlots": 15,
			"MaxArmor": 60,
			"MaxRearArmor": 30,
			"InternalStructure": 30
		},
		{
			"Location": "RightTorso",
			"Hardpoints": [
				{
					"WeaponMount": "Missile",
					"Omni": false
				}
			],
			"Tonnage": 0,
			"InventorySlots": 12,
			"MaxArmor": 50,
			"MaxRearArmor": 25,
			"InternalStructure": 25
		},
		{
			"Location": "RightArm",
			"Hardpoints": [
				{
					"WeaponMount": "AntiPersonnel",
					"Omni": false
				},
				{
					"WeaponMount": "AntiPersonnel",
					"Omni": false
				}
			],
			"Tonnage": 0,
			"InventorySlots": 12,
			"MaxArmor": 30,
			"MaxRearArmor": -1,
			"InternalStructure": 15
		},
		{
			"Location": "LeftLeg",
			"Hardpoints": [],
			"Tonnage": 0,
			"InventorySlots": 6,
			"MaxArmor": 40,
			"MaxRearArmor": -1,
			"InternalStructure": 20
		},
		{
			"Location": "RightLeg",
			"Hardpoints": [],
			"Tonnage": 0,
			"InventorySlots": 6,
			"MaxArmor": 40,
			"MaxRearArmor": -1,
			"InternalStructure": 20
		}
	],
	"LOSSourcePositions": [
		{
			"x": 0,
			"y": 6.5,
			"z": 0
		},
		{
			"x": 2,
			"y": 6.5,
			"z": -0.5
		},
		{
			"x": -2,
			"y": 6.5,
			"z": -0.5
		}
	],
	"LOSTargetPositions": [
		{
			"x": 0,
			"y": 6.5,
			"z": 0
		},
		{
			"x": 2,
			"y": 6.5,
			"z": -0.5
		},
		{
			"x": -2,
			"y": 6.5,
			"z": -0.5
		},
		{
			"x": 1.25,
			"y": 3.5,
			"z": 0
		},
		{
			"x": -1.25,
			"y": 3.5,
			"z": 0
		}
	],
	"VariantName": "TP-2D",
	"ChassisTags": {
		"items": [],
		"tagSetSourceFile": ""
	},
	"StockRole": "Light Recon",
	"YangsThoughts": "The Trooper is a mech oft forgotten by the Inner Sphere, as it was the primitive precursor to the Flea. However, the Sanctuary Worlds did not forget the Trooper and in fact iterated on it as their recon mech of choice. The Trooper is a popular scout mech in the Sanctuary thanks to its high speed and small profile. The TP-2D is a support chassis, designed to cover for allies and provide some protection for scouting lances. With its AMS and ECM Suite it can cover its allies easily. However, this comes at the cost of offense, as only a pair of DRM-2s and Small Electro-Lasers provide any offensive grit.",
	"FixedEquipment": [
		{
			"MountedLocation": "CenterTorso",
			"ComponentDefID": "Gear_Quirk_NarrowProfile_Trooper",
			"SimGameUID": "",
			"ComponentDefType": "Upgrade",
			"HardpointSlot": -1,
			"GUID": null,
			"DamageLevel": "Functional",
			"prefabName": null,
			"hasPrefabName": false
		},
		{
			"MountedLocation": "CenterTorso",
			"ComponentDefID": "emod_structureslots_sanctuaryendosteel",
			"SimGameUID": "",
			"ComponentDefType": "Upgrade",
			"HardpointSlot": -1,
			"GUID": null,
			"DamageLevel": "Functional",
			"prefabName": "",
			"hasPrefabName": false
		},
		{
			"MountedLocation": "Head",
			"ComponentDefID": "Gear_Cockpit_Sanctuary_Drone",
			"SimGameUID": "",
			"ComponentDefType": "Upgrade",
			"HardpointSlot": 0,
			"GUID": null,
			"DamageLevel": "Functional",
			"prefabName": null,
			"hasPrefabName": false
		}
	],
	"CustomParts": {
		"CustomParts": []
	}
}