{
	"Custom": {
		"BonusDescriptions": {
			"Bonuses": [
				"CoolingSystemSDHS"
			]
		},
		"Cooling": {
			"HeatSinkDefId": "Gear_HeatSink_Generic_SanctuaryWorlds"
		},
		"WorkOrderCosts": {
			"Default": {
				"TechCost": "0",
				"CBillCost": "0"
			},
			"Install": {
				"TechCost": "0.4 * [[Chassis.Tonnage]] * [[Chassis.Tonnage]] / 40",
				"CBillCost": "2000 * [[Chassis.Tonnage]] * [[Chassis.Tonnage]] / 40"
			}
		},
        "Category": [
			{
				"CategoryID": "Cooling"
			},
			{
				"CategoryID": "EnginePart"
			},
			{
				"CategoryID": "SDHSKit"
			}
		],
		"Flags": {
			"flags": [
				"ignore_damage",
				"no_salvage"
			]
		}
    },
    "DissipationCapacity" : 0,
    "Description" : {
        "Cost" : 1750000,
        "Rarity" : 0,
        "Purchasable" : false,
        "Manufacturer" : "Sanctuary Engineering",
        "Model" : "Cooling System",
        "UIName" : "Heat Sink Kit (SDHS)",
        "Id" : "emod_kit_sdhs",
        "Name" : "Engine Sink Kit (S)",
        "Details" : "Converts an SHS engine to SDHS. A Mech' <b>Cooling System</b> provides heat dissipation for components inside the mech and compatible extension points for additional heat sinks throughout the mech. It differs from the closed cooling system of the engine.",
        "Icon" : "thermometer-cold"
    },
    "BonusValueA" : "",
    "BonusValueB" : "",
    "ComponentType" : "HeatSink",
    "ComponentSubType" : "Heatsink",
    "PrefabIdentifier" : "",
    "BattleValue" : 0,
    "InventorySize" : 1,
    "Tonnage" : 0,
    "AllowedLocations" : "CenterTorso",
    "DisallowedLocations" : "All",
    "CriticalComponent" : false,
    "statusEffects" : null,
    "ComponentTags" : {
        "items" : [
            "component_type_stock"
        ],
        "tagSetSourceFile" : ""
    }
}
