{
	"Custom": {
		"EngineHeatSink": {
			"FullName": "Sanctuary Double Heat Sinks",
			"Abbreviation": "SDHS",
			"Tag": "SDHS"
		},
		"Category": [
			{
				"CategoryID": "Heatsink"
			},
			{
				"CategoryID": "SDHS"
			}
		],
		"BonusDescriptions": {
            "Bonuses": [
                "Dissipation: 5"
            ]
        }		
	},
    "DissipationCapacity" : 5,
    "Description" : {
        "Cost" : 150000,
        "Rarity" : 100,
        "Purchasable" : false,
        "Manufacturer" : "Sanctuary Engineering",
        "Model" : "Double Sanctuary",
        "UIName" : "Heat Sink Double (S)",
        "Id" : "Gear_HeatSink_Generic_SanctuaryWorlds",
        "Name" : "Heat Sink Double (S)",
        "Details" : "In their isolation, the Sanctuary Worlds iterated upon the technologies of the Inner Sphere, learning and evolving their combat technologies over the long centuries. The Sanctuary Worlder's heat sinks are less powerful than the Inner Sphere's double heat sinks (though more powerful than standard heat sinks, a technology that they did retain) though they are similar to Clan double heat sinks in compactness. However, the Sanctuary Worlds developed multiple kinds of heat sinks that all link to the same master kits, giving them flexibility in their cooling options that the Inner Sphere and even the Clans cannot match.",
        "Icon" : "uixSvgIcon_equipment_Heatsink"
    },
    "BonusValueA" : "",
    "BonusValueB" : "",
    "ComponentType" : "HeatSink",
    "ComponentSubType" : "Heatsink",
    "PrefabIdentifier" : "",
    "BattleValue" : 0,
    "InventorySize" : 2,
    "Tonnage" : 1,
    "AllowedLocations" : "All",
    "DisallowedLocations" : "All",
    "CriticalComponent" : false,
    "statusEffects" : null,
    "ComponentTags" : {
        "items" : [
            "component_type_stock"
        ],
        "tagSetSourceFile" : ""
    }
}

