{
    "Custom": {
        "BonusDescriptions": {
            "Bonuses": [
				"DBACModes",
				"WpnRecoil: 3"
            ]
        },
        "Category": [
			{
				"CategoryID": "w/a/a/dbac"
			}
		]
    },
    "Category" : "Ballistic",
    "Type" : "Autocannon",
    "WeaponSubType" : "AC10",
    "MinRange" : 0,
    "MaxRange" : 450,
    "RangeSplit" : [
        150,
        250,
        350
    ],
    "AmmoCategory" : "DBAC15",
    "StartingAmmoCapacity" : 0,
    "HeatGenerated" : 15,
    "Damage" : 50,
    "OverheatedDamageMultiplier" : 0,
    "EvasiveDamageMultiplier" : 0,
    "EvasivePipsIgnored" : 0,
    "DamageVariance" : 0,
    "HeatDamage" : 0,
    "AccuracyModifier" : 0,
    "CriticalChanceMultiplier" : 1,
    "AOECapable" : false,
    "IndirectFireCapable" : false,
    "RefireModifier" : 3,
	"ShotsWhenFired" : 2,
    "ProjectilesPerShot" : 1,
    "AttackRecoil" : 1,
    "Instability" : 0,
	"FireDelayMultiplier": 0.2,
    "WeaponEffectID" : "WeaponEffect-Weapon_AC10",
    "Description" : {
        "Cost" : 240000,
        "Rarity" : 0,
        "Purchasable" : true,
        "Manufacturer" : "Sanctuary Engineering",
        "Model" : "Heavy Autocannon",
        "UIName" : "DBAC/15 (S)",
        "Id" : "Weapon_Autocannon_Doublebarrel_15",
        "Name" : "DBAC/15 (S)",
        "Details" : "Essentially a pair of ACs stapled together, the Double-Barrel Autocannon is the Sanctuary's version of an Ultra Autocannon. Unlike the Inner Sphere's Ultras, the DBAC cannot jam but also cannot change fire modes, it always shoots two shots at once. It is a simple and effective weapon, which is why the Sanctuary Worlders make heavy use of the system.",
        "Icon" : "uixSvgIcon_weapon_Ballistic"
    },
    "BonusValueA" : "",
    "BonusValueB" : "",
    "ComponentType" : "Weapon",
    "ComponentSubType" : "Weapon",
    "PrefabIdentifier" : "AC10",
    "BattleValue" : 0,
    "InventorySize" : 5,
    "Tonnage" : 14,
    "AllowedLocations" : "All",
    "DisallowedLocations" : "All",
    "CriticalComponent" : false,
    "statusEffects" : [],
	"Modes": [
		{
			"Id": "lv1",
			"UIName": "Dmg",
			"isBaseMode": true
		},
		{
			"Id": "lv2",
			"UIName": "Stab",
			"isBaseMode": false,
			"DamagePerShot": -50,
			"Instability" : 40
		}
	],
    "ComponentTags" : {
        "items" : [
            "component_type_stock",
            "range_very-long"
        ],
        "tagSetSourceFile" : ""
    }
}
