{
	"Custom": {
        "Category": [
			{
				"CategoryID": "w/e/p/gamma"
			},
			{
				"CategoryID": "NeverMelee"
			}
		],
        "BonusDescriptions": {
            "Bonuses": [
				"MoveSpeed: 20%",
				"NoFireInMelee"
            ]
        }
    },
    "Category" : "Energy",
    "Type" : "PPC",
    "WeaponSubType" : "PPC",
    "MinRange" : 90,
    "MaxRange" : 960,
    "RangeSplit" : [
        240,
        480,
        720
    ],
    "AmmoCategory" : "NotSet",
    "StartingAmmoCapacity" : 0,
    "HeatGenerated" : 25,
    "Damage" : 80,
    "OverheatedDamageMultiplier" : 0,
    "EvasiveDamageMultiplier" : 0,
    "EvasivePipsIgnored" : 1,
    "DamageVariance" : 0,
    "HeatDamage" : 0,
    "AccuracyModifier" : 0,
    "CriticalChanceMultiplier" : 1,
    "AOECapable" : false,
    "IndirectFireCapable" : false,
    "RefireModifier" : 0,
    "ShotsWhenFired" : 1,
    "ProjectilesPerShot" : 1,
    "AttackRecoil" : 3,
    "Instability" : 0,
	"ColorsTable": [
		{
		  "C": "#00a123",
		  "I": 5
		}
	],
	"ImprovedBallistic": true,
	"ColorSpeedChange": 1,
	"ColorChangeRule": "Linear",
    "WeaponEffectID" : "WeaponEffect-Weapon_PPC",
    "Description" : {
        "Cost" : 350000,
        "Rarity" : 0,
        "Purchasable" : true,
        "Manufacturer" : "Sanctuary Electronics",
        "Model" : "Gamma Cannon",
        "UIName" : "Gamma Cannon (S)",
        "Id" : "Weapon_Gamma_Gamma",
        "Name" : "Gamma Cannon (S)",
        "Details" : "The longest ranged direct-fire weapon in the Sacellum arsenal, the Gamma Cannon produces a tightly focused blast of gamma radiation and directs it to the targeted location, devastating anything it comes into contact with. The Gamma Cannon does devastating damage at immense range, but costs a lot of heat and is not a light or small weapon meaning it only is ever mounted on the most dangerous of Sanctuary mechs.",
        "Icon" : "particle"
    },
    "BonusValueA" : "",
    "BonusValueB" : "",
    "ComponentType" : "Weapon",
    "ComponentSubType" : "Weapon",
    "PrefabIdentifier" : "PPC",
    "BattleValue" : 0,
    "InventorySize" : 7,
    "Tonnage" : 13,
    "AllowedLocations" : "All",
    "DisallowedLocations" : "All",
    "CriticalComponent" : false,
    "statusEffects" : [
		{
		  "durationData": {
			"duration": 2,
			"ticksOnActivations": true,
			"useActivationsOfTarget": true,
			"stackLimit": 2
		  },
		  "targetingData": {
			"effectTriggerType": "OnHit",
			"showInStatusPanel": true
		  },
		  "effectType": "StatisticEffect",
		  "Description": {
			"Id": "Gamma-WalkSlow",
			"Name": "Walk Impaired",
			"Details": "This mech's movement is impaired 20% by the Gamma Cannon's effect.",
			"Icon": "uixSvgIcon_status_sensorsImpaired"
		  },
		  "nature": "Debuff",
		  "statisticData": {
			"statName": "WalkSpeed",
			"operation": "Float_Multiply",
			"modValue": "0.8",
			"modType": "System.Single"
		  }
		},
		{
		  "durationData": {
			"duration": 2,
			"ticksOnActivations": true,
			"useActivationsOfTarget": true,
			"stackLimit": 2
		  },
		  "targetingData": {
			"effectTriggerType": "OnHit",
			"showInStatusPanel": false
		  },
		  "effectType": "StatisticEffect",
		  "Description": {
			"Id": "Gamma-RunSlow",
			"Name": "Walk Impaired",
			"Details": "This mech's movement is impaired 20% by the Gamma Cannon's effect.",
			"Icon": "uixSvgIcon_status_sensorsImpaired"
		  },
		  "nature": "Debuff",
		  "statisticData": {
			"statName": "CBTBE_RunMultiMod",
			"operation": "Float_Add",
			"modValue": "-0.2",
			"modType": "System.Single"
		  }
		}
    ],
    "ComponentTags" : {
        "items" : [
            "component_type_stock",
            "range_very-long"
        ],
        "tagSetSourceFile" : ""
    }
}
