{
	"Custom": {
		"Category": [
			{
				"CategoryID": "w/e/l/slance"
			}
		],
		"BonusDescriptions": {
			"Bonuses": [
				"WpnAccuracy: +1",
				"PipsIgnored: 3",
				"StructureDmgMod: 5",
				"AntiBA: 50%"
			]
		}
	},
    "Category" : "AntiPersonnel",
    "Type" : "Laser",
    "WeaponSubType" : "SmallLaser",
    "MinRange" : 0,
    "MaxRange" : 120,
    "RangeSplit" : [
        30,
        60,
        90
    ],
    "AmmoCategory" : "NotSet",
    "StartingAmmoCapacity" : 0,
    "HeatGenerated" : 10,
    "Damage" : 10,
    "OverheatedDamageMultiplier" : 0,
    "EvasiveDamageMultiplier" : 0,
    "EvasivePipsIgnored" : 3,
    "DamageVariance" : 0,
    "HeatDamage" : 0,
    "AccuracyModifier" : -1,
    "CriticalChanceMultiplier" : 0.5,
    "AOECapable" : false,
    "IndirectFireCapable" : false,
    "RefireModifier" : 0,
    "ShotsWhenFired" : 1,
    "ProjectilesPerShot" : 1,
    "AttackRecoil" : 0,
    "Instability" : 0,
	"StructureDamage": 5,
	"ColorsTable": [
    {
      "C": "#ffd966",
      "I": 5
    }
	],
	"ImprovedBallistic": true,
	"ColorSpeedChange": 1,
	"ColorChangeRule": "Linear",
	"TrooperSquadDamageModifier": 1.5,
    "WeaponEffectID" : "WeaponEffect-Weapon_Laser_Small",
    "Description" : {
        "Cost" : 65000,
        "Rarity" : 0,
        "Purchasable" : true,
        "Manufacturer" : "Sanctuary Electronics",
        "Model" : "Small Lance",
        "UIName" : "S Lance (S)",
        "Id" : "Weapon_Lance_SmallLance",
        "Name" : "S Lance (S)",
        "Details" : "The Sanctuary Worlds developed laser technology in a different direction than the Inner Sphere. Where the Clans and the Inner Sphere developed extended range lasers, the Sanctuary Worlders developed the lance system. Essentially a high-powered and very precise laser scalpel, lances provide high armor penetration at longer range but do less traditional damage to armor itself. The Small Lance is the smallest of the lance weapons and has a fairly small effect on targets.",
        "Icon" : "uixSvgIcon_weapon_Support"
    },
    "BonusValueA" : "",
    "BonusValueB" : "",
    "ComponentType" : "Weapon",
    "ComponentSubType" : "Weapon",
    "PrefabIdentifier" : "Laser",
    "BattleValue" : 0,
    "InventorySize" : 1,
    "Tonnage" : 1,
    "AllowedLocations" : "All",
    "DisallowedLocations" : "All",
    "CriticalComponent" : false,
    "statusEffects" : [],
    "ComponentTags" : {
        "items" : [
            "component_type_stock",
            "range_close"
        ],
        "tagSetSourceFile" : ""
    }
}
