{
	"Custom": {
		"Category": [
			{
				"CategoryID": "w/m/s/apm"
			}
		],
		"BonusDescriptions": {
			"Bonuses": [
				"APM",
				"WpnCrits: +25%",
				"MissileHealth: 4"
			]
		}
	},
    "Category" : "Missile",
    "Type" : "SRM",
    "WeaponSubType" : "SRM6",
    "MinRange" : 0,
    "MaxRange" : 480,
    "RangeSplit" : [
        120,
        240,
        360
    ],
    "AmmoCategory" : "APM",
    "StartingAmmoCapacity" : 0,
    "HeatGenerated" : 4,
    "Damage" : 1,
    "OverheatedDamageMultiplier" : 0,
    "EvasiveDamageMultiplier" : 0,
    "EvasivePipsIgnored" : 0,
    "DamageVariance" : 0,
    "HeatDamage" : 0,
    "AccuracyModifier" : 1,
    "CriticalChanceMultiplier" : 1.25,
    "AOECapable" : false,
    "IndirectFireCapable" : false,
    "RefireModifier" : 0,
    "ShotsWhenFired" : 4,
    "ProjectilesPerShot" : 1,
    "AttackRecoil" : 1,
    "Instability" : 1,
	"ColorsTable": [
		{
		  "C": "#00b82f",
		  "I": 5
		}
	],
	"ImprovedBallistic": true,
	"ColorSpeedChange": 1,
	"ColorChangeRule": "Linear",
    "AMSHitChance": 0,
	"MissileHealth": 4,
    "WeaponEffectID" : "WeaponEffect-Weapon_SRM6",
    "Description" : {
        "Cost" : 90000,
        "Rarity" : 0,
        "Purchasable" : true,
        "Manufacturer" : "Sanctuary Manufacturing",
        "Model" : "Alternative Payload Missile Launcher",
        "UIName" : "APM4 (S)",
        "Id" : "Weapon_APM_APM4",
        "Name" : "APM4 (S)",
        "Details" : "The Sanctuary Worlds developed these Alternative Payload Missiles to deliver various dangerous and debilitating payloads instead of explosive charges like Inner Sphere SRMs do. The APM system does virtually no damage and has a poor targeting system but the payloads it can deliver are varied and each devastating in their own way.",
        "Icon" : "uixSvgIcon_weapon_Missile"
    },
    "BonusValueA" : "",
    "BonusValueB" : "",
    "ComponentType" : "Weapon",
    "ComponentSubType" : "Weapon",
    "PrefabIdentifier" : "srm6",
    "BattleValue" : 0,
    "InventorySize" : 2,
    "Tonnage" : 1.5,
    "AllowedLocations" : "All",
    "DisallowedLocations" : "All",
    "CriticalComponent" : false,
    "statusEffects" : [
        
    ],
    "ComponentTags" : {
        "items" : [
            "component_type_stock",
            "range_standard"
        ],
        "tagSetSourceFile" : ""
    }
}
