{
	"Custom": {	
		"Category": [
			{
				"CategoryID": "w/e/l/llance"
			}
		],
		"BonusDescriptions": {
			"Bonuses": [
				"WpnAccuracy: +1",
				"StructureDmgMod: 20"
			]
		}
	},
    "Category" : "Energy",
    "Type" : "Laser",
    "WeaponSubType" : "LargeLaser",
    "MinRange" : 0,
    "MaxRange" : 480,
    "RangeSplit" : [
        120,
        240,
        360
    ],
    "AmmoCategory" : "NotSet",
    "StartingAmmoCapacity" : 0,
    "HeatGenerated" : 30,
    "Damage" : 30,
    "OverheatedDamageMultiplier" : 0,
    "EvasiveDamageMultiplier" : 0,
    "EvasivePipsIgnored" : 0,
    "DamageVariance" : 0,
    "HeatDamage" : 0,
    "AccuracyModifier" : -1,
	"CriticalChanceMultiplier" : 0.5,
    "AOECapable" : false,
    "IndirectFireCapable" : false,
    "RefireModifier" : 0,
    "ShotsWhenFired" : 1,
    "ProjectilesPerShot" : 1,
    "AttackRecoil" : 1,
    "Instability" : 0,
	"StructureDamage": 20,
	"ColorsTable": [
    {
      "C": "#663cd1",
      "I": 5
    }
	],
	"ImprovedBallistic": true,
	"ColorSpeedChange": 1,
	"ColorChangeRule": "Linear",
    "WeaponEffectID" : "WeaponEffect-Weapon_Laser_Large",
    "Description" : {
        "Cost" : 225000,
        "Rarity" : 0,
        "Purchasable" : true,
        "Manufacturer" : "Sanctuary Electronics",
        "Model" : "Large Lance",
        "UIName" : "L Lance (S)",
        "Id" : "Weapon_Lance_LargeLance",
        "Name" : "L Lance (S)",
        "Details" : "The Sanctuary Worlds developed laser technology in a different direction than the Inner Sphere. Where the Clans and the Inner Sphere developed extended range lasers, the Sanctuary Worlders developed the lance system. Essentially a high-powered and very precise laser scalpel, lances provide high armor penetration at longer range but do less traditional damage to armor itself. The Large Lance is the largest of the lance weapons and has the heaviest effect on enemy targets.",
        "Icon" : "uixSvgIcon_weapon_Energy"
    },
    "BonusValueA" : "",
    "BonusValueB" : "",
    "ComponentType" : "Weapon",
    "ComponentSubType" : "Weapon",
    "PrefabIdentifier" : "Laser",
    "BattleValue" : 0,
    "InventorySize" : 2,
    "Tonnage" : 6,
    "AllowedLocations" : "All",
    "DisallowedLocations" : "All",
    "CriticalComponent" : false,
    "statusEffects" : [],
    "ComponentTags" : {
        "items" : [
            "component_type_stock",
            "range_long"
        ],
        "tagSetSourceFile" : ""
    }
}
