{
	"Custom": {
		"Category": [
			{
				"CategoryID": "w/m/s/drm"
			}
		],
		"BonusDescriptions": {
			"Bonuses": [
				"StructureDmgMod: 1",
				"WpnCrits: -40%",
				"MissileHealth: 2"
			]
		}
	},
	"Category": "Missile",
	"Type": "SRM",
	"WeaponSubType": "SRM6",
	"MinRange": 0,
	"MaxRange": 360,
	"RangeSplit": [
		90,
		180,
		270
	],
	"AmmoCategory": "DRM",
	"StartingAmmoCapacity": 0,
	"HeatGenerated": 18,
	"Damage": 3,
	"OverheatedDamageMultiplier": 0,
	"EvasiveDamageMultiplier": 0,
	"EvasivePipsIgnored": 0,
	"DamageVariance": 0,
	"HeatDamage": 2,
	"AccuracyModifier": 0,
	"CriticalChanceMultiplier": 0.6,
	"AOECapable": false,
	"IndirectFireCapable": false,
	"RefireModifier": 0,
	"ShotsWhenFired": 6,
	"ProjectilesPerShot": 1,
	"AttackRecoil": 1,
	"Instability": 1,
	"StructureDamage": 1,
	"ColorsTable": [
		{
		  "C": "#000000",
		  "I": 5
		}
	],
	"MissileHealth": 2,
	"ImprovedBallistic": true,
	"ColorSpeedChange": 1,
	"ColorChangeRule": "Linear",
	"WeaponEffectID": "WeaponEffect-Weapon_SRM6",
	"Description": {
		"Cost": 35000,
		"Rarity": 0,
		"Purchasable": true,
		"Manufacturer": "Sanctuary Manufacturing",
		"Model": "Directed Radiation Missile Launcher",
		"UIName": "DRM6 (S)",
		"Id": "Weapon_DRM_DRM6",
		"Name": "DRM6 (S)",
		"Details": "The DRM, or Directed Radiation Missile, is a small direct-fire projectile that releases a burst of destructive radiation upon impact (as well as a small explosive charge). This radiation tears through the target, ripping at its internal structure as well as releasing a concentrated burst of heat. Though the DRM does not deal heavy direct damage, the combination of all its various destructive effects adds up quickly in a pitched battle.",
		"Icon": "uixSvgIcon_weapon_Missile"
	},
	"BonusValueA": "",
	"BonusValueB": "",
	"ComponentType": "Weapon",
	"ComponentSubType": "Weapon",
	"PrefabIdentifier": "srm2",
	"BattleValue": 0,
	"InventorySize": 1,
	"Tonnage": 3,
	"AllowedLocations": "All",
	"DisallowedLocations": "All",
	"CriticalComponent": false,
	"statusEffects": [],
	"ComponentTags": {
		"items": [
			"component_type_stock",
			"range_standard"
		],
		"tagSetSourceFile": ""
	}
}