{
	"Custom": {
		"Category": [
			{
				"CategoryID": "w/e/l/selec"
			}
		],
		"BonusDescriptions": {
			"Bonuses": [
				"Streak",
				"WpnAccuracy: +1",
				"PipsIgnored: 4",
				"AntiBA: 25%"
			]
		}
	},
    "Category" : "AntiPersonnel",
    "Type" : "Laser",
    "WeaponSubType" : "SmallLaser",
    "MinRange" : 0,
    "MaxRange" : 90,
    "RangeSplit" : [
        60,
        90,
        90
    ],
    "AmmoCategory" : "NotSet",
    "StartingAmmoCapacity" : 0,
    "HeatGenerated" : 6,
    "Damage" : 20,
    "OverheatedDamageMultiplier" : 0,
    "EvasiveDamageMultiplier" : 0,
    "EvasivePipsIgnored" : 4,
    "DamageVariance" : 0,
    "HeatDamage" : 0,
    "AccuracyModifier" : -1,
    "CriticalChanceMultiplier" : 1,
    "AOECapable" : false,
    "IndirectFireCapable" : false,
    "RefireModifier" : 0,
    "ShotsWhenFired" : 1,
    "ProjectilesPerShot" : 1,
    "AttackRecoil" : 0,
    "Instability" : 0,
	"Streak": true,
	"HitGenerator": "Streak",
	"ColorsTable": [
    {
      "C": "#ffd966",
      "I": 5
    }
	],
	"ImprovedBallistic": true,
	"ColorSpeedChange": 1,
	"ColorChangeRule": "Linear",
	"TrooperSquadDamageModifier": 1.25,
    "WeaponEffectID" : "WeaponEffect-Weapon_Laser_Small",
    "Description" : {
        "Cost" : 35000,
        "Rarity" : 0,
        "Purchasable" : true,
        "Manufacturer" : "Sanctuary Electronics",
        "Model" : "Small Electro-Laser",
        "UIName" : "S Elec-Laser (S)",
        "Id" : "Weapon_Laser_SmallLaserElectro",
        "Name" : "S Elec-Laser (S)",
        "Details" : "The smallest of the electro-lasers, the Small Electro-Laser fires a thin targeting beam that acts as a conduit for a blast of electricity that fries the target alive and scrambles electronics. The electro-laser family has extreme heat and very short range but do more damage than their Inner-Sphere counterparts.",
        "Icon" : "uixSvgIcon_weapon_Support"
    },
    "BonusValueA" : "",
    "BonusValueB" : "",
    "ComponentType" : "Weapon",
    "ComponentSubType" : "Weapon",
    "PrefabIdentifier" : "Laser",
    "BattleValue" : 0,
    "InventorySize" : 1,
    "Tonnage" : 0.5,
    "AllowedLocations" : "All",
    "DisallowedLocations" : "All",
    "CriticalComponent" : false,
    "statusEffects" : [
        
    ],
    "ComponentTags" : {
        "items" : [
            "component_type_stock",
            "range_close"
        ],
        "tagSetSourceFile" : ""
    }
}
