{
	"Custom": {
		"Category": {
			"CategoryID": "w/e/p/flamer"
		},
		"BonusDescriptions": {
			"Bonuses": [
				"PipsIgnored: 3",
				"AntiBA: 100%",
				"AlwaysStartsFire"
			]
		}
	},
	"Category": "AntiPersonnel",
	"Type": "Flamer",
	"WeaponSubType": "Flamer",
	"MinRange": 0,
	"MaxRange": 120,
	"RangeSplit": [
		30,
		60,
		90
	],
	"AmmoCategory": "NotSet",
	"StartingAmmoCapacity": 0,
	"HeatGenerated": 0,
	"Damage": 0,
	"OverheatedDamageMultiplier": 0,
	"EvasiveDamageMultiplier": 0,
	"EvasivePipsIgnored": 3,
	"DamageVariance": 0,
	"HeatDamage": 20,
	"AccuracyModifier": 0,
	"CriticalChanceMultiplier": 1,
	"AOECapable": false,
	"IndirectFireCapable": false,
	"RefireModifier": 0,
	"ShotsWhenFired": 1,
	"ProjectilesPerShot": 1,
	"AttackRecoil": 0,
	"Instability": 0,
	"FireOnSuccessHit": true,
	"CantHitUnaffecedByPathing": true,
	"FireTerrainChance": 1,
	"TrooperSquadDamageModifier": 2,
	"WeaponEffectID": "WeaponEffect-Weapon_Flamer",
	"Description": {
		"Cost": 20000,
		"Rarity": 0,
		"Purchasable": true,
		"Manufacturer": "Sanctuary Engineering",
		"Model": "Burnitron",
		"UIName": "Flamer (S)",
		"Id": "Weapon_Flamer_Sanctuary",
		"Name": "Flamer (S)",
		"Details": "Sanctuary World Flamers do heavy damage to anything vulnerable to heat weapons, but do negligible damage otherwise. They are purpose-built to destroy and terrorize lightly armored units and serve little other purpose.",
		"Icon": "uixSvgIcon_weapon_Support"
	},
	"BonusValueA": "",
	"BonusValueB": "",
	"ComponentType": "Weapon",
	"ComponentSubType": "Weapon",
	"PrefabIdentifier": "Flamer",
	"BattleValue": 0,
	"InventorySize": 1,
	"Tonnage": 1,
	"AllowedLocations": "All",
	"DisallowedLocations": "All",
	"CriticalComponent": false,
	"statusEffects": [],
	"ComponentTags": {
		"items": [
			"component_type_stock",
			"range_close"
		],
		"tagSetSourceFile": ""
	}
}