{
    "Custom": {
        "BonusDescriptions": {
            "Bonuses": [
                "AreaOfEffect: 30",
				"AreaOfEffectDmg: 10",
				"WpnRecoil: 2",
				"NoFireInMelee"
            ]
        },
        "Category": [
			{
				"CategoryID": "w/a/a/sg"
			},
			{
				"CategoryID": "NeverMelee"
			}
		]
    },
    "Category": "Ballistic",
    "Type": "Autocannon",
    "WeaponSubType": "AC10",
    "MinRange": 0,
    "MaxRange" : 600,
    "RangeSplit" : [
        150,
        300,
        450
    ],
    "AmmoCategory": "SG10",
    "StartingAmmoCapacity": 0,
    "HeatGenerated": 10,
    "Damage": 60,
    "OverheatedDamageMultiplier": 0,
    "EvasiveDamageMultiplier": 0,
    "EvasivePipsIgnored": 1,
    "DamageVariance": 0,
    "HeatDamage": 0,
    "AccuracyModifier": 0,
    "CriticalChanceMultiplier": 1.25,
    "AOECapable": false,
    "IndirectFireCapable": false,
    "RefireModifier": 2,
    "ShotsWhenFired": 1,
    "ProjectilesPerShot": 10,
    "AttackRecoil": 2,
    "Instability": 1,
	"DisableClustering": false,
	"AOECapable": true,
	"AOERange": 30,
	"AOEDamage": 3,
	"HitGenerator": "Cluster",
	"ImprovedBallistic": true,
	"BallisticDamagePerPallet": true,
	"AlternateDamageCalc": true,
    "WeaponEffectID": "WeaponEffect-Weapon_LB10X",
    "Description": {
        "Cost": 252000,
        "Rarity": 0,
        "Purchasable": true,
        "Manufacturer": "Sanctuary Engineering",
        "Model": "Tactical Autocannon",
        "UIName": "Scattergun/10 (S)",
        "Id": "Weapon_Autocannon_Scattergun_10",
        "Name": "Scattergun/10 (S)",
        "Details": "Taking a prototype of the LB-10X Autocannon with them, the Sanctuary Worlds could not fully reproduce the weapon. Instead they created this, the Scattergun, which is a simple shotgun that is locked into firing cluster ammo. The Scattergun shoots a spread of shells at the target but where the LBX does damage only to a single target, the Scattergun's spread is wide enough to strike nearby targets as well as the primary target.",
        "Icon": "uixSvgIcon_weapon_Ballistic"
    },
    "BonusValueA": "",
    "BonusValueB": "",
    "ComponentType": "Weapon",
    "ComponentSubType": "Weapon",
    "PrefabIdentifier": "AC10",
    "BattleValue": 0,
    "InventorySize": 4,
    "Tonnage": 10,
    "AllowedLocations": "All",
    "DisallowedLocations": "All",
    "CriticalComponent": false,
    "statusEffects": [
	
	],
    "ComponentTags": {
        "items": [
            "component_type_stock",
            "component_type_lostech",
            "range_long"
        ],
        "tagSetSourceFile": ""
    }
}
