{
	"Custom": {
		"Category": [
			{
				"CategoryID": "w/a/a/gatling"
			}
		],
		"BonusDescriptions": {
			"Bonuses": [
				"WpnCrits: -80%",
				"AntiBA: 100%",
				"ProjectileBurst: 5",
				"VariableBurstCount: 3"
			]
		}
	},
	"Category": "Ballistic",
	"Type": "MachineGun",
	"WeaponSubType": "MachineGun",
	"MinRange": 0,
	"MaxRange": 240,
	"RangeSplit": [
		60,
		120,
		180
	],
	"AmmoCategory": "GATLING",
	"StartingAmmoCapacity": 0,
	"HeatGenerated": 5,
	"Damage": 4,
	"OverheatedDamageMultiplier": 0,
	"EvasiveDamageMultiplier": 0,
	"EvasivePipsIgnored": 0,
	"DamageVariance": 0,
	"HeatDamage": 0,
	"AccuracyModifier": 0,
	"CriticalChanceMultiplier": 0.2,
	"AOECapable": false,
	"IndirectFireCapable": false,
	"RefireModifier": 1,
	"ShotsWhenFired": 5,
	"ProjectilesPerShot": 1,
	"AttackRecoil": 0,
	"Instability": 0,
	"TrooperSquadDamageModifier": 2,
	"WeaponEffectID": "WeaponEffect-Weapon_MachineGun",
	"Description": {
		"Cost": 60000,
		"Rarity": 4,
		"Purchasable": true,
		"Manufacturer": "Sanctuary Engineering",
		"Model": "Gatling Gun",
		"UIName": "Gatling Gun (S)",
		"Id": "Weapon_Gatling_Gatling",
		"Name": "Gatling Gun (S)",
		"Details": "Essentially a dialed up version of the Sanctuary's MG design, the Gatling Gun was named for an ancient Terran design and is capable of spitting an absurd number of bullets at enemies. The damage is mostly negligable, but enough bullets will damage just about anything. \n\n <b><color=#ffcc00>Uses Gatling Ammo.</color></b> \n\n <b><color=#00ffff>Left Click on Ammocount/Damage value during battle to switch firing mode</color> </b>",
		"Icon": "uixSvgIcon_weapon_Ballistic"
	},
	"BonusValueA": "",
	"BonusValueB": "",
	"ComponentType": "Weapon",
	"ComponentSubType": "Weapon",
	"PrefabIdentifier": "MachineGun",
	"BattleValue": 0,
	"InventorySize": 2,
	"Tonnage": 1.5,
	"AllowedLocations": "All",
	"DisallowedLocations": "All",
	"CriticalComponent": false,
	"Modes": [
		{
			"Id": "x1",
			"UIName": "x1",
			"isBaseMode": false,
			"ShotsWhenFired": 0,
			"HeatGenerated": 0
		},
		{
			"Id": "x2",
			"UIName": "x2",
			"isBaseMode": true,
			"ShotsWhenFired": 5,
			"HeatGenerated": 5,
			"RefireModifier": 1
		},
		{
			"Id": "x3",
			"UIName": "x3",
			"isBaseMode": false,
			"ShotsWhenFired": 10,
			"FlatJammingChance": 0.15,
			"HeatGenerated": 10,
			"RefireModifier": 2
		}
	],
	"statusEffects": [],
	"ComponentTags": {
		"items": [
			"component_type_stock",
			"range_close"
		],
		"tagSetSourceFile": ""
	}
}