{
	"Custom": {
		"Category": [
			{
				"CategoryID": "w/m/t/sirocco"
			},
			{
				"CategoryID": "NeverMelee"
			}
		],
		"BonusDescriptions": {
			"Bonuses": [
				"IsArtillery",
				"NoFireInMelee",
				"AMSImmune",
				"WpnRecoil: 2",
				"ScatterRadius: 20, 40"
			]
		}
	},
	"Category": "Missile",
	"Type": "LRM",
	"WeaponSubType": "LRM20",
	"MinRange": 180,
	"MaxRange": 1750,
	"RangeSplit": [
		460,
		800,
		1480
	],
	"AmmoCategory": "SIROCCO",
	"StartingAmmoCapacity": 0,
	"HeatGenerated": 30,
	"Damage": 15,
	"OverheatedDamageMultiplier": 0,
	"EvasiveDamageMultiplier": 0,
	"EvasivePipsIgnored": 0,
	"HeatDamage": 0,
	"AccuracyModifier": 0,
	"CriticalChanceMultiplier": 1,
	"IndirectFireCapable": true,
	"RefireModifier": 2,
	"ShotsWhenFired": 4,
	"ProjectilesPerShot": 1,
	"AttackRecoil": 1,
	"Instability": 5,
	"AMSImmune": true,
	"MinMissRadius": 20,
	"MaxMissRadius": 40,
	"WeaponEffectID": "WeaponEffect-Weapon_LRM20",
	"Description": {
		"Cost": 1420000,
		"Rarity": 14,
		"Purchasable": true,
		"Manufacturer": "Sanctuary Manufacturing",
		"Model": "Missile Artillery",
		"UIName": "Sirocco (S)",
		"Id": "Weapon_Sirocco",
		"Name": "Sirocco (S)",
		"Details": "The Sanctuary Worlds developed a need for mech-mounted artillery early in their development. However, they ran into severe issues when attempting to duplicate tube artillery for mechs (though these issues would eventually be conquered). Instead, Sanctuary engineers turned to missile-based systems and developed this, the Sirocco. The Sirocco fires a barrage of 4 explosive area of effect missiles at the target, saturating it in overlapping explosions. The Sirocco also is able to deploy a small variety of variant munitions. \n\n <b><color=#ffcc00>Uses Sircocco Ammo.</color></b>",
		"Icon": "uixSvgIcon_weapon_Missile"
	},
	"BonusValueA": "",
	"BonusValueB": "",
	"ComponentType": "Weapon",
	"ComponentSubType": "Weapon",
	"PrefabIdentifier": "arrow",
	"BattleValue": 0,
	"InventorySize": 7,
	"Tonnage": 14,
	"AllowedLocations": "All",
	"DisallowedLocations": "All",
	"CriticalComponent": false,
	"statusEffects": [],
	"ComponentTags": {
		"items": [
			"component_type_stock",
			"range_extreme"
		],
		"tagSetSourceFile": ""
	}
}