{
    "Custom": {
        "BonusDescriptions": {
            "Bonuses": [
                "AreaOfEffect: 30",
				"AreaOfEffectDmg: 20",
				"WpnRecoil: 4",
				"NoFireInMelee"
            ]
        },
        "Category": [
			{
				"CategoryID": "w/a/a/sg"
			},
			{
				"CategoryID": "NeverMelee"
			}
		]
    },
    "Category": "Ballistic",
    "Type": "Autocannon",
    "WeaponSubType": "AC20",
    "MinRange": 0,
    "MaxRange": 360,
	"RangeSplit": [
		90,
		180,
		270
	],
    "AmmoCategory": "SG20",
    "StartingAmmoCapacity": 0,
    "HeatGenerated": 20,
    "Damage": 100,
    "OverheatedDamageMultiplier": 0,
    "EvasiveDamageMultiplier": 0,
    "EvasivePipsIgnored": 1,
    "DamageVariance": 0,
    "HeatDamage": 0,
    "AccuracyModifier": 0,
    "CriticalChanceMultiplier": 1.25,
    "AOECapable": false,
    "IndirectFireCapable": false,
    "RefireModifier": 4,
    "ShotsWhenFired": 1,
    "ProjectilesPerShot": 20,
    "AttackRecoil": 2,
    "Instability": 2,
	"DisableClustering": false,
	"AOECapable": true,
	"AOERange": 30,
	"AOEDamage": 5,
	"HitGenerator": "Cluster",
	"ImprovedBallistic": true,
	"BallisticDamagePerPallet": true,
	"AlternateDamageCalc": true,
    "WeaponEffectID": "WeaponEffect-Weapon_LB20X",
    "Description": {
        "Cost": 252000,
        "Rarity": 0,
        "Purchasable": true,
        "Manufacturer": "Sanctuary Engineering",
        "Model": "Shredder Autocannon",
        "UIName": "Scattergun/20 (S)",
        "Id": "Weapon_Autocannon_Scattergun_20",
        "Name": "Scattergun/20 (S)",
        "Details": "Taking a prototype of the LB-10X Autocannon with them, the Sanctuary Worlds could not fully reproduce the weapon. Instead they created this, the Scattergun, which is a simple shotgun that is locked into firing cluster ammo. The Scattergun shoots a spread of shells at the target but where the LBX does damage only to a single target, the Scattergun's spread is wide enough to strike nearby targets as well as the primary target.",
        "Icon": "uixSvgIcon_weapon_Ballistic"
    },
    "BonusValueA": "",
    "BonusValueB": "",
    "ComponentType": "Weapon",
    "ComponentSubType": "Weapon",
    "PrefabIdentifier": "AC20",
    "BattleValue": 0,
    "InventorySize": 8,
    "Tonnage": 14,
    "AllowedLocations": "All",
    "DisallowedLocations": "All",
    "CriticalComponent": false,
    "statusEffects": [
	
	],
    "ComponentTags": {
        "items": [
            "component_type_stock",
            "component_type_lostech",
            "range_long"
        ],
        "tagSetSourceFile": ""
    }
}
