{
	"Custom": {
		"Category": [
			{
				"CategoryID": "w/e/l/mmodal"
			}
		],
		"BonusDescriptions": {
			"Bonuses": [
				"ModalLaser",
				"ModalBase",
				"ModalDmg",
				"ModalAcc",
				"ModalRange",
				"WpnAccuracy: +1"
			]
		}
	},
    "Category" : "Energy",
    "Type" : "Laser",
    "WeaponSubType" : "MediumLaser",
    "MinRange" : 0,
    "MaxRange" : 300,
    "RangeSplit" : [
        60,
        150,
        240
    ],
    "AmmoCategory" : "NotSet",
    "StartingAmmoCapacity" : 0,
    "HeatGenerated" : 15,
    "Damage" : 30,
    "OverheatedDamageMultiplier" : 0,
    "EvasiveDamageMultiplier" : 0,
    "EvasivePipsIgnored" : 0,
    "DamageVariance" : 0,
    "HeatDamage" : 0,
    "AccuracyModifier" : -1,
    "CriticalChanceMultiplier" : 1,
    "AOECapable" : false,
    "IndirectFireCapable" : false,
    "RefireModifier" : 0,
    "ShotsWhenFired" : 1,
    "ProjectilesPerShot" : 1,
    "AttackRecoil" : 1,
    "Instability" : 0,
	"ColorsTable": [
		{
		  "C": "#ffffff",
		  "I": 5
		}
	],
	"ImprovedBallistic": true,
	"ColorSpeedChange": 1,
	"ColorChangeRule": "Linear",
    "WeaponEffectID" : "WeaponEffect-Weapon_Laser_Medium",
    "Description" : {
        "Cost" : 125000,
        "Rarity" : 0,
        "Purchasable" : true,
        "Manufacturer" : "Sanctuary Electronics",
        "Model" : "Medium Modal Laser",
        "UIName" : "M Modal Laser (S)",
        "Id" : "Weapon_Laser_MediumLaserModal",
        "Name" : "M Modal Laser (S)",
        "Details" : "The middle-weight modal laser, the Medium Modal Laser is specially calibrated to provide four distinct firing modes for maximum combat effectiveness. Between an accuracy mode, a damage mode, a range-boosting mode, and the default balanced mode, the Medium Modal Laser is effective in all circumstances.",
        "Icon" : "uixSvgIcon_weapon_Energy"
    },
    "BonusValueA" : "",
    "BonusValueB" : "",
    "ComponentType" : "Weapon",
    "ComponentSubType" : "Weapon",
    "PrefabIdentifier" : "Laser",
    "BattleValue" : 0,
    "InventorySize" : 1,
    "Tonnage" : 2,
    "AllowedLocations" : "All",
    "DisallowedLocations" : "All",
    "CriticalComponent" : false,
	"Modes": [
		{
			"Id": "lv1",
			"UIName": "Base",
			"isBaseMode": true
		},
		{
			"Id": "lv2",
			"UIName": "Dmg",
			"isBaseMode": false,
			"DamagePerShot": 8,
			"HeatGenerated": 8,
			"AccuracyModifier": 1
		},
		{
			"Id": "lv3",
			"UIName": "Acc",
			"isBaseMode": false,
			"DamagePerShot": -5,
			"HeatGenerated": 5,
			"AccuracyModifier": -1,
			"EvasivePipsIgnored" : 1
		},
		{
			"Id": "lv4",
			"UIName": "Range",
			"DamagePerShot": -6,
			"AccuracyModifier": 1,
			"ShortRange": 30.0,
			"MediumRange": 60.0,
			"LongRange": 90.0,
			"MaxRange": 120.0
		}
	],
    "statusEffects" : [],
    "ComponentTags" : {
        "items" : [
            "component_type_stock",
            "range_standard"
        ],
        "tagSetSourceFile" : ""
    }
}
