{
	"Custom": {
		"Category": [
			{
				"CategoryID": "w/a/o/bombard"
			},
			{
				"CategoryID": "NeverMelee"
			}
		],
		"BonusDescriptions": {
			"Bonuses": [
				"ScatterRadius: 5, 15",
				"AMSImmune",
				"NoFireInMelee"
			]
		}
	},
	"Category": "Ballistic",
	"Type": "Autocannon",
	"WeaponSubType": "AC2",
	"MinRange": 150,
	"MaxRange": 750,
	"RangeSplit": [
		300,
		450,
		600
	],
	"AmmoCategory": "BOMBARD",
	"StartingAmmoCapacity": 0,
	"HeatGenerated": 24,
	"Damage": 2,
	"OverheatedDamageMultiplier": 0,
	"EvasiveDamageMultiplier": 0,
	"EvasivePipsIgnored": 0,
	"DamageVariance": 0,
	"HeatDamage": 0,
	"AccuracyModifier": 0,
	"CriticalChanceMultiplier": 1,
	"AOECapable": false,
	"IndirectFireCapable": true,
	"RefireModifier": 0,
	"ShotsWhenFired": 12,
	"ProjectilesPerShot": 1,
	"AttackRecoil": 1,
	"Instability": 2,
	"AMSImmune": true,
	"AlternateDamageCalc": false,
	"ImprovedBallistic": true,
	"FireDelayMultiplier": 0.1,
	"ProjectileSpeedMultiplier": 0.8,
	"CantHitUnaffecedByPathing": true,
	"HitGenerator": "Cluster",
	"WeaponEffectID": "WeaponEffect-Weapon_LRM20",
	"AlwaysIndirectVisuals": true,
	"Description": {
		"Cost": 100000,
		"Rarity": 0,
		"Purchasable": true,
		"Manufacturer": "Sanctuary Engineering",
		"Model": "Bombard",
		"UIName": "Bombard/12 (S)",
		"Id": "Weapon_BombardCannon_12",
		"Name": "Bombard/12 (S)",
		"Details": "Essentially designed after infantry-carried mortars, the Bombard Cannon is designed to saturate enemies with a large number of small-scale munitions. The idea is to shell-shock the targets so that they cannot be effective while heavier forces actually destroy them with direct weapons fire. The Bombard Cannon has proven effective on the battlefield and the Sanctuary Alliance has ordered wide deployment of the system. The Bombard Cannon is capable of deploying several kinds of munitions and Sacellum units often vary their ammo loads accordingly. \n\n <b><color=#ffcc00>Uses Bombard Ammo.</color></b>",
		"Icon": "Art-illery"
	},
	"BonusValueA": "",
	"BonusValueB": "",
	"ComponentType": "Weapon",
	"ComponentSubType": "Weapon",
	"PrefabIdentifier": "mortar",
	"BattleValue": 0,
	"InventorySize": 5,
	"Tonnage": 6,
	"AllowedLocations": "All",
	"DisallowedLocations": "All",
	"CriticalComponent": false,
	"statusEffects": [],
	"ComponentTags": {
		"items": [
			"component_type_stock",
			"range_extreme",
			"mr-resize-2"
		],
		"tagSetSourceFile": ""
	}
}