{
	"Custom": {
		"Category": [
			{
				"CategoryID": "w/e/l/mlance"
			}
		],
		"BonusDescriptions": {
			"Bonuses": [
				"WpnAccuracy: +1",
				"StructureDmgMod: 10"
			]
		}
	},
    "Category" : "Energy",
    "Type" : "Laser",
    "WeaponSubType" : "MediumLaser",
    "MinRange" : 0,
    "MaxRange" : 360,
    "RangeSplit" : [
        60,
        150,
        240
    ],
    "AmmoCategory" : "NotSet",
    "StartingAmmoCapacity" : 0,
    "HeatGenerated" : 15,
    "Damage" : 15,
    "OverheatedDamageMultiplier" : 0,
    "EvasiveDamageMultiplier" : 0,
    "EvasivePipsIgnored" : 0,
    "DamageVariance" : 0,
    "HeatDamage" : 0,
    "AccuracyModifier" : -1,
    "CriticalChanceMultiplier" : 0.5,
    "AOECapable" : false,
    "IndirectFireCapable" : false,
    "RefireModifier" : 0,
    "ShotsWhenFired" : 1,
    "ProjectilesPerShot" : 1,
    "AttackRecoil" : 1,
    "Instability" : 0,
	"StructureDamage": 10,
	"ColorsTable": [
    {
      "C": "#ffffff",
      "I": 5
    }
	],
	"ImprovedBallistic": true,
	"ColorSpeedChange": 1,
	"ColorChangeRule": "Linear",
    "WeaponEffectID" : "WeaponEffect-Weapon_Laser_Medium",
    "Description" : {
        "Cost" : 100000,
        "Rarity" : 0,
        "Purchasable" : true,
        "Manufacturer" : "Sanctuary Electronics",
        "Model" : "Medium Lance",
        "UIName" : "M Lance (S)",
        "Id" : "Weapon_Lance_MediumLance",
        "Name" : "M Lance (S)",
        "Details" : "The Sanctuary Worlds developed laser technology in a different direction than the Inner Sphere. Where the Clans and the Inner Sphere developed extended range lasers, the Sanctuary Worlders developed the lance system. Essentially a high-powered and very precise laser scalpel, lances provide high armor penetration at longer range but do less traditional damage to armor itself. The Medium Lance is the middle-weight of the lance weapons and is the workhorse of the Lance family.",
        "Icon" : "uixSvgIcon_weapon_Energy"
    },
    "BonusValueA" : "",
    "BonusValueB" : "",
    "ComponentType" : "Weapon",
    "ComponentSubType" : "Weapon",
    "PrefabIdentifier" : "Laser",
    "BattleValue" : 0,
    "InventorySize" : 1,
    "Tonnage" : 2,
    "AllowedLocations" : "All",
    "DisallowedLocations" : "All",
    "CriticalComponent" : false,
    "statusEffects" : [],
    "ComponentTags" : {
        "items" : [
            "component_type_stock",
            "range_standard"
        ],
        "tagSetSourceFile" : ""
    }
}
