{
	"Custom": {
		"Category": [
			{
				"CategoryID": "w/e/l/twinlinked"
			}
		],
		"BonusDescriptions": {
			"Bonuses": [
				"WpnAccuracy: +1",
				"PipsIgnored: 1"
			]
		}
	},
    "Category" : "Energy",
    "Type" : "Laser",
    "WeaponSubType" : "MediumLaser",
    "MinRange" : 0,
    "MaxRange" : 360,
    "RangeSplit" : [
        90,
        180,
        270
    ],
    "AmmoCategory" : "NotSet",
    "StartingAmmoCapacity" : 0,
    "HeatGenerated" : 11,
    "Damage" : 11,
    "OverheatedDamageMultiplier" : 0,
    "EvasiveDamageMultiplier" : 0,
    "EvasivePipsIgnored" : 1,
    "DamageVariance" : 0,
    "HeatDamage" : 0,
    "AccuracyModifier" : -1,
    "CriticalChanceMultiplier" : 1,
    "AOECapable" : false,
    "IndirectFireCapable" : false,
    "RefireModifier" : 0,
    "ShotsWhenFired" : 2,
    "ProjectilesPerShot" : 1,
    "AttackRecoil" : 1,
    "Instability" : 0,
	"ColorsTable": [
    {
      "C": "#ffd966",
      "I": 5
    }
	],
	"ImprovedBallistic": true,
	"ColorSpeedChange": 1,
	"ColorChangeRule": "Linear",
	"FireDelayMultiplier": 0.01,
    "WeaponEffectID" : "WeaponEffect-Weapon_Laser_Small",
    "Description" : {
        "Cost" : 75000,
        "Rarity" : 0,
        "Purchasable" : true,
        "Manufacturer" : "Sanctuary Electronics",
        "Model" : "Twin-Linked Small Laser",
        "UIName" : "Twin-Linked S Laser (S)",
        "Id" : "Weapon_Laser_TwinLinkedLaser",
        "Name" : "Twin-Linked S Laser (S)",
        "Details" : "An unusual weapon with no direct analogues in either Inner Sphere or Sanctuary Worlds technology, the Twin-Linked Laser is, essentially, two Small Lasers stapled together. The increased power output and weight class this weapon as an Energy weapon, though it retains some of the accuracy of its Small Laser brethren. The Twin-Linked Laser is commonly seen among Sanctuary units and is a frequent presence on the battlefield.",
        "Icon" : "uixSvgIcon_weapon_Energy"
    },
    "BonusValueA" : "",
    "BonusValueB" : "",
    "ComponentType" : "Weapon",
    "ComponentSubType" : "Weapon",
    "PrefabIdentifier" : "Laser",
    "BattleValue" : 0,
    "InventorySize" : 1,
    "Tonnage" : 1,
    "AllowedLocations" : "All",
    "DisallowedLocations" : "All",
    "CriticalComponent" : false,
    "statusEffects" : [],
    "ComponentTags" : {
        "items" : [
            "component_type_stock",
            "range_standard"
        ],
        "tagSetSourceFile" : ""
    }
}
