{
	"Custom": {
		"Category": [
			{
				"CategoryID": "w/e/l/melec"
			}
		],
		"BonusDescriptions": {
			"Bonuses": [
				"Streak",
				"ElecLaser: -1",
				"WpnAccuracy: +1",
				"PipsIgnored: 1"
			]
		}
	},
    "Category" : "Energy",
    "Type" : "Laser",
    "WeaponSubType" : "MediumLaser",
    "MinRange" : 0,
    "MaxRange" : 300,
    "RangeSplit" : [
        60,
        150,
        240
    ],
    "AmmoCategory" : "NotSet",
    "StartingAmmoCapacity" : 0,
    "HeatGenerated" : 15,
    "Damage" : 30,
    "OverheatedDamageMultiplier" : 0,
    "EvasiveDamageMultiplier" : 0,
    "EvasivePipsIgnored" : 1,
    "DamageVariance" : 0,
    "HeatDamage" : 0,
    "AccuracyModifier" : -1,
    "CriticalChanceMultiplier" : 1,
    "AOECapable" : false,
    "IndirectFireCapable" : false,
    "RefireModifier" : 0,
    "ShotsWhenFired" : 1,
    "ProjectilesPerShot" : 1,
    "AttackRecoil" : 1,
    "Instability" : 0,
	"Streak": true,
	"HitGenerator": "Streak",
	"ColorsTable": [
    {
      "C": "#ffffff",
      "I": 5
    }
	],
	"ImprovedBallistic": true,
	"ColorSpeedChange": 1,
	"ColorChangeRule": "Linear",
    "WeaponEffectID" : "WeaponEffect-Weapon_Laser_Medium",
    "Description" : {
        "Cost" : 75000,
        "Rarity" : 0,
        "Purchasable" : true,
        "Manufacturer" : "Sanctuary Electronics",
        "Model" : "Medium Electro-Laser",
        "UIName" : "M Elec-Laser (S)",
        "Id" : "Weapon_Laser_MediumLaserElectro",
        "Name" : "M Elec-Laser (S)",
        "Details" : "The middle-weight electro-laser, the Medium Electro-Laser fires a thin targeting beam that acts as a conduit for a huge blast of electricity that fries the target alive and scrambles electronics. The electro-laser family has extreme heat and very short range but do more damage than their Inner-Sphere counterparts.",
        "Icon" : "uixSvgIcon_weapon_Energy"
    },
    "BonusValueA" : "",
    "BonusValueB" : "",
    "ComponentType" : "Weapon",
    "ComponentSubType" : "Weapon",
    "PrefabIdentifier" : "Laser",
    "BattleValue" : 0,
    "InventorySize" : 1,
    "Tonnage" : 1,
    "AllowedLocations" : "All",
    "DisallowedLocations" : "All",
    "CriticalComponent" : false,
    "statusEffects" : [
        {
            "durationData" : {
                "duration" : 2,
                "ticksOnActivations" : true,
                "useActivationsOfTarget" : true,
                "ticksOnEndOfRound" : false,
                "ticksOnMovements" : false,
                "stackLimit" : 1,
                "clearedWhenAttacked" : false
            },
            "targetingData" : {
                "effectTriggerType" : "OnHit",
                "triggerLimit" : 0,
                "extendDurationOnTrigger" : 0,
                "specialRules" : "NotSet",
                "effectTargetType" : "NotSet",
                "range" : 0,
                "forcePathRebuild" : false,
                "forceVisRebuild" : false,
                "showInTargetPreview" : false,
                "showInStatusPanel" : true
            },
            "effectType" : "StatisticEffect",
            "Description" : {
                "Id" : "ElectroLaser-Debuff",
                "Name" : "SENSORS IMPAIRED",
                "Details" : "1 Difficulty to all of this unit's attacks.",
                "Icon" : "uixSvgIcon_status_sensorsImpaired"
            },
            "nature" : "Debuff",
            "statisticData" : {
                "appliesEachTick" : false,
                "effectsPersistAfterDestruction" : false,
                "statName" : "AccuracyModifier",
                "operation" : "Float_Add",
                "modValue" : "1.0",
                "modType" : "System.Single",
                "additionalRules" : "NotSet",
                "targetCollection" : "NotSet",
                "targetWeaponCategory" : "NotSet",
                "targetWeaponType" : "NotSet",
                "targetAmmoCategory" : "NotSet",
                "targetWeaponSubType" : "NotSet"
            },
            "tagData" : null,
            "floatieData" : null,
            "actorBurningData" : null,
            "vfxData" : null,
            "instantModData" : null,
            "poorlyMaintainedEffectData" : null
        }
    ],
    "ComponentTags" : {
        "items" : [
            "component_type_stock",
            "range_standard"
        ],
        "tagSetSourceFile" : ""
    }
}
