{
	"Custom": {
		"Category": [
			{
				"CategoryID": "w/a/o/mg"
			}
		],
		"BonusDescriptions": {
			"Bonuses": [
				"IsMG",
				"WpnCrits: -99%",
				"AntiBA: 50%",
				"VariableBurstCount: 6",
				"PipsIgnored: 3"
			]
		}
	},
	"Category": "AntiPersonnel",
	"Type": "MachineGun",
	"WeaponSubType": "MachineGun",
	"MinRange": 0,
	"MaxRange": 160,
	"RangeSplit": [
		40,
		80,
		120
	],
	"AmmoCategory": "MG",
	"StartingAmmoCapacity": 0,
	"HeatGenerated": 0,
	"Damage": 2,
	"OverheatedDamageMultiplier": 0,
	"EvasiveDamageMultiplier": 0,
	"EvasivePipsIgnored": 3,
	"DamageVariance": 0,
	"HeatDamage": 0,
	"AccuracyModifier": 0,
	"CriticalChanceMultiplier": 0.01,
	"AOECapable": false,
	"IndirectFireCapable": false,
	"RefireModifier": 0,
	"ShotsWhenFired": 1,
	"ProjectilesPerShot": 1,
	"AttackRecoil": 0,
	"Instability": 0,
	"TrooperSquadDamageModifier": 1.5,
	"WeaponEffectID": "WeaponEffect-Weapon_MachineGun",
	"Description": {
		"Cost": 10000,
		"Rarity": 0,
		"Purchasable": true,
		"Manufacturer": "Sanctuary Engineering",
		"Model": "Machine Gun",
		"UIName": "MG (S)",
		"Id": "Weapon_MachineGun_Sanctuary",
		"Name": "MG (S)",
		"Details": "Sanctuary Machine Guns deal very little damage, have limited range, and depend upon volatile ammunition stores.",
		"Icon": "uixSvgIcon_weapon_Support"
	},
	"BonusValueA": "",
	"BonusValueB": "",
	"ComponentType": "Weapon",
	"ComponentSubType": "Weapon",
	"PrefabIdentifier": "MachineGun",
	"BattleValue": 0,
	"InventorySize": 1,
	"Tonnage": 0.5,
	"AllowedLocations": "All",
	"DisallowedLocations": "All",
	"CriticalComponent": false,
	"Modes": [
		{
			"Id": "x1",
			"UIName": "x1",
			"isBaseMode": false,
			"ShotsWhenFired": 0
		},
		{
			"Id": "x2",
			"UIName": "x2",
			"isBaseMode": false,
			"ShotsWhenFired": 1
		},
		{
			"Id": "x3",
			"UIName": "x3",
			"isBaseMode": true,
			"ShotsWhenFired": 2
		},
		{
			"Id": "x4",
			"UIName": "x4",
			"isBaseMode": false,
			"ShotsWhenFired": 3,
			"HeatGenerated": 1
		},
		{
			"Id": "x5",
			"UIName": "x5",
			"isBaseMode": false,
			"ShotsWhenFired": 4,
			"HeatGenerated": 2
		},
		{
			"Id": "x6",
			"UIName": "x6",
			"isBaseMode": false,
			"ShotsWhenFired": 5,
			"HeatGenerated": 3
		}
	],
	"statusEffects": [],
	"ComponentTags": {
		"items": [
			"component_type_stock",
			"range_close"
		],
		"tagSetSourceFile": ""
	}
}