{
	"Custom": {
		"Category": [
			{
				"CategoryID": "w/e/p/dxr"
			}
		],
		"BonusDescriptions": {
			"Bonuses": [
				"DXRHeatDebuff",
				"WpnCrits: +25%",
				"AntiBA: 100%"
			]
		}
	},
    "Category" : "Energy",
    "Type" : "PPC",
    "WeaponSubType" : "PPC",
    "MinRange" : 0,
    "MaxRange" : 360,
    "RangeSplit" : [
        90,
        180,
        270
    ],
    "AmmoCategory" : "NotSet",
    "StartingAmmoCapacity" : 0,
    "HeatGenerated" : 20,
    "Damage" : 20,
    "OverheatedDamageMultiplier" : 0,
    "EvasiveDamageMultiplier" : 0,
    "EvasivePipsIgnored" : 0,
    "DamageVariance" : 0,
    "HeatDamage" : 30,
    "AccuracyModifier" : 0,
    "CriticalChanceMultiplier" : 1.25,
    "AOECapable" : false,
    "IndirectFireCapable" : false,
    "RefireModifier" : 0,
    "ShotsWhenFired" : 1,
    "ProjectilesPerShot" : 1,
    "AttackRecoil" : 0,
    "Instability" : 0,
	"ColorsTable": [
		{
		  "C": "#010eb9",
		  "I": 5
		}
	],
	"ImprovedBallistic": true,
	"ColorSpeedChange": 1,
	"ColorChangeRule": "Linear",
	"TrooperSquadDamageModifier": 2,
    "WeaponEffectID" : "WeaponEffect-Weapon_PPC",
    "Description" : {
        "Cost" : 500000,
        "Rarity" : 0,
        "Purchasable" : true,
        "Manufacturer" : "Sanctuary Electronics",
        "Model" : "Directed X-Ray Cannon",
        "UIName" : "DXR (S)",
        "Id" : "Weapon_DXR_DXR",
        "Name" : "DXR (S)",
        "Details" : "The Directed X-Ray Cannon, or DXR, fires an extremely intense blast of X-rays at the target, bathing them in destructive radiation. While this doesn't do that much direct damage, it does have the benefit of interfering with the unit's cooling mechanisms and causing an extreme surge of heat in the target.",
        "Icon" : "particle"
    },
    "BonusValueA" : "",
    "BonusValueB" : "",
    "ComponentType" : "Weapon",
    "ComponentSubType" : "Weapon",
    "PrefabIdentifier" : "PPC",
    "BattleValue" : 0,
    "InventorySize" : 2,
    "Tonnage" : 6,
    "AllowedLocations" : "All",
    "DisallowedLocations" : "All",
    "CriticalComponent" : false,
    "statusEffects" : [
		{
            "durationData" : {
                "duration" : 1,
                "ticksOnActivations" : true,
                "useActivationsOfTarget" : true,
                "ticksOnEndOfRound" : false,
                "ticksOnMovements" : false,
                "stackLimit" : -1,
                "clearedWhenAttacked" : false
            },
            "targetingData" : {
                "effectTriggerType" : "OnHit",
                "triggerLimit" : 0,
                "extendDurationOnTrigger" : 0,
                "specialRules" : "NotSet",
                "effectTargetType" : "NotSet",
                "range" : 0,
                "forcePathRebuild" : false,
                "forceVisRebuild" : false,
                "showInTargetPreview" : true,
                "showInStatusPanel" : true
            },
            "effectType" : "StatisticEffect",
            "Description" : {
                "Id" : "StatusEffect-DXR-Burn5",
                "Name" : "LINGERING X-RAYS",
                "Details" : "This unit gains [AMT] Heat on its next activation (this effect stacks with itself).",
                "Icon" : "uixSvgIcon_statusOnFire"
            },
            "nature" : "Debuff",
            "statisticData" : {
                "appliesEachTick" : false,
                "statName": "EndMoveHeat",
                "operation": "Int_Add",
                "modValue": "6",
                "modType": "System.Int32"
            }
        },
		{
			"durationData" : {
                "duration" : 1,
                "ticksOnActivations" : true,
                "useActivationsOfTarget" : true,
                "ticksOnEndOfRound" : false,
                "ticksOnMovements" : false,
                "stackLimit" : -1,
                "clearedWhenAttacked" : false
            },
			"targetingData" : {
                "effectTriggerType" : "OnHit",
                "triggerLimit" : 0,
                "extendDurationOnTrigger" : 0,
                "specialRules" : "NotSet",
                "effectTargetType" : "NotSet",
                "range" : 0,
                "forcePathRebuild" : false,
                "forceVisRebuild" : false,
                "showInTargetPreview" : false,
                "showInStatusPanel" : false,
                "hideApplicationFloatie" : true
            },
			"effectType" : "VFXEffect",
            "Description" : {
                "Id" : "StatusEffect-Inferno-VFX",
                "Name" : "Inferno VFX",
                "Details" : "Visual indicator of the Inferno effect",
                "Icon" : "uixSvgIcon_status_sensorsImpaired"
            },
            "nature" : "Debuff",
			"vfxData" : {
				"vfxName" : "vfxPrfPrtl_weaponLRM_napalmStatus_B",
				"attachToImpactPoint" : true,
				"location" : -1,
				"isAttached" : true,
				"facesAttacker" : false,
				"isOneShot" : false,
				"duration" : -1.0		
			}
		}
    ],
    "ComponentTags" : {
        "items" : [
            "component_type_stock",
            "range_very-long"
        ],
        "tagSetSourceFile" : ""
    }
}
