{
	"Custom": {
		"Category": [
			{
				"CategoryID": "w/m/t/vrm"
			},
			{
				"CategoryID": "NeverMelee"
			}
		],
		"BonusDescriptions": {
			"Bonuses": [
				"VRMScale",
				"VRMClose",
				"VRMMedium",
				"VRMLong",
				"NoFireInMelee"
			]
		}
	},
    "Category" : "Missile",
    "Type" : "LRM",
    "WeaponSubType" : "LRM15",
    "MinRange" : 150,
    "MaxRange" : 600,
    "RangeSplit" : [
        300,
        400,
        500
    ],
    "AmmoCategory" : "VRM",
    "StartingAmmoCapacity" : 0,
    "HeatGenerated" : 18,
    "Damage" : 4,
    "OverheatedDamageMultiplier" : 0,
    "EvasiveDamageMultiplier" : 0,
    "EvasivePipsIgnored" : 0,
    "DamageVariance" : 0,
    "HeatDamage" : 0,
    "AccuracyModifier" : 0,
    "CriticalChanceMultiplier" : 1,
    "AOECapable" : false,
    "IndirectFireCapable" : true,
    "RefireModifier" : 0,
    "ShotsWhenFired" : 18,
    "ProjectilesPerShot" : 1,
    "AttackRecoil" : 1,
    "Instability" : 1,
    "AMSHitChance": 0,
	"ColorsTable": [
		{
		  "C": "#ed0000",
		  "I": 5
		}
	],
	"ImprovedBallistic": true,
	"ColorSpeedChange": 1,
	"ColorChangeRule": "Linear",
    "WeaponEffectID" : "WeaponEffect-Weapon_LRM15",
    "Description" : {
        "Cost" : 480000,
        "Rarity" : 0,
        "Purchasable" : true,
        "Manufacturer" : "Sanctuary Manufacturing",
        "Model" : "Variable-Range Missile Launcher",
        "UIName" : "VRM18 (S)",
        "Id" : "Weapon_VRM_VRM18",
        "Name" : "VRM18 (S)",
        "Details" : "The Variable-Range Missile Launcher, or VRM, is a weapon system designed to improve performance the further the missiles travel. Powered by a unique self-compounding rocket design, VRMs gain more and more velocity as they move, though they sputter out if they get too far away. Combined with a kinetic shaped charge for a payload and VRMs are capable of extreme damage at similarly extreme ranges.",
        "Icon" : "MRM"
    },
    "BonusValueA" : "",
    "BonusValueB" : "",
    "ComponentType" : "Weapon",
    "ComponentSubType" : "Weapon",
    "PrefabIdentifier" : "lrm15",
    "BattleValue" : 0,
    "InventorySize" : 3,
    "Tonnage" : 9,
    "AllowedLocations" : "All",
    "DisallowedLocations" : "All",
    "CriticalComponent" : false,
    "statusEffects" : [],
	"Modes": [
		{
			"Id": "short",
			"UIName": "Close",
			"isBaseMode": false,
			"ShortRange": -150.0,
			"MediumRange": -200.0,
			"LongRange": -250.0,
			"MaxRange": -300.0,
			"DamagePerShot": -2.0,
			"AccuracyModifier": 1
		},
		{
			"Id": "mid",
			"UIName": "Medium",
			"isBaseMode": true,
			"forbiddenRangeEnable": true,
			"ForbiddenRange": 299
		},
		{
			"Id": "long",
			"UIName": "Long",
			"isBaseMode": false,
			"ShortRange": 300.0,
			"MediumRange": 250.0,
			"LongRange": 300.0,
			"MaxRange": 400.0,
			"DamagePerShot": 2.0,
			"forbiddenRangeEnable": true,
			"ForbiddenRange": 599,
			"AccuracyModifier": -1
		}
	],
    "ComponentTags" : {
        "items" : [
            "component_type_stock",
            "range_extreme"
        ],
        "tagSetSourceFile" : ""
    }
}
