{
    "Description": {
        "Id": "Ammunition_APM_Acid",
        "Name": "APM Ammo",
        "UIName": "Acid",
        "Details": "Short range missiles, capable of dealing heavy damage at close range via shaped charge warheads.",
        "Icon": null,
        "Cost": 0,
        "Rarity": 0,
        "Purchasable": false
    },
    "Type": "Normal",
    "Category": "APM",
    "HeatGenerated": 0,
    "DamagePerShot": 0,
    "AIBattleValue": 50,
    "AccuracyModifier": 1.0,
    "HeatGeneratedModifier": 1,
    "ArmorDamageModifier": 1,
    "ISDamageModifier": 1,
    "CriticalDamageModifier": 1,
    "statusEffects": [
        {
            "durationData": {
                "duration": 2,
                "ticksOnActivations": true,
                "useActivationsOfTarget": true,
                "ticksOnEndOfRound": false,
                "ticksOnMovements": false,
                "stackLimit": 1,
                "clearedWhenAttacked": false
            },
            "targetingData": {
                "effectTriggerType": "OnHit",
                "triggerLimit": 0,
                "extendDurationOnTrigger": 2,
                "specialRules": "NotSet",
                "effectTargetType": "NotSet",
                "range": 0,
                "forcePathRebuild": false,
                "forceVisRebuild": false,
                "showInTargetPreview": true,
                "showInStatusPanel": true
            },
            "effectType": "StatisticEffect",
            "Description": {
                "Id": "Effect_AcidDMG",
                "Name": "Acid",
                "Details": "This unit is coated with corrosive Acid. It will take 40% increased Damage.",
                "Icon": "uixSvgIcon_biome_Heated"
            },
            "statisticData": {
                "statName": "DamageReductionMultiplierAll",
                "operation": "Float_Add",
                "modValue": "0.3",
                "modType": "System.Single"
            },
            "nature": "Debuff"
        }
    ]
}