{
   "Description": {
      "Id": "Ammunition_APM_Cryo",
      "Name": "APM Ammo",
      "UIName": "Cryo",
      "Details": "Short range missiles, capable of dealing heavy damage at close range via shaped charge warheads.",
      "Icon": null,
      "Cost": 0,
      "Rarity": 0,
      "Purchasable": false
   },
   "Type": "Normal",
   "Category": "APM",
   "HeatGenerated": 0,
   "HeatGeneratedModifier": 1,
   "ArmorDamageModifier": 1,
   "ISDamageModifier": 1,
   "CriticalDamageModifier": 1,
   "statusEffects": [
        {
      "durationData": {
        "duration": 2,
        "ticksOnActivations": true,
        "useActivationsOfTarget": true,
        "ticksOnEndOfRound": false,
        "ticksOnMovements": false,
        "stackLimit": 6,
        "clearedWhenAttacked": false
      },
      "targetingData": {
        "effectTriggerType": "OnHit",
        "triggerLimit": 0,
        "extendDurationOnTrigger": 0,
        "specialRules": "NotSet",
        "effectTargetType": "NotSet",
        "range": 0,
        "forcePathRebuild": false,
        "forceVisRebuild": false,
        "showInTargetPreview": false,
        "showInStatusPanel": false
      },
      "effectType": "StatisticEffect",
      "Description": {
        "Id": "APMCryo-WalkSlow",
        "Name": "Walk Impaired",
        "Details": "The Mech's Movement is reduced.",
        "Icon": "uixSvgIcon_status_sensorsImpaired"
      },
      "nature": "Debuff",
      "statisticData": {
        "appliesEachTick": false,
        "effectsPersistAfterDestruction": false,
        "statName": "WalkSpeed",
        "operation": "Float_Multiply",
        "modValue": "0.75",
        "modType": "System.Single",
        "additionalRules": "NotSet",
        "targetCollection": "NotSet",
        "targetWeaponCategory": "NotSet",
        "targetWeaponType": "NotSet",
        "targetAmmoCategory": "NotSet",
        "targetWeaponSubType": "NotSet"
      },
      "tagData": null,
      "floatieData": null,
      "actorBurningData": null,
      "vfxData": null,
      "instantModData": null,
      "poorlyMaintainedEffectData": null
    },
    {
      "durationData": {
        "duration": 2,
        "ticksOnActivations": true,
        "useActivationsOfTarget": true,
        "ticksOnEndOfRound": false,
        "ticksOnMovements": false,
        "stackLimit": 6,
        "clearedWhenAttacked": false
      },
      "targetingData": {
        "effectTriggerType": "OnHit",
        "triggerLimit": 0,
        "extendDurationOnTrigger": 0,
        "specialRules": "NotSet",
        "effectTargetType": "NotSet",
        "range": 0,
        "forcePathRebuild": false,
        "forceVisRebuild": false,
        "showInTargetPreview": false,
        "showInStatusPanel": false
      },
      "effectType": "StatisticEffect",
      "Description": {
        "Id": "APMCryo-RunSlow",
        "Name": "Sprint Impaired",
        "Details": "The Mech's Movement is reduced.",
        "Icon": "uixSvgIcon_status_sensorsImpaired"
      },
      "nature": "Debuff",
      "statisticData": {
        "statName": "CBTBE_RunMultiMod",
		"operation": "Float_Add",
		"modValue": "-0.25",
		"modType": "System.Single"
      },
      "tagData": null,
      "floatieData": null,
      "actorBurningData": null,
      "vfxData": null,
      "instantModData": null,
      "poorlyMaintainedEffectData": null
    }
	]
}