{
   "Description": {
      "Id": "Ammunition_MDRIVER",
      "Name": "Medium Mass Driver Ammo",
      "UIName": "Normal",
      "Details": "Small caliber ammunition designed for long range fire in an AC/4.",
      "Icon": null,
      "Cost": 0,
      "Rarity": 0,
      "Purchasable": false
   },
   "Type": "Normal",
   "Category": "MDRIVER",
   "HeatGenerated": 0,
   "HeatGeneratedModifier": 1,
   "ArmorDamageModifier": 1,
   "ISDamageModifier": 1,
   "CriticalDamageModifier": 1
}