{
   "Description": {
      "Id": "Ammunition_VRM",
      "Name": "VRM Ammo",
      "UIName": "Normal",
      "Details": "Variable Range Missiles, starting out weak but dealing increasing damage as they travel.",
      "Icon": null,
      "Cost": 0,
      "Rarity": 0,
      "Purchasable": false
   },
   "Type": "Normal",
   "Category": "VRM",
   "HeatGenerated": 0,
   "HeatGeneratedModifier": 1,
   "ArmorDamageModifier": 1,
   "ISDamageModifier": 1,
   "CriticalDamageModifier": 1
}