{
   "Description": {
      "Id": "Ammunition_Sirocco_Shaped",
      "Name": "Sirocco Shaped Charge Ammo",
      "UIName": "SC",
      "Details": "Massive rounds, designed for devastating impact, to be used in an AC/20.",
      "Icon": null,
      "Cost": 0,
      "Rarity": 0,
      "Purchasable": false
   },
   "Type": "Normal",
   "Category": "SIROCCO",
   "HeatGenerated": 0,
   "HeatGeneratedModifier": 1,
   "ArmorDamageModifier": 1,
   "ISDamageModifier": 1,
   "CriticalDamageModifier": 1,
   "DamagePerShot": 15.0,
   "AdditionalImpactVFX": "WFX_Nuke",
   "AdditionalImpactVFXScaleX":3,
   "AdditionalImpactVFXScaleY":3,
   "AdditionalImpactVFXScaleZ":3
}