{
   "Description": {
      "Id": "Ammunition_APM_Explosive",
      "Name": "APM Ammo",
      "UIName": "Explosive",
      "Details": "Alt payload missiles, capable of dealing heavy damage at close range via shaped charge warheads.",
      "Icon": null,
      "Cost": 0,
      "Rarity": 0,
      "Purchasable": false
   },
   "Type": "Normal",
   "Category": "APM",
   "HeatGenerated": 0,
   "DamagePerShot": 5,
   "HeatGeneratedModifier": 1,
   "ArmorDamageModifier": 1,
   "ISDamageModifier": 1,
   "CriticalDamageModifier": 1
}