{
   "Description": {
      "Id": "Ammunition_Bombard_Inferno",
      "Name": "Bombard Ammo",
      "UIName": "Inferno",
      "Details": "Massive rounds, designed for devastating impact, to be used in an AC/20.",
      "Icon": null,
      "Cost": 0,
      "Rarity": 0,
      "Purchasable": false
   },
   "Type": "Normal",
   "Category": "BOMBARD",
   "HeatGenerated": 0,
   "HeatGeneratedModifier": 1,
   "ArmorDamageModifier": 1,
   "ISDamageModifier": 1,
   "CriticalDamageModifier": 1,
   "HitGenerator": "Cluster",
   "DisableClustering": false,
   "ProjectilesPerShot": 2,
   "DamagePerShot": -1.0,
   "HeatDamage": 1,
   "AOECapable": true,
   "AOERange": 60,
   "AOEDamage": 1,
   "AOEHeatDamage": 2,
	"OverheatedDamageMultiplier": 1.5,
	"FireTerrainChance": 1,
	"FireDurationWithoutForest": 2,
   "FireTerrainStrength": 2,
   "FireTerrainCellRadius": 1,
   "FireOnSuccessHit" : true
}