{
   "Description": {
      "Id": "Ammunition_DBAC20",
      "Name": "Double-Barrel Autocannon Ammo",
      "UIName": "Normal",
      "Details": "Moderate caliber rounds, suitable for long range fire in an AC/5.",
      "Icon": null,
      "Cost": 0,
      "Rarity": 0,
      "Purchasable": false
   },
   "Type": "Normal",
   "Category": "DBAC20",
   "HeatGenerated": 0,
   "HeatGeneratedModifier": 1,
   "ArmorDamageModifier": 1,
   "ISDamageModifier": 1,
   "CriticalDamageModifier": 1
}