{
   "Description": {
      "Id": "Ammunition_Bombard_Acid",
      "Name": "Bombard Ammo",
      "UIName": "Acid",
      "Details": "Massive rounds, designed for devastating impact, to be used in an AC/20.",
      "Icon": null,
      "Cost": 0,
      "Rarity": 0,
      "Purchasable": false
   },
   "Type": "Normal",
   "Category": "BOMBARD",
   "HeatGenerated": 0,
   "HeatGeneratedModifier": 1,
   "ArmorDamageModifier": 1.5,
   "ISDamageModifier": 0.5,
   "CriticalDamageModifier": 1,
   "HitGenerator": "Cluster",
   "DisableClustering": false,
   "AOECapable": true,
   "AOERange": 45,
   "AOEDamage": 2,
   "statusEffects": [
        {
            "durationData": {
                "duration": 1,
                "ticksOnActivations": true,
                "useActivationsOfTarget": true,
                "stackLimit": 1,
                "clearedWhenAttacked": false
            },
            "targetingData": {
                "effectTriggerType": "OnHit",
                "triggerLimit": 0,
                "extendDurationOnTrigger": 0,
                "specialRules": "NotSet",
                "effectTargetType": "NotSet",
                "range": 0,
                "forcePathRebuild": false,
                "forceVisRebuild": false,
                "showInTargetPreview": true,
                "showInStatusPanel": true
            },
            "effectType": "StatisticEffect",
            "Description": {
                "Id": "Effect_AcidDMG",
                "Name": "Acid",
                "Details": "This unit is coated with corrosive Acid. It will take 20% increased Damage.",
                "Icon": "acid"
            },
            "statisticData": {
                "statName": "DamageReductionMultiplierAll",
                "operation": "Float_Add",
                "modValue": "0.2",
                "modType": "System.Single"
            },
            "nature": "Debuff"
        }
    ]
}