{
   "Description": {
      "Id": "Ammunition_Bombard_Generic",
      "Name": "Bombard Ammo",
      "UIName": "AoE",
      "Details": "Massive rounds, designed for devastating impact, to be used in an AC/20.",
      "Icon": null,
      "Cost": 0,
      "Rarity": 0,
      "Purchasable": false
   },
   "Type": "Normal",
   "Category": "BOMBARD",
   "HeatGenerated": 0,
   "HeatGeneratedModifier": 1,
   "ArmorDamageModifier": 1,
   "ISDamageModifier": 1,
   "CriticalDamageModifier": 1,
   "HitGenerator": "Cluster",
   "DisableClustering": false,
   "ProjectilesPerShot": 2,
   "AOECapable": true,
   "AOERange": 60,
   "AOEDamage": 4
}