{
	"MechTags": {
		"items": [
			"unit_generic",
			"unit_bracket_high",
			"unit_heavy",
			"unit_release",
			"unit_rarity_6",
			"unit_mech",
			"unit_lance_tank",
			"unit_role_brawler",
			"SanctuaryAlliance",
			"DaneSacellum",
			"MallardRepublic",
			"JacobsonHaven",
			"unit_legal"
		],
		"tagSetSourceFile": ""
	},
	"ChassisID": "chassisdef_orion_ON2-S",
	"HeraldryID": null,
	"Description": {
		"Cost": 1674400,
		"Rarity": 3,
		"Purchasable": true,
		"Manufacturer": null,
		"Model": null,
		"UIName": "Orion ON2-S",
		"Id": "mechdef_orion_ON2-S",
		"Name": "Orion",
		"Details": "A heavy Terran Hegemony classic, the Orion served that nation for centuries without complaint. The ON2-S is a simple, clean, effective design. Lumbering forward with its twin Scattergun/10s and Large Modal Lasers, the -S fears no enemy. Thanks to its Sanctuary ECM and Active Probe systems, it is well equipped to both defend allies and ferret out any enemies. 3 tons of SHIELD protected ammo is plenty for the guns and 13 Sanctuary DHS keep it all chilly.",
		"Icon": "uixTxrIcon_orion"
	},
	"simGameMechPartCost": 890000,
	"Version": 1,
	"Locations": [
		{
			"DamageLevel": "Functional",
			"Location": "Head",
			"CurrentArmor": 45,
			"CurrentRearArmor": -1,
			"CurrentInternalStructure": 16,
			"AssignedArmor": 45,
			"AssignedRearArmor": -1
		},
		{
			"DamageLevel": "Functional",
			"Location": "LeftArm",
			"CurrentArmor": 120,
			"CurrentRearArmor": -1,
			"CurrentInternalStructure": 60,
			"AssignedArmor": 120,
			"AssignedRearArmor": -1
		},
		{
			"DamageLevel": "Functional",
			"Location": "LeftTorso",
			"CurrentArmor": 110,
			"CurrentRearArmor": 50,
			"CurrentInternalStructure": 80,
			"AssignedArmor": 110,
			"AssignedRearArmor": 50
		},
		{
			"DamageLevel": "Functional",
			"Location": "CenterTorso",
			"CurrentArmor": 180,
			"CurrentRearArmor": 55,
			"CurrentInternalStructure": 115,
			"AssignedArmor": 180,
			"AssignedRearArmor": 55
		},
		{
			"DamageLevel": "Functional",
			"Location": "RightTorso",
			"CurrentArmor": 110,
			"CurrentRearArmor": 50,
			"CurrentInternalStructure": 80,
			"AssignedArmor": 110,
			"AssignedRearArmor": 50
		},
		{
			"DamageLevel": "Functional",
			"Location": "RightArm",
			"CurrentArmor": 120,
			"CurrentRearArmor": -1,
			"CurrentInternalStructure": 60,
			"AssignedArmor": 120,
			"AssignedRearArmor": -1
		},
		{
			"DamageLevel": "Functional",
			"Location": "LeftLeg",
			"CurrentArmor": 140,
			"CurrentRearArmor": -1,
			"CurrentInternalStructure": 80,
			"AssignedArmor": 140,
			"AssignedRearArmor": -1
		},
		{
			"DamageLevel": "Functional",
			"Location": "RightLeg",
			"CurrentArmor": 140,
			"CurrentRearArmor": -1,
			"CurrentInternalStructure": 80,
			"AssignedArmor": 140,
			"AssignedRearArmor": -1
		}
	],
	"inventory": [
		{
			"MountedLocation": "CenterTorso",
			"ComponentDefID": "emod_armorslots_sanctuaryferrofibrous",
			"ComponentDefType": "Upgrade",
			"HardpointSlot": -1,
			"DamageLevel": "Functional",
			"prefabName": "",
			"hasPrefabName": true
		},
		{
			"MountedLocation": "CenterTorso",
			"ComponentDefID": "emod_engine_300",
			"SimGameUID": null,
			"ComponentDefType": "HeatSink",
			"HardpointSlot": -1,
			"GUID": null,
			"DamageLevel": "Functional",
			"prefabName": null,
			"hasPrefabName": false
		},
		{
			"MountedLocation": "CenterTorso",
			"ComponentDefID": "emod_kit_sdhs",
			"SimGameUID": null,
			"ComponentDefType": "HeatSink",
			"HardpointSlot": -1,
			"GUID": null,
			"DamageLevel": "Functional",
			"prefabName": null,
			"hasPrefabName": false
		},
		{
			"MountedLocation": "CenterTorso",
			"ComponentDefID": "emod_engine_cooling",
			"SimGameUID": null,
			"ComponentDefType": "HeatSink",
			"HardpointSlot": -1,
			"GUID": null,
			"DamageLevel": "Functional",
			"prefabName": null,
			"hasPrefabName": false
		},
		{
			"MountedLocation": "CenterTorso",
			"ComponentDefID": "Gear_Gyro_Generic_Standard",
			"SimGameUID": null,
			"ComponentDefType": "Upgrade",
			"HardpointSlot": -1,
			"GUID": null,
			"DamageLevel": "Functional",
			"prefabName": null,
			"hasPrefabName": false
		},
		{
			"MountedLocation": "CenterTorso",
			"ComponentDefID": "emod_engineslots_sxl_center",
			"SimGameUID": null,
			"ComponentDefType": "HeatSink",
			"HardpointSlot": -1,
			"GUID": null,
			"DamageLevel": "Functional",
			"prefabName": null,
			"hasPrefabName": false
		},
		{
			"MountedLocation": "LeftTorso",
			"ComponentDefID": "emod_engineslots_size2",
			"SimGameUID": null,
			"ComponentDefType": "HeatSink",
			"HardpointSlot": -1,
			"GUID": null,
			"DamageLevel": "Functional",
			"prefabName": null,
			"hasPrefabName": false
		},
		{
			"MountedLocation": "RightTorso",
			"ComponentDefID": "emod_engineslots_size2",
			"SimGameUID": null,
			"ComponentDefType": "HeatSink",
			"HardpointSlot": -1,
			"GUID": null,
			"DamageLevel": "Functional",
			"prefabName": null,
			"hasPrefabName": false
		},
		{
			"MountedLocation": "LeftLeg",
			"ComponentDefID": "emod_leg_hip",
			"SimGameUID": "",
			"ComponentDefType": "Upgrade",
			"HardpointSlot": 0,
			"GUID": null,
			"DamageLevel": "Functional",
			"prefabName": null,
			"hasPrefabName": false
		},
		{
			"MountedLocation": "LeftLeg",
			"ComponentDefID": "emod_leg_upper",
			"SimGameUID": "",
			"ComponentDefType": "Upgrade",
			"HardpointSlot": 0,
			"GUID": null,
			"DamageLevel": "Functional",
			"prefabName": null,
			"hasPrefabName": false
		},
		{
			"MountedLocation": "LeftLeg",
			"ComponentDefID": "emod_leg_lower",
			"SimGameUID": "",
			"ComponentDefType": "Upgrade",
			"HardpointSlot": 0,
			"GUID": null,
			"DamageLevel": "Functional",
			"prefabName": null,
			"hasPrefabName": false
		},
		{
			"MountedLocation": "LeftLeg",
			"ComponentDefID": "emod_leg_foot",
			"SimGameUID": "",
			"ComponentDefType": "Upgrade",
			"HardpointSlot": 0,
			"GUID": null,
			"DamageLevel": "Functional",
			"prefabName": null,
			"hasPrefabName": false
		},
		{
			"MountedLocation": "RightLeg",
			"ComponentDefID": "emod_leg_hip",
			"SimGameUID": "",
			"ComponentDefType": "Upgrade",
			"HardpointSlot": 0,
			"GUID": null,
			"DamageLevel": "Functional",
			"prefabName": null,
			"hasPrefabName": false
		},
		{
			"MountedLocation": "RightLeg",
			"ComponentDefID": "emod_leg_upper",
			"SimGameUID": "",
			"ComponentDefType": "Upgrade",
			"HardpointSlot": 0,
			"GUID": null,
			"DamageLevel": "Functional",
			"prefabName": null,
			"hasPrefabName": false
		},
		{
			"MountedLocation": "RightLeg",
			"ComponentDefID": "emod_leg_lower",
			"SimGameUID": "",
			"ComponentDefType": "Upgrade",
			"HardpointSlot": 0,
			"GUID": null,
			"DamageLevel": "Functional",
			"prefabName": null,
			"hasPrefabName": false
		},
		{
			"MountedLocation": "RightLeg",
			"ComponentDefID": "emod_leg_foot",
			"SimGameUID": "",
			"ComponentDefType": "Upgrade",
			"HardpointSlot": 0,
			"GUID": null,
			"DamageLevel": "Functional",
			"prefabName": null,
			"hasPrefabName": false
		},
		{
			"MountedLocation": "LeftArm",
			"ComponentDefID": "emod_arm_part_shoulder",
			"SimGameUID": "",
			"ComponentDefType": "Upgrade",
			"HardpointSlot": 0,
			"GUID": null,
			"DamageLevel": "Functional",
			"prefabName": null,
			"hasPrefabName": false
		},
		{
			"MountedLocation": "LeftArm",
			"ComponentDefID": "emod_arm_part_upper",
			"SimGameUID": "",
			"ComponentDefType": "Upgrade",
			"HardpointSlot": 0,
			"GUID": null,
			"DamageLevel": "Functional",
			"prefabName": null,
			"hasPrefabName": false
		},
		{
			"MountedLocation": "LeftArm",
			"ComponentDefID": "emod_arm_part_lower",
			"SimGameUID": "",
			"ComponentDefType": "Upgrade",
			"HardpointSlot": 0,
			"GUID": null,
			"DamageLevel": "Functional",
			"prefabName": null,
			"hasPrefabName": false
		},
		{
			"MountedLocation": "RightArm",
			"ComponentDefID": "emod_arm_part_shoulder",
			"SimGameUID": "",
			"ComponentDefType": "Upgrade",
			"HardpointSlot": 0,
			"GUID": null,
			"DamageLevel": "Functional",
			"prefabName": null,
			"hasPrefabName": false
		},
		{
			"MountedLocation": "RightArm",
			"ComponentDefID": "emod_arm_part_upper",
			"SimGameUID": "",
			"ComponentDefType": "Upgrade",
			"HardpointSlot": 0,
			"GUID": null,
			"DamageLevel": "Functional",
			"prefabName": null,
			"hasPrefabName": false
		},
		{
			"MountedLocation": "RightArm",
			"ComponentDefID": "emod_arm_part_lower",
			"SimGameUID": "",
			"ComponentDefType": "Upgrade",
			"HardpointSlot": 0,
			"GUID": null,
			"DamageLevel": "Functional",
			"prefabName": null,
			"hasPrefabName": false
		},
		{
			"MountedLocation": "LeftArm",
			"ComponentDefID": "Weapon_Laser_LargeLaserModal",
			"SimGameUID": null,
			"ComponentDefType": "Weapon",
			"HardpointSlot": 0,
			"GUID": null,
			"DamageLevel": "Functional",
			"prefabName": null,
			"hasPrefabName": false
		},
		{
			"MountedLocation": "LeftTorso",
			"ComponentDefID": "Ammo_AmmunitionBox_Scattergun_AC10",
			"SimGameUID": null,
			"ComponentDefType": "AmmunitionBox",
			"HardpointSlot": -1,
			"GUID": null,
			"DamageLevel": "Functional",
			"prefabName": null,
			"hasPrefabName": false
		},
		{
			"MountedLocation": "LeftTorso",
			"ComponentDefID": "Ammo_AmmunitionBox_Scattergun_AC10",
			"SimGameUID": null,
			"ComponentDefType": "AmmunitionBox",
			"HardpointSlot": -1,
			"GUID": null,
			"DamageLevel": "Functional",
			"prefabName": null,
			"hasPrefabName": false
		},
		{
			"MountedLocation": "LeftTorso",
			"ComponentDefID": "Ammo_AmmunitionBox_Scattergun_AC10",
			"SimGameUID": null,
			"ComponentDefType": "AmmunitionBox",
			"HardpointSlot": -1,
			"GUID": null,
			"DamageLevel": "Functional",
			"prefabName": null,
			"hasPrefabName": false
		},
		{
			"MountedLocation": "LeftTorso",
			"ComponentDefID": "emod_SHIELD",
			"SimGameUID": null,
			"ComponentDefType": "Upgrade",
			"HardpointSlot": -1,
			"GUID": null,
			"DamageLevel": "Functional",
			"prefabName": null,
			"hasPrefabName": false
		},
		{
			"MountedLocation": "LeftTorso",
			"ComponentDefID": "Gear_HeatSink_Generic_SanctuaryWorlds",
			"SimGameUID": null,
			"ComponentDefType": "HeatSink",
			"HardpointSlot": -1,
			"GUID": null,
			"DamageLevel": "Functional",
			"prefabName": null,
			"hasPrefabName": false
		},
		{
			"MountedLocation": "LeftTorso",
			"ComponentDefID": "Gear_HeatSink_Generic_SanctuaryWorlds",
			"SimGameUID": null,
			"ComponentDefType": "HeatSink",
			"HardpointSlot": -1,
			"GUID": null,
			"DamageLevel": "Functional",
			"prefabName": null,
			"hasPrefabName": false
		},
		{
			"MountedLocation": "LeftTorso",
			"ComponentDefID": "Gear_HeatSink_Generic_SanctuaryWorlds",
			"SimGameUID": null,
			"ComponentDefType": "HeatSink",
			"HardpointSlot": -1,
			"GUID": null,
			"DamageLevel": "Functional",
			"prefabName": null,
			"hasPrefabName": false
		},
		{
			"MountedLocation": "CenterTorso",
			"ComponentDefID": "Gear_Sanctuary_ECM",
			"SimGameUID": null,
			"ComponentDefType": "Upgrade",
			"HardpointSlot": -1,
			"GUID": null,
			"DamageLevel": "Functional",
			"prefabName": null,
			"hasPrefabName": false
		},
		{
			"MountedLocation": "RightTorso",
			"ComponentDefID": "Weapon_Autocannon_Scattergun_10",
			"SimGameUID": null,
			"ComponentDefType": "Weapon",
			"HardpointSlot": 0,
			"GUID": null,
			"DamageLevel": "Functional",
			"prefabName": null,
			"hasPrefabName": false
		},
		{
			"MountedLocation": "RightTorso",
			"ComponentDefID": "Weapon_Autocannon_Scattergun_10",
			"SimGameUID": null,
			"ComponentDefType": "Weapon",
			"HardpointSlot": 0,
			"GUID": null,
			"DamageLevel": "Functional",
			"prefabName": null,
			"hasPrefabName": false
		},
		{
			"MountedLocation": "RightTorso",
			"ComponentDefID": "Gear_Sanctuary_AP",
			"SimGameUID": null,
			"ComponentDefType": "Upgrade",
			"HardpointSlot": -1,
			"GUID": null,
			"DamageLevel": "Functional",
			"prefabName": null,
			"hasPrefabName": false
		},
		{
			"MountedLocation": "RightArm",
			"ComponentDefID": "Weapon_Laser_LargeLaserModal",
			"SimGameUID": null,
			"ComponentDefType": "Weapon",
			"HardpointSlot": 0,
			"GUID": null,
			"DamageLevel": "Functional",
			"prefabName": null,
			"hasPrefabName": false
		}
	]
}