{
	"MechTags": {
		"items": [
			"unit_mech",
			"unit_indirectFire",
			"unit_heavy",
			"unit_release",
			"unit_rarity_4",
			"unit_ready",
			"unit_lance_assassin",
			"unit_role_brawler",
			"unit_range_medium",
			"SanctuaryAlliance",
			"DaneSacellum",
			"MallardRepublic",
			"JacobsonHaven",
			"unit_legal"
		],
		"tagSetSourceFile": ""
	},
	"ChassisID": "chassisdef_ostroc_OSR-3L",
	"HeraldryID": null,
	"Description": {
		"Cost": 6970000,
		"Rarity": 3,
		"Purchasable": true,
		"Manufacturer": null,
		"Model": null,
		"UIName": "Ostroc OSR-3L",
		"Id": "mechdef_ostroc_OSR-3L",
		"Name": "Ostroc",
		"Details": "An old 'Mech, the Ostroc received litle love in the Sanctuary Worlds. History has forgotten why the Ostroc was largely looked over for most of the Sanctuary's history but looked over it was, until recently, making it fairly rare in their militaries. The OSR-3L is a somewhat more advanced upgrade of the Ostroc, made only recently as the 'Mech came back into prominence. Armed with twin Large and Medium Lances, as well as a VRM-6 for long-range, the -3L proved an adept combatant in almost any circumstance. 16 DHS and 3 Heat Negators struggle mightily to contain the mech's heat.",
		"Icon": "uixTxrIcon_ostroc"
	},
	"simGameMechPartCost": 700000,
	"Version": 1,
	"Locations": [
		{
			"DamageLevel": "Functional",
			"Location": "Head",
			"CurrentArmor": 40,
			"CurrentRearArmor": -1,
			"CurrentInternalStructure": 16,
			"AssignedArmor": 40,
			"AssignedRearArmor": -1
		},
		{
			"DamageLevel": "Functional",
			"Location": "LeftArm",
			"CurrentArmor": 40,
			"CurrentRearArmor": -1,
			"CurrentInternalStructure": 50,
			"AssignedArmor": 40,
			"AssignedRearArmor": -1
		},
		{
			"DamageLevel": "Functional",
			"Location": "LeftTorso",
			"CurrentArmor": 110,
			"CurrentRearArmor": 20,
			"CurrentInternalStructure": 70,
			"AssignedArmor": 110,
			"AssignedRearArmor": 20
		},
		{
			"DamageLevel": "Functional",
			"Location": "CenterTorso",
			"CurrentArmor": 110,
			"CurrentRearArmor": 25,
			"CurrentInternalStructure": 100,
			"AssignedArmor": 110,
			"AssignedRearArmor": 25
		},
		{
			"DamageLevel": "Functional",
			"Location": "RightTorso",
			"CurrentArmor": 110,
			"CurrentRearArmor": 20,
			"CurrentInternalStructure": 70,
			"AssignedArmor": 110,
			"AssignedRearArmor": 20
		},
		{
			"DamageLevel": "Functional",
			"Location": "RightArm",
			"CurrentArmor": 40,
			"CurrentRearArmor": -1,
			"CurrentInternalStructure": 50,
			"AssignedArmor": 40,
			"AssignedRearArmor": -1
		},
		{
			"DamageLevel": "Functional",
			"Location": "LeftLeg",
			"CurrentArmor": 100,
			"CurrentRearArmor": -1,
			"CurrentInternalStructure": 70,
			"AssignedArmor": 100,
			"AssignedRearArmor": -1
		},
		{
			"DamageLevel": "Functional",
			"Location": "RightLeg",
			"CurrentArmor": 100,
			"CurrentRearArmor": -1,
			"CurrentInternalStructure": 70,
			"AssignedArmor": 100,
			"AssignedRearArmor": -1
		}
	],
	"inventory": [
		{
			"MountedLocation": "LeftArm",
			"ComponentDefID": "emod_arm_part_shoulder",
			"SimGameUID": "",
			"ComponentDefType": "Upgrade",
			"HardpointSlot": 0,
			"GUID": null,
			"DamageLevel": "Functional",
			"prefabName": null,
			"hasPrefabName": false
		},
		{
			"MountedLocation": "LeftArm",
			"ComponentDefID": "emod_arm_part_upper",
			"SimGameUID": "",
			"ComponentDefType": "Upgrade",
			"HardpointSlot": 0,
			"GUID": null,
			"DamageLevel": "Functional",
			"prefabName": null,
			"hasPrefabName": false
		},
		{
			"MountedLocation": "LeftArm",
			"ComponentDefID": "emod_arm_part_lower",
			"SimGameUID": "",
			"ComponentDefType": "Upgrade",
			"HardpointSlot": 0,
			"GUID": null,
			"DamageLevel": "Functional",
			"prefabName": null,
			"hasPrefabName": false
		},
		{
			"MountedLocation": "RightArm",
			"ComponentDefID": "emod_arm_part_shoulder",
			"SimGameUID": "",
			"ComponentDefType": "Upgrade",
			"HardpointSlot": 0,
			"GUID": null,
			"DamageLevel": "Functional",
			"prefabName": null,
			"hasPrefabName": false
		},
		{
			"MountedLocation": "RightArm",
			"ComponentDefID": "emod_arm_part_upper",
			"SimGameUID": "",
			"ComponentDefType": "Upgrade",
			"HardpointSlot": 0,
			"GUID": null,
			"DamageLevel": "Functional",
			"prefabName": null,
			"hasPrefabName": false
		},
		{
			"MountedLocation": "RightArm",
			"ComponentDefID": "emod_arm_part_lower",
			"SimGameUID": "",
			"ComponentDefType": "Upgrade",
			"HardpointSlot": 0,
			"GUID": null,
			"DamageLevel": "Functional",
			"prefabName": null,
			"hasPrefabName": false
		},
		{
			"MountedLocation": "LeftLeg",
			"ComponentDefID": "emod_leg_hip",
			"SimGameUID": "",
			"ComponentDefType": "Upgrade",
			"HardpointSlot": 0,
			"GUID": null,
			"DamageLevel": "Functional",
			"prefabName": null,
			"hasPrefabName": false
		},
		{
			"MountedLocation": "LeftLeg",
			"ComponentDefID": "emod_leg_upper",
			"SimGameUID": "",
			"ComponentDefType": "Upgrade",
			"HardpointSlot": 0,
			"GUID": null,
			"DamageLevel": "Functional",
			"prefabName": null,
			"hasPrefabName": false
		},
		{
			"MountedLocation": "LeftLeg",
			"ComponentDefID": "emod_leg_lower",
			"SimGameUID": "",
			"ComponentDefType": "Upgrade",
			"HardpointSlot": 0,
			"GUID": null,
			"DamageLevel": "Functional",
			"prefabName": null,
			"hasPrefabName": false
		},
		{
			"MountedLocation": "LeftLeg",
			"ComponentDefID": "emod_leg_foot",
			"SimGameUID": "",
			"ComponentDefType": "Upgrade",
			"HardpointSlot": 0,
			"GUID": null,
			"DamageLevel": "Functional",
			"prefabName": null,
			"hasPrefabName": false
		},
		{
			"MountedLocation": "RightLeg",
			"ComponentDefID": "emod_leg_hip",
			"SimGameUID": "",
			"ComponentDefType": "Upgrade",
			"HardpointSlot": 0,
			"GUID": null,
			"DamageLevel": "Functional",
			"prefabName": null,
			"hasPrefabName": false
		},
		{
			"MountedLocation": "RightLeg",
			"ComponentDefID": "emod_leg_upper",
			"SimGameUID": "",
			"ComponentDefType": "Upgrade",
			"HardpointSlot": 0,
			"GUID": null,
			"DamageLevel": "Functional",
			"prefabName": null,
			"hasPrefabName": false
		},
		{
			"MountedLocation": "RightLeg",
			"ComponentDefID": "emod_leg_lower",
			"SimGameUID": "",
			"ComponentDefType": "Upgrade",
			"HardpointSlot": 0,
			"GUID": null,
			"DamageLevel": "Functional",
			"prefabName": null,
			"hasPrefabName": false
		},
		{
			"MountedLocation": "RightLeg",
			"ComponentDefID": "emod_leg_foot",
			"SimGameUID": "",
			"ComponentDefType": "Upgrade",
			"HardpointSlot": 0,
			"GUID": null,
			"DamageLevel": "Functional",
			"prefabName": null,
			"hasPrefabName": false
		},
		{
			"MountedLocation": "CenterTorso",
			"ComponentDefID": "emod_armorslots_sanctuaryferrofibrous",
			"ComponentDefType": "Upgrade",
			"HardpointSlot": -1,
			"DamageLevel": "Functional",
			"prefabName": "",
			"hasPrefabName": true
		},
		{
			"MountedLocation": "CenterTorso",
			"ComponentDefID": "emod_engine_cooling_2",
			"ComponentDefType": "HeatSink",
			"HardpointSlot": -1,
			"DamageLevel": "Functional",
			"prefabName": "",
			"hasPrefabName": true
		},
		{
			"MountedLocation": "CenterTorso",
			"ComponentDefID": "emod_kit_sdhs",
			"ComponentDefType": "HeatSink",
			"HardpointSlot": -1,
			"DamageLevel": "Functional",
			"prefabName": "",
			"hasPrefabName": true
		},
		{
			"MountedLocation": "CenterTorso",
			"ComponentDefID": "emod_engine_300",
			"SimGameUID": null,
			"ComponentDefType": "HeatSink",
			"HardpointSlot": -1,
			"GUID": null,
			"DamageLevel": "Functional",
			"prefabName": null,
			"hasPrefabName": false
		},
		{
			"MountedLocation": "CenterTorso",
			"ComponentDefID": "emod_engineslots_sxl_center",
			"SimGameUID": null,
			"ComponentDefType": "HeatSink",
			"HardpointSlot": -1,
			"GUID": null,
			"DamageLevel": "Functional",
			"prefabName": null,
			"hasPrefabName": false
		},
		{
			"MountedLocation": "LeftTorso",
			"ComponentDefID": "emod_engineslots_size2",
			"SimGameUID": null,
			"ComponentDefType": "HeatSink",
			"HardpointSlot": -1,
			"GUID": null,
			"DamageLevel": "Functional",
			"prefabName": null,
			"hasPrefabName": false
		},
		{
			"MountedLocation": "RightTorso",
			"ComponentDefID": "emod_engineslots_size2",
			"SimGameUID": null,
			"ComponentDefType": "HeatSink",
			"HardpointSlot": -1,
			"GUID": null,
			"DamageLevel": "Functional",
			"prefabName": null,
			"hasPrefabName": false
		},
		{
			"MountedLocation": "LeftTorso",
			"ComponentDefID": "Weapon_Lance_LargeLance",
			"SimGameUID": null,
			"ComponentDefType": "Weapon",
			"HardpointSlot": 0,
			"GUID": null,
			"DamageLevel": "Functional",
			"prefabName": null,
			"hasPrefabName": false
		},
		{
			"MountedLocation": "LeftTorso",
			"ComponentDefID": "Weapon_Lance_MediumLance",
			"SimGameUID": null,
			"ComponentDefType": "Weapon",
			"HardpointSlot": 0,
			"GUID": null,
			"DamageLevel": "Functional",
			"prefabName": null,
			"hasPrefabName": false
		},
		{
			"MountedLocation": "LeftTorso",
			"ComponentDefID": "Gear_HeatSink_Generic_SanctuaryWorlds",
			"SimGameUID": null,
			"ComponentDefType": "HeatSink",
			"HardpointSlot": -1,
			"GUID": null,
			"DamageLevel": "Functional",
			"prefabName": null,
			"hasPrefabName": false
		},
		{
			"MountedLocation": "LeftTorso",
			"ComponentDefID": "Gear_HeatSink_Generic_SanctuaryWorlds",
			"SimGameUID": null,
			"ComponentDefType": "HeatSink",
			"HardpointSlot": -1,
			"GUID": null,
			"DamageLevel": "Functional",
			"prefabName": null,
			"hasPrefabName": false
		},
		{
			"MountedLocation": "LeftTorso",
			"ComponentDefID": "Gear_HeatSink_Heat_Negator",
			"SimGameUID": null,
			"ComponentDefType": "HeatSink",
			"HardpointSlot": -1,
			"GUID": null,
			"DamageLevel": "Functional",
			"prefabName": null,
			"hasPrefabName": false
		},
		{
			"MountedLocation": "LeftTorso",
			"ComponentDefID": "Gear_HeatSink_Heat_Negator",
			"SimGameUID": null,
			"ComponentDefType": "HeatSink",
			"HardpointSlot": -1,
			"GUID": null,
			"DamageLevel": "Functional",
			"prefabName": null,
			"hasPrefabName": false
		},
		{
			"MountedLocation": "CenterTorso",
			"ComponentDefID": "Gear_HeatSink_Generic_SanctuaryWorlds",
			"SimGameUID": null,
			"ComponentDefType": "HeatSink",
			"HardpointSlot": -1,
			"GUID": null,
			"DamageLevel": "Functional",
			"prefabName": null,
			"hasPrefabName": false
		},
		{
			"MountedLocation": "RightTorso",
			"ComponentDefID": "Weapon_Lance_LargeLance",
			"SimGameUID": null,
			"ComponentDefType": "Weapon",
			"HardpointSlot": 0,
			"GUID": null,
			"DamageLevel": "Functional",
			"prefabName": null,
			"hasPrefabName": false
		},
		{
			"MountedLocation": "RightTorso",
			"ComponentDefID": "Weapon_Lance_MediumLance",
			"SimGameUID": null,
			"ComponentDefType": "Weapon",
			"HardpointSlot": 0,
			"GUID": null,
			"DamageLevel": "Functional",
			"prefabName": null,
			"hasPrefabName": false
		},
		{
			"MountedLocation": "RightTorso",
			"ComponentDefID": "Weapon_VRM_VRM6",
			"SimGameUID": null,
			"ComponentDefType": "Weapon",
			"HardpointSlot": 0,
			"GUID": null,
			"DamageLevel": "Functional",
			"prefabName": null,
			"hasPrefabName": false
		},
		{
			"MountedLocation": "RightTorso",
			"ComponentDefID": "Ammo_AmmunitionBox_Generic_VRM",
			"SimGameUID": null,
			"ComponentDefType": "AmmunitionBox",
			"HardpointSlot": -1,
			"GUID": null,
			"DamageLevel": "Functional",
			"prefabName": null,
			"hasPrefabName": false
		},
		{
			"MountedLocation": "RightTorso",
			"ComponentDefID": "emod_SHIELD",
			"SimGameUID": null,
			"ComponentDefType": "Upgrade",
			"HardpointSlot": -1,
			"GUID": null,
			"DamageLevel": "Functional",
			"prefabName": null,
			"hasPrefabName": false
		},
		{
			"MountedLocation": "RightTorso",
			"ComponentDefID": "Gear_HeatSink_Generic_SanctuaryWorlds",
			"SimGameUID": null,
			"ComponentDefType": "HeatSink",
			"HardpointSlot": -1,
			"GUID": null,
			"DamageLevel": "Functional",
			"prefabName": null,
			"hasPrefabName": false
		},
		{
			"MountedLocation": "RightTorso",
			"ComponentDefID": "Gear_HeatSink_Heat_Negator",
			"SimGameUID": null,
			"ComponentDefType": "HeatSink",
			"HardpointSlot": -1,
			"GUID": null,
			"DamageLevel": "Functional",
			"prefabName": null,
			"hasPrefabName": false
		}
	]
}