{
	"MechTags": {
		"items": [
			"unit_mech",
			"unit_assault",
			"unit_indirectFire",
			"unit_lance_assassin",
			"unit_role_sniper",
			"unit_release",
			"unit_rarity_6",
			"SanctuaryAlliance",
			"DaneSacellum",
			"MallardRepublic",
			"JacobsonHaven",
			"unit_legal"
		],
		"tagSetSourceFile": ""
	},
	"ChassisID": "chassisdef_longbow_LGB-9Q",
	"HeraldryID": null,
	"Description": {
		"Cost": 2260000,
		"Rarity": 4,
		"Purchasable": true,
		"Manufacturer": null,
		"Model": null,
		"UIName": "Longbow LGB-9Q",
		"Id": "mechdef_longbow_LGB-9Q",
		"Name": "Longbow",
		"Details": "For centuries the Longbow has served Inner Sphere armies and so it was also with the Sanctuary Worlds. The idea was simple: strap as many VRMs as possible to a Longbow and point at enemy. That number ended up being 60 tubes, with a pair each of VRM-24s and VRM-6s for firepower. Twin Medium Electro-Lasers make a paltry attempt at close-range defense. With the rest of the mech as heat sinks and ammo, the Longbow LGB-9Q serves as simple, effective, fire-support for Sanctuary armies.",
		"Icon": "uixTxrIcon_longbow"
	},
	"simGameMechPartCost": 1040000,
	"Version": 1,
	"Locations": [
		{
			"DamageLevel": "Functional",
			"Location": "Head",
			"CurrentArmor": 45,
			"CurrentRearArmor": -1,
			"CurrentInternalStructure": 16,
			"AssignedArmor": 45,
			"AssignedRearArmor": -1
		},
		{
			"DamageLevel": "Functional",
			"Location": "LeftArm",
			"CurrentArmor": 115,
			"CurrentRearArmor": -1,
			"CurrentInternalStructure": 70,
			"AssignedArmor": 115,
			"AssignedRearArmor": -1
		},
		{
			"DamageLevel": "Functional",
			"Location": "LeftTorso",
			"CurrentArmor": 130,
			"CurrentRearArmor": 50,
			"CurrentInternalStructure": 90,
			"AssignedArmor": 130,
			"AssignedRearArmor": 50
		},
		{
			"DamageLevel": "Functional",
			"Location": "CenterTorso",
			"CurrentArmor": 185,
			"CurrentRearArmor": 60,
			"CurrentInternalStructure": 135,
			"AssignedArmor": 185,
			"AssignedRearArmor": 60
		},
		{
			"DamageLevel": "Functional",
			"Location": "RightTorso",
			"CurrentArmor": 130,
			"CurrentRearArmor": 50,
			"CurrentInternalStructure": 90,
			"AssignedArmor": 130,
			"AssignedRearArmor": 50
		},
		{
			"DamageLevel": "Functional",
			"Location": "RightArm",
			"CurrentArmor": 115,
			"CurrentRearArmor": -1,
			"CurrentInternalStructure": 70,
			"AssignedArmor": 115,
			"AssignedRearArmor": -1
		},
		{
			"DamageLevel": "Functional",
			"Location": "LeftLeg",
			"CurrentArmor": 140,
			"CurrentRearArmor": -1,
			"CurrentInternalStructure": 90,
			"AssignedArmor": 140,
			"AssignedRearArmor": -1
		},
		{
			"DamageLevel": "Functional",
			"Location": "RightLeg",
			"CurrentArmor": 140,
			"CurrentRearArmor": -1,
			"CurrentInternalStructure": 90,
			"AssignedArmor": 140,
			"AssignedRearArmor": -1
		}
	],
	"inventory": [
		{
			"MountedLocation": "CenterTorso",
			"ComponentDefID": "emod_armorslots_standard",
			"ComponentDefType": "Upgrade",
			"HardpointSlot": -1,
			"DamageLevel": "Functional",
			"prefabName": "",
			"hasPrefabName": true
		},
		{
			"MountedLocation": "CenterTorso",
			"ComponentDefID": "emod_engine_255",
			"SimGameUID": null,
			"ComponentDefType": "HeatSink",
			"HardpointSlot": -1,
			"GUID": null,
			"DamageLevel": "Functional",
			"prefabName": null,
			"hasPrefabName": false
		},
		{
			"MountedLocation": "CenterTorso",
			"ComponentDefID": "emod_kit_sdhs",
			"SimGameUID": null,
			"ComponentDefType": "HeatSink",
			"HardpointSlot": -1,
			"GUID": null,
			"DamageLevel": "Functional",
			"prefabName": null,
			"hasPrefabName": false
		},
		{
			"MountedLocation": "CenterTorso",
			"ComponentDefID": "emod_engine_cooling",
			"SimGameUID": null,
			"ComponentDefType": "HeatSink",
			"HardpointSlot": -1,
			"GUID": null,
			"DamageLevel": "Functional",
			"prefabName": null,
			"hasPrefabName": false
		},
		{
			"MountedLocation": "CenterTorso",
			"ComponentDefID": "Gear_Gyro_Generic_Standard",
			"SimGameUID": null,
			"ComponentDefType": "Upgrade",
			"HardpointSlot": -1,
			"GUID": null,
			"DamageLevel": "Functional",
			"prefabName": null,
			"hasPrefabName": false
		},
		{
			"MountedLocation": "CenterTorso",
			"ComponentDefID": "emod_engineslots_std_center",
			"SimGameUID": null,
			"ComponentDefType": "HeatSink",
			"HardpointSlot": -1,
			"GUID": null,
			"DamageLevel": "Functional",
			"prefabName": null,
			"hasPrefabName": false
		},
		{
			"MountedLocation": "LeftLeg",
			"ComponentDefID": "emod_leg_hip",
			"SimGameUID": "",
			"ComponentDefType": "Upgrade",
			"HardpointSlot": 0,
			"GUID": null,
			"DamageLevel": "Functional",
			"prefabName": null,
			"hasPrefabName": false
		},
		{
			"MountedLocation": "LeftLeg",
			"ComponentDefID": "emod_leg_upper",
			"SimGameUID": "",
			"ComponentDefType": "Upgrade",
			"HardpointSlot": 0,
			"GUID": null,
			"DamageLevel": "Functional",
			"prefabName": null,
			"hasPrefabName": false
		},
		{
			"MountedLocation": "LeftLeg",
			"ComponentDefID": "emod_leg_lower",
			"SimGameUID": "",
			"ComponentDefType": "Upgrade",
			"HardpointSlot": 0,
			"GUID": null,
			"DamageLevel": "Functional",
			"prefabName": null,
			"hasPrefabName": false
		},
		{
			"MountedLocation": "LeftLeg",
			"ComponentDefID": "emod_leg_foot",
			"SimGameUID": "",
			"ComponentDefType": "Upgrade",
			"HardpointSlot": 0,
			"GUID": null,
			"DamageLevel": "Functional",
			"prefabName": null,
			"hasPrefabName": false
		},
		{
			"MountedLocation": "RightLeg",
			"ComponentDefID": "emod_leg_hip",
			"SimGameUID": "",
			"ComponentDefType": "Upgrade",
			"HardpointSlot": 0,
			"GUID": null,
			"DamageLevel": "Functional",
			"prefabName": null,
			"hasPrefabName": false
		},
		{
			"MountedLocation": "RightLeg",
			"ComponentDefID": "emod_leg_upper",
			"SimGameUID": "",
			"ComponentDefType": "Upgrade",
			"HardpointSlot": 0,
			"GUID": null,
			"DamageLevel": "Functional",
			"prefabName": null,
			"hasPrefabName": false
		},
		{
			"MountedLocation": "RightLeg",
			"ComponentDefID": "emod_leg_lower",
			"SimGameUID": "",
			"ComponentDefType": "Upgrade",
			"HardpointSlot": 0,
			"GUID": null,
			"DamageLevel": "Functional",
			"prefabName": null,
			"hasPrefabName": false
		},
		{
			"MountedLocation": "RightLeg",
			"ComponentDefID": "emod_leg_foot",
			"SimGameUID": "",
			"ComponentDefType": "Upgrade",
			"HardpointSlot": 0,
			"GUID": null,
			"DamageLevel": "Functional",
			"prefabName": null,
			"hasPrefabName": false
		},
		{
			"MountedLocation": "LeftArm",
			"ComponentDefID": "emod_arm_part_shoulder",
			"SimGameUID": "",
			"ComponentDefType": "Upgrade",
			"HardpointSlot": 0,
			"GUID": null,
			"DamageLevel": "Functional",
			"prefabName": null,
			"hasPrefabName": false
		},
		{
			"MountedLocation": "LeftArm",
			"ComponentDefID": "emod_arm_part_upper",
			"SimGameUID": "",
			"ComponentDefType": "Upgrade",
			"HardpointSlot": 0,
			"GUID": null,
			"DamageLevel": "Functional",
			"prefabName": null,
			"hasPrefabName": false
		},
		{
			"MountedLocation": "RightArm",
			"ComponentDefID": "emod_arm_part_shoulder",
			"SimGameUID": "",
			"ComponentDefType": "Upgrade",
			"HardpointSlot": 0,
			"GUID": null,
			"DamageLevel": "Functional",
			"prefabName": null,
			"hasPrefabName": false
		},
		{
			"MountedLocation": "RightArm",
			"ComponentDefID": "emod_arm_part_upper",
			"SimGameUID": "",
			"ComponentDefType": "Upgrade",
			"HardpointSlot": 0,
			"GUID": null,
			"DamageLevel": "Functional",
			"prefabName": null,
			"hasPrefabName": false
		},
		{
			"MountedLocation": "LeftArm",
			"ComponentDefID": "Weapon_VRM_VRM24",
			"SimGameUID": null,
			"ComponentDefType": "Weapon",
			"HardpointSlot": 0,
			"GUID": null,
			"DamageLevel": "Functional",
			"prefabName": null,
			"hasPrefabName": false
		},
		{
			"MountedLocation": "LeftTorso",
			"ComponentDefID": "Weapon_Laser_MediumLaserElectro",
			"SimGameUID": null,
			"ComponentDefType": "Weapon",
			"HardpointSlot": 0,
			"GUID": null,
			"DamageLevel": "Functional",
			"prefabName": null,
			"hasPrefabName": false
		},
		{
			"MountedLocation": "LeftTorso",
			"ComponentDefID": "Weapon_VRM_VRM6",
			"SimGameUID": null,
			"ComponentDefType": "Weapon",
			"HardpointSlot": 1,
			"GUID": null,
			"DamageLevel": "Functional",
			"prefabName": null,
			"hasPrefabName": false
		},
		{
			"MountedLocation": "LeftTorso",
			"ComponentDefID": "Ammo_AmmunitionBox_Generic_VRM",
			"SimGameUID": null,
			"ComponentDefType": "AmmunitionBox",
			"HardpointSlot": -1,
			"GUID": null,
			"DamageLevel": "Functional",
			"prefabName": null,
			"hasPrefabName": false
		},
		{
			"MountedLocation": "LeftTorso",
			"ComponentDefID": "Ammo_AmmunitionBox_Generic_VRM",
			"SimGameUID": null,
			"ComponentDefType": "AmmunitionBox",
			"HardpointSlot": -1,
			"GUID": null,
			"DamageLevel": "Functional",
			"prefabName": null,
			"hasPrefabName": false
		},
		{
			"MountedLocation": "LeftTorso",
			"ComponentDefID": "Ammo_AmmunitionBox_Generic_VRM",
			"SimGameUID": null,
			"ComponentDefType": "AmmunitionBox",
			"HardpointSlot": -1,
			"GUID": null,
			"DamageLevel": "Functional",
			"prefabName": null,
			"hasPrefabName": false
		},
		{
			"MountedLocation": "LeftTorso",
			"ComponentDefID": "Ammo_AmmunitionBox_Generic_VRM",
			"SimGameUID": null,
			"ComponentDefType": "AmmunitionBox",
			"HardpointSlot": -1,
			"GUID": null,
			"DamageLevel": "Functional",
			"prefabName": null,
			"hasPrefabName": false
		},
		{
			"MountedLocation": "LeftTorso",
			"ComponentDefID": "Gear_HeatSink_Generic_SanctuaryWorlds",
			"SimGameUID": null,
			"ComponentDefType": "HeatSink",
			"HardpointSlot": -1,
			"GUID": null,
			"DamageLevel": "Functional",
			"prefabName": null,
			"hasPrefabName": false
		},
		{
			"MountedLocation": "LeftTorso",
			"ComponentDefID": "emod_SHIELD",
			"SimGameUID": null,
			"ComponentDefType": "Upgrade",
			"HardpointSlot": -1,
			"GUID": null,
			"DamageLevel": "Functional",
			"prefabName": null,
			"hasPrefabName": false
		},
		{
			"MountedLocation": "CenterTorso",
			"ComponentDefID": "Gear_HeatSink_Generic_SanctuaryWorlds",
			"SimGameUID": null,
			"ComponentDefType": "HeatSink",
			"HardpointSlot": -1,
			"GUID": null,
			"DamageLevel": "Functional",
			"prefabName": null,
			"hasPrefabName": false
		},
		{
			"MountedLocation": "RightTorso",
			"ComponentDefID": "Weapon_Laser_MediumLaserElectro",
			"SimGameUID": null,
			"ComponentDefType": "Weapon",
			"HardpointSlot": 0,
			"GUID": null,
			"DamageLevel": "Functional",
			"prefabName": null,
			"hasPrefabName": false
		},
		{
			"MountedLocation": "RightTorso",
			"ComponentDefID": "Weapon_VRM_VRM6",
			"SimGameUID": null,
			"ComponentDefType": "Weapon",
			"HardpointSlot": 1,
			"GUID": null,
			"DamageLevel": "Functional",
			"prefabName": null,
			"hasPrefabName": false
		},
		{
			"MountedLocation": "RightTorso",
			"ComponentDefID": "Ammo_AmmunitionBox_Generic_VRM",
			"SimGameUID": null,
			"ComponentDefType": "AmmunitionBox",
			"HardpointSlot": -1,
			"GUID": null,
			"DamageLevel": "Functional",
			"prefabName": null,
			"hasPrefabName": false
		},
		{
			"MountedLocation": "RightTorso",
			"ComponentDefID": "Ammo_AmmunitionBox_Generic_VRM",
			"SimGameUID": null,
			"ComponentDefType": "AmmunitionBox",
			"HardpointSlot": -1,
			"GUID": null,
			"DamageLevel": "Functional",
			"prefabName": null,
			"hasPrefabName": false
		},
		{
			"MountedLocation": "RightTorso",
			"ComponentDefID": "Ammo_AmmunitionBox_Generic_VRM",
			"SimGameUID": null,
			"ComponentDefType": "AmmunitionBox",
			"HardpointSlot": -1,
			"GUID": null,
			"DamageLevel": "Functional",
			"prefabName": null,
			"hasPrefabName": false
		},
		{
			"MountedLocation": "RightTorso",
			"ComponentDefID": "Ammo_AmmunitionBox_Generic_VRM",
			"SimGameUID": null,
			"ComponentDefType": "AmmunitionBox",
			"HardpointSlot": -1,
			"GUID": null,
			"DamageLevel": "Functional",
			"prefabName": null,
			"hasPrefabName": false
		},
		{
			"MountedLocation": "RightTorso",
			"ComponentDefID": "Gear_HeatSink_Generic_SanctuaryWorlds",
			"SimGameUID": null,
			"ComponentDefType": "HeatSink",
			"HardpointSlot": -1,
			"GUID": null,
			"DamageLevel": "Functional",
			"prefabName": null,
			"hasPrefabName": false
		},
		{
			"MountedLocation": "RightTorso",
			"ComponentDefID": "emod_SHIELD",
			"SimGameUID": null,
			"ComponentDefType": "Upgrade",
			"HardpointSlot": -1,
			"GUID": null,
			"DamageLevel": "Functional",
			"prefabName": null,
			"hasPrefabName": false
		},
		{
			"MountedLocation": "RightArm",
			"ComponentDefID": "Weapon_VRM_VRM24",
			"SimGameUID": null,
			"ComponentDefType": "Weapon",
			"HardpointSlot": 0,
			"GUID": null,
			"DamageLevel": "Functional",
			"prefabName": null,
			"hasPrefabName": false
		},
		{
			"MountedLocation": "LeftLeg",
			"ComponentDefID": "Gear_HeatSink_Generic_SanctuaryWorlds",
			"SimGameUID": null,
			"ComponentDefType": "HeatSink",
			"HardpointSlot": -1,
			"GUID": null,
			"DamageLevel": "Functional",
			"prefabName": null,
			"hasPrefabName": false
		},
		{
			"MountedLocation": "RightLeg",
			"ComponentDefID": "Gear_HeatSink_Generic_SanctuaryWorlds",
			"SimGameUID": null,
			"ComponentDefType": "HeatSink",
			"HardpointSlot": -1,
			"GUID": null,
			"DamageLevel": "Functional",
			"prefabName": null,
			"hasPrefabName": false
		}
	]
}