{
	"MechTags": {
		"items": [
			"unit_release",
			"unit_rarity_6",
			"unit_mech",
			"unit_medium",
			"unit_ready",
			"unit_lance_tank",
			"unit_role_brawler",
			"unit_jumpOK",
			"SanctuaryAlliance",
			"DaneSacellum",
			"MallardRepublic",
			"JacobsonHaven",
			"unit_legal"
		],
		"tagSetSourceFile": ""
	},
	"ChassisID": "chassisdef_leaper_LPR-5K",
	"HeraldryID": null,
	"Description": {
		"Cost": 929600,
		"Rarity": 2,
		"Purchasable": true,
		"Manufacturer": null,
		"Model": null,
		"UIName": "Leaper LPR-5K",
		"Id": "mechdef_leaper_LPR-5K",
		"Name": "Leaper",
		"Details": "One of the mechs designed to use the new Sanctuary Worlds BattleMech Wing system, the Leaper does as the name implies: it leaps into battle and surprises foes with its great range. Powered by a 300-rated XL engine and equipped with 6 jump jets (and the aforementioned wing system), the Leaper has excellent maneuverability. The -5K is armed with two each NPCs and Small Lances, for maximum tactical flexibility. 12 DHS do a fine job keeping the guns cold while 9.5 tons of armor do an adequate job of defense.",
		"Icon": "uixTxrIcon_leaper"
	},
	"simGameMechPartCost": 510000,
	"Version": 1,
	"Locations": [
		{
			"DamageLevel": "Functional",
			"Location": "Head",
			"CurrentArmor": 45,
			"CurrentRearArmor": -1,
			"CurrentInternalStructure": 16,
			"AssignedArmor": 45,
			"AssignedRearArmor": -1
		},
		{
			"DamageLevel": "Functional",
			"Location": "LeftArm",
			"CurrentArmor": 80,
			"CurrentRearArmor": -1,
			"CurrentInternalStructure": 40,
			"AssignedArmor": 80,
			"AssignedRearArmor": -1
		},
		{
			"DamageLevel": "Functional",
			"Location": "LeftTorso",
			"CurrentArmor": 90,
			"CurrentRearArmor": 30,
			"CurrentInternalStructure": 60,
			"AssignedArmor": 90,
			"AssignedRearArmor": 30
		},
		{
			"DamageLevel": "Functional",
			"Location": "CenterTorso",
			"CurrentArmor": 110,
			"CurrentRearArmor": 35,
			"CurrentInternalStructure": 80,
			"AssignedArmor": 110,
			"AssignedRearArmor": 35
		},
		{
			"DamageLevel": "Functional",
			"Location": "RightTorso",
			"CurrentArmor": 90,
			"CurrentRearArmor": 30,
			"CurrentInternalStructure": 60,
			"AssignedArmor": 90,
			"AssignedRearArmor": 30
		},
		{
			"DamageLevel": "Functional",
			"Location": "RightArm",
			"CurrentArmor": 80,
			"CurrentRearArmor": -1,
			"CurrentInternalStructure": 40,
			"AssignedArmor": 80,
			"AssignedRearArmor": -1
		},
		{
			"DamageLevel": "Functional",
			"Location": "LeftLeg",
			"CurrentArmor": 85,
			"CurrentRearArmor": -1,
			"CurrentInternalStructure": 60,
			"AssignedArmor": 85,
			"AssignedRearArmor": -1
		},
		{
			"DamageLevel": "Functional",
			"Location": "RightLeg",
			"CurrentArmor": 85,
			"CurrentRearArmor": -1,
			"CurrentInternalStructure": 60,
			"AssignedArmor": 85,
			"AssignedRearArmor": -1
		}
	],
	"inventory": [
		{
			"MountedLocation": "CenterTorso",
			"ComponentDefID": "emod_armorslots_sanctuaryferrofibrous",
			"ComponentDefType": "Upgrade",
			"HardpointSlot": -1,
			"DamageLevel": "Functional",
			"prefabName": "",
			"hasPrefabName": true
		},
		{
			"MountedLocation": "CenterTorso",
			"ComponentDefID": "emod_engine_300",
			"SimGameUID": null,
			"ComponentDefType": "HeatSink",
			"HardpointSlot": -1,
			"GUID": null,
			"DamageLevel": "Functional",
			"prefabName": null,
			"hasPrefabName": false
		},
		{
			"MountedLocation": "CenterTorso",
			"ComponentDefID": "emod_kit_sdhs",
			"SimGameUID": null,
			"ComponentDefType": "HeatSink",
			"HardpointSlot": -1,
			"GUID": null,
			"DamageLevel": "Functional",
			"prefabName": null,
			"hasPrefabName": false
		},
		{
			"MountedLocation": "CenterTorso",
			"ComponentDefID": "emod_engine_cooling_2",
			"SimGameUID": null,
			"ComponentDefType": "HeatSink",
			"HardpointSlot": -1,
			"GUID": null,
			"DamageLevel": "Functional",
			"prefabName": null,
			"hasPrefabName": false
		},
		{
			"MountedLocation": "CenterTorso",
			"ComponentDefID": "Gear_Gyro_Generic_Standard",
			"SimGameUID": null,
			"ComponentDefType": "Upgrade",
			"HardpointSlot": -1,
			"GUID": null,
			"DamageLevel": "Functional",
			"prefabName": null,
			"hasPrefabName": false
		},
		{
			"MountedLocation": "CenterTorso",
			"ComponentDefID": "emod_engineslots_sxl_center",
			"SimGameUID": null,
			"ComponentDefType": "HeatSink",
			"HardpointSlot": -1,
			"GUID": null,
			"DamageLevel": "Functional",
			"prefabName": null,
			"hasPrefabName": false
		},
		{
			"MountedLocation": "LeftTorso",
			"ComponentDefID": "emod_engineslots_size2",
			"SimGameUID": null,
			"ComponentDefType": "HeatSink",
			"HardpointSlot": -1,
			"GUID": null,
			"DamageLevel": "Functional",
			"prefabName": null,
			"hasPrefabName": false
		},
		{
			"MountedLocation": "RightTorso",
			"ComponentDefID": "emod_engineslots_size2",
			"SimGameUID": null,
			"ComponentDefType": "HeatSink",
			"HardpointSlot": -1,
			"GUID": null,
			"DamageLevel": "Functional",
			"prefabName": null,
			"hasPrefabName": false
		},
		{
			"MountedLocation": "LeftLeg",
			"ComponentDefID": "emod_leg_hip",
			"SimGameUID": "",
			"ComponentDefType": "Upgrade",
			"HardpointSlot": 0,
			"GUID": null,
			"DamageLevel": "Functional",
			"prefabName": null,
			"hasPrefabName": false
		},
		{
			"MountedLocation": "LeftLeg",
			"ComponentDefID": "emod_leg_upper",
			"SimGameUID": "",
			"ComponentDefType": "Upgrade",
			"HardpointSlot": 0,
			"GUID": null,
			"DamageLevel": "Functional",
			"prefabName": null,
			"hasPrefabName": false
		},
		{
			"MountedLocation": "LeftLeg",
			"ComponentDefID": "emod_leg_lower",
			"SimGameUID": "",
			"ComponentDefType": "Upgrade",
			"HardpointSlot": 0,
			"GUID": null,
			"DamageLevel": "Functional",
			"prefabName": null,
			"hasPrefabName": false
		},
		{
			"MountedLocation": "LeftLeg",
			"ComponentDefID": "emod_leg_foot",
			"SimGameUID": "",
			"ComponentDefType": "Upgrade",
			"HardpointSlot": 0,
			"GUID": null,
			"DamageLevel": "Functional",
			"prefabName": null,
			"hasPrefabName": false
		},
		{
			"MountedLocation": "RightLeg",
			"ComponentDefID": "emod_leg_hip",
			"SimGameUID": "",
			"ComponentDefType": "Upgrade",
			"HardpointSlot": 0,
			"GUID": null,
			"DamageLevel": "Functional",
			"prefabName": null,
			"hasPrefabName": false
		},
		{
			"MountedLocation": "RightLeg",
			"ComponentDefID": "emod_leg_upper",
			"SimGameUID": "",
			"ComponentDefType": "Upgrade",
			"HardpointSlot": 0,
			"GUID": null,
			"DamageLevel": "Functional",
			"prefabName": null,
			"hasPrefabName": false
		},
		{
			"MountedLocation": "RightLeg",
			"ComponentDefID": "emod_leg_lower",
			"SimGameUID": "",
			"ComponentDefType": "Upgrade",
			"HardpointSlot": 0,
			"GUID": null,
			"DamageLevel": "Functional",
			"prefabName": null,
			"hasPrefabName": false
		},
		{
			"MountedLocation": "RightLeg",
			"ComponentDefID": "emod_leg_foot",
			"SimGameUID": "",
			"ComponentDefType": "Upgrade",
			"HardpointSlot": 0,
			"GUID": null,
			"DamageLevel": "Functional",
			"prefabName": null,
			"hasPrefabName": false
		},
		{
			"MountedLocation": "LeftArm",
			"ComponentDefID": "emod_arm_part_shoulder",
			"SimGameUID": "",
			"ComponentDefType": "Upgrade",
			"HardpointSlot": 0,
			"GUID": null,
			"DamageLevel": "Functional",
			"prefabName": null,
			"hasPrefabName": false
		},
		{
			"MountedLocation": "LeftArm",
			"ComponentDefID": "emod_arm_part_upper",
			"SimGameUID": "",
			"ComponentDefType": "Upgrade",
			"HardpointSlot": 0,
			"GUID": null,
			"DamageLevel": "Functional",
			"prefabName": null,
			"hasPrefabName": false
		},
		{
			"MountedLocation": "LeftArm",
			"ComponentDefID": "emod_arm_part_lower",
			"SimGameUID": "",
			"ComponentDefType": "Upgrade",
			"HardpointSlot": 0,
			"GUID": null,
			"DamageLevel": "Functional",
			"prefabName": null,
			"hasPrefabName": false
		},
		{
			"MountedLocation": "RightArm",
			"ComponentDefID": "emod_arm_part_shoulder",
			"SimGameUID": "",
			"ComponentDefType": "Upgrade",
			"HardpointSlot": 0,
			"GUID": null,
			"DamageLevel": "Functional",
			"prefabName": null,
			"hasPrefabName": false
		},
		{
			"MountedLocation": "RightArm",
			"ComponentDefID": "emod_arm_part_upper",
			"SimGameUID": "",
			"ComponentDefType": "Upgrade",
			"HardpointSlot": 0,
			"GUID": null,
			"DamageLevel": "Functional",
			"prefabName": null,
			"hasPrefabName": false
		},
		{
			"MountedLocation": "RightArm",
			"ComponentDefID": "emod_arm_part_lower",
			"SimGameUID": "",
			"ComponentDefType": "Upgrade",
			"HardpointSlot": 0,
			"GUID": null,
			"DamageLevel": "Functional",
			"prefabName": null,
			"hasPrefabName": false
		},
		{
			"MountedLocation": "LeftTorso",
			"ComponentDefID": "Gear_JumpJet_Generic_Standard",
			"SimGameUID": "",
			"ComponentDefType": "JumpJet",
			"HardpointSlot": 0,
			"GUID": null,
			"DamageLevel": "Functional",
			"prefabName": null,
			"hasPrefabName": false
		},
		{
			"MountedLocation": "RightTorso",
			"ComponentDefID": "Gear_JumpJet_Generic_Standard",
			"SimGameUID": "",
			"ComponentDefType": "JumpJet",
			"HardpointSlot": 0,
			"GUID": null,
			"DamageLevel": "Functional",
			"prefabName": null,
			"hasPrefabName": false
		},
		{
			"MountedLocation": "LeftLeg",
			"ComponentDefID": "Gear_JumpJet_Generic_Standard",
			"SimGameUID": "",
			"ComponentDefType": "JumpJet",
			"HardpointSlot": 0,
			"GUID": null,
			"DamageLevel": "Functional",
			"prefabName": null,
			"hasPrefabName": false
		},
		{
			"MountedLocation": "LeftLeg",
			"ComponentDefID": "Gear_JumpJet_Generic_Standard",
			"SimGameUID": "",
			"ComponentDefType": "JumpJet",
			"HardpointSlot": 0,
			"GUID": null,
			"DamageLevel": "Functional",
			"prefabName": null,
			"hasPrefabName": false
		},
		{
			"MountedLocation": "RightLeg",
			"ComponentDefID": "Gear_JumpJet_Generic_Standard",
			"SimGameUID": "",
			"ComponentDefType": "JumpJet",
			"HardpointSlot": 0,
			"GUID": null,
			"DamageLevel": "Functional",
			"prefabName": null,
			"hasPrefabName": false
		},
		{
			"MountedLocation": "RightLeg",
			"ComponentDefID": "Gear_JumpJet_Generic_Standard",
			"SimGameUID": "",
			"ComponentDefType": "JumpJet",
			"HardpointSlot": 0,
			"GUID": null,
			"DamageLevel": "Functional",
			"prefabName": null,
			"hasPrefabName": false
		},
		{
			"MountedLocation": "LeftArm",
			"ComponentDefID": "Weapon_NPC_NPC",
			"SimGameUID": null,
			"ComponentDefType": "Weapon",
			"HardpointSlot": 0,
			"GUID": null,
			"DamageLevel": "Functional",
			"prefabName": null,
			"hasPrefabName": false
		},
		{
			"MountedLocation": "LeftArm",
			"ComponentDefID": "Weapon_Lance_SmallLance",
			"SimGameUID": null,
			"ComponentDefType": "Weapon",
			"HardpointSlot": 0,
			"GUID": null,
			"DamageLevel": "Functional",
			"prefabName": null,
			"hasPrefabName": false
		},
		{
			"MountedLocation": "LeftArm",
			"ComponentDefID": "Gear_Modular_Plating_Mk1",
			"SimGameUID": null,
			"ComponentDefType": "Upgrade",
			"HardpointSlot": -1,
			"GUID": null,
			"DamageLevel": "Functional",
			"prefabName": null,
			"hasPrefabName": false
		},
		{
			"MountedLocation": "RightArm",
			"ComponentDefID": "Weapon_NPC_NPC",
			"SimGameUID": null,
			"ComponentDefType": "Weapon",
			"HardpointSlot": -1,
			"GUID": null,
			"DamageLevel": "Functional",
			"prefabName": null,
			"hasPrefabName": false
		},
		{
			"MountedLocation": "RightArm",
			"ComponentDefID": "Weapon_Lance_SmallLance",
			"SimGameUID": null,
			"ComponentDefType": "Weapon",
			"HardpointSlot": 0,
			"GUID": null,
			"DamageLevel": "Functional",
			"prefabName": null,
			"hasPrefabName": false
		},
		{
			"MountedLocation": "RightArm",
			"ComponentDefID": "Gear_Modular_Plating_Mk1",
			"SimGameUID": null,
			"ComponentDefType": "Upgrade",
			"HardpointSlot": -1,
			"GUID": null,
			"DamageLevel": "Functional",
			"prefabName": null,
			"hasPrefabName": false
		}
	]
}