{
	"MechTags": {
		"items": [
			"unit_heavy",
			"unit_release",
			"unit_rarity_4",
			"unit_mech",
			"unit_lance_tank",
			"unit_role_sniper",
			"unit_indirectFire",
			"SanctuaryAlliance",
			"DaneSacellum",
			"MallardRepublic",
			"JacobsonHaven",
			"unit_legal"
		],
		"tagSetSourceFile": ""
	},
	"ChassisID": "chassisdef_helepolis_HEP-5T",
	"HeraldryID": null,
	"Description": {
		"Cost": 1674400,
		"Rarity": 3,
		"Purchasable": true,
		"Manufacturer": null,
		"Model": null,
		"UIName": "Helepolis HEP-5T",
		"Id": "mechdef_helepolis_HEP-5T",
		"Name": "Helepolis",
		"Details": "With the Helepolis back in production, the Sanctuary Worlds powers developed new uses for the design, including this, the HEP-5T. Making use of the largest artillery piece to grace the battlefield, the -5T brings its Long Tom Artillery Piece to battle. To mount the massive weapon requires an XL Engine and loses most of its support weapons, dropping to purely three Twin-Linked Small Lasers. 14 DHS keep the main gun cold in most environments while four tons of ammo keep it firing constantly. The -5T is rarely fielded but is deadly every time it appears.",
		"Icon": "uixTxrIcon_helepolis"
	},
	"simGameMechPartCost": 890000,
	"Version": 1,
	"Locations": [
		{
			"DamageLevel": "Functional",
			"Location": "Head",
			"CurrentArmor": 45,
			"CurrentRearArmor": -1,
			"CurrentInternalStructure": 16,
			"AssignedArmor": 45,
			"AssignedRearArmor": -1
		},
		{
			"DamageLevel": "Functional",
			"Location": "LeftArm",
			"CurrentArmor": 120,
			"CurrentRearArmor": -1,
			"CurrentInternalStructure": 60,
			"AssignedArmor": 120,
			"AssignedRearArmor": -1
		},
		{
			"DamageLevel": "Functional",
			"Location": "LeftTorso",
			"CurrentArmor": 120,
			"CurrentRearArmor": 60,
			"CurrentInternalStructure": 80,
			"AssignedArmor": 120,
			"AssignedRearArmor": 60
		},
		{
			"DamageLevel": "Functional",
			"Location": "CenterTorso",
			"CurrentArmor": 165,
			"CurrentRearArmor": 60,
			"CurrentInternalStructure": 115,
			"AssignedArmor": 165,
			"AssignedRearArmor": 60
		},
		{
			"DamageLevel": "Functional",
			"Location": "RightTorso",
			"CurrentArmor": 120,
			"CurrentRearArmor": 60,
			"CurrentInternalStructure": 80,
			"AssignedArmor": 120,
			"AssignedRearArmor": 60
		},
		{
			"DamageLevel": "Functional",
			"Location": "RightArm",
			"CurrentArmor": 120,
			"CurrentRearArmor": -1,
			"CurrentInternalStructure": 60,
			"AssignedArmor": 120,
			"AssignedRearArmor": -1
		},
		{
			"DamageLevel": "Functional",
			"Location": "LeftLeg",
			"CurrentArmor": 125,
			"CurrentRearArmor": -1,
			"CurrentInternalStructure": 80,
			"AssignedArmor": 125,
			"AssignedRearArmor": -1
		},
		{
			"DamageLevel": "Functional",
			"Location": "RightLeg",
			"CurrentArmor": 125,
			"CurrentRearArmor": -1,
			"CurrentInternalStructure": 80,
			"AssignedArmor": 125,
			"AssignedRearArmor": -1
		}
	],
	"inventory": [
		{
			"MountedLocation": "CenterTorso",
			"ComponentDefID": "emod_armorslots_standard",
			"ComponentDefType": "Upgrade",
			"HardpointSlot": -1,
			"DamageLevel": "Functional",
			"prefabName": "",
			"hasPrefabName": true
		},
		{
			"MountedLocation": "CenterTorso",
			"ComponentDefID": "emod_engine_225",
			"SimGameUID": null,
			"ComponentDefType": "HeatSink",
			"HardpointSlot": -1,
			"GUID": null,
			"DamageLevel": "Functional",
			"prefabName": null,
			"hasPrefabName": false
		},
		{
			"MountedLocation": "CenterTorso",
			"ComponentDefID": "emod_kit_sdhs",
			"SimGameUID": null,
			"ComponentDefType": "HeatSink",
			"HardpointSlot": -1,
			"GUID": null,
			"DamageLevel": "Functional",
			"prefabName": null,
			"hasPrefabName": false
		},
		{
			"MountedLocation": "CenterTorso",
			"ComponentDefID": "emod_engine_cooling",
			"SimGameUID": null,
			"ComponentDefType": "HeatSink",
			"HardpointSlot": -1,
			"GUID": null,
			"DamageLevel": "Functional",
			"prefabName": null,
			"hasPrefabName": false
		},
		{
			"MountedLocation": "CenterTorso",
			"ComponentDefID": "emod_engineslots_sxl_center",
			"SimGameUID": null,
			"ComponentDefType": "HeatSink",
			"HardpointSlot": -1,
			"GUID": null,
			"DamageLevel": "Functional",
			"prefabName": null,
			"hasPrefabName": false
		},
		{
			"MountedLocation": "LeftTorso",
			"ComponentDefID": "emod_engineslots_size2",
			"SimGameUID": null,
			"ComponentDefType": "HeatSink",
			"HardpointSlot": -1,
			"GUID": null,
			"DamageLevel": "Functional",
			"prefabName": null,
			"hasPrefabName": false
		},
		{
			"MountedLocation": "RightTorso",
			"ComponentDefID": "emod_engineslots_size2",
			"SimGameUID": null,
			"ComponentDefType": "HeatSink",
			"HardpointSlot": -1,
			"GUID": null,
			"DamageLevel": "Functional",
			"prefabName": null,
			"hasPrefabName": false
		},
		{
			"MountedLocation": "LeftLeg",
			"ComponentDefID": "emod_leg_hip",
			"SimGameUID": "",
			"ComponentDefType": "Upgrade",
			"HardpointSlot": 0,
			"GUID": null,
			"DamageLevel": "Functional",
			"prefabName": null,
			"hasPrefabName": false
		},
		{
			"MountedLocation": "LeftLeg",
			"ComponentDefID": "emod_leg_upper",
			"SimGameUID": "",
			"ComponentDefType": "Upgrade",
			"HardpointSlot": 0,
			"GUID": null,
			"DamageLevel": "Functional",
			"prefabName": null,
			"hasPrefabName": false
		},
		{
			"MountedLocation": "LeftLeg",
			"ComponentDefID": "emod_leg_lower",
			"SimGameUID": "",
			"ComponentDefType": "Upgrade",
			"HardpointSlot": 0,
			"GUID": null,
			"DamageLevel": "Functional",
			"prefabName": null,
			"hasPrefabName": false
		},
		{
			"MountedLocation": "LeftLeg",
			"ComponentDefID": "emod_leg_foot",
			"SimGameUID": "",
			"ComponentDefType": "Upgrade",
			"HardpointSlot": 0,
			"GUID": null,
			"DamageLevel": "Functional",
			"prefabName": null,
			"hasPrefabName": false
		},
		{
			"MountedLocation": "RightLeg",
			"ComponentDefID": "emod_leg_hip",
			"SimGameUID": "",
			"ComponentDefType": "Upgrade",
			"HardpointSlot": 0,
			"GUID": null,
			"DamageLevel": "Functional",
			"prefabName": null,
			"hasPrefabName": false
		},
		{
			"MountedLocation": "RightLeg",
			"ComponentDefID": "emod_leg_upper",
			"SimGameUID": "",
			"ComponentDefType": "Upgrade",
			"HardpointSlot": 0,
			"GUID": null,
			"DamageLevel": "Functional",
			"prefabName": null,
			"hasPrefabName": false
		},
		{
			"MountedLocation": "RightLeg",
			"ComponentDefID": "emod_leg_lower",
			"SimGameUID": "",
			"ComponentDefType": "Upgrade",
			"HardpointSlot": 0,
			"GUID": null,
			"DamageLevel": "Functional",
			"prefabName": null,
			"hasPrefabName": false
		},
		{
			"MountedLocation": "RightLeg",
			"ComponentDefID": "emod_leg_foot",
			"SimGameUID": "",
			"ComponentDefType": "Upgrade",
			"HardpointSlot": 0,
			"GUID": null,
			"DamageLevel": "Functional",
			"prefabName": null,
			"hasPrefabName": false
		},
		{
			"MountedLocation": "LeftArm",
			"ComponentDefID": "emod_arm_part_shoulder",
			"SimGameUID": "",
			"ComponentDefType": "Upgrade",
			"HardpointSlot": 0,
			"GUID": null,
			"DamageLevel": "Functional",
			"prefabName": null,
			"hasPrefabName": false
		},
		{
			"MountedLocation": "LeftArm",
			"ComponentDefID": "emod_arm_part_upper",
			"SimGameUID": "",
			"ComponentDefType": "Upgrade",
			"HardpointSlot": 0,
			"GUID": null,
			"DamageLevel": "Functional",
			"prefabName": null,
			"hasPrefabName": false
		},
		{
			"MountedLocation": "LeftArm",
			"ComponentDefID": "emod_arm_part_lower",
			"SimGameUID": "",
			"ComponentDefType": "Upgrade",
			"HardpointSlot": 0,
			"GUID": null,
			"DamageLevel": "Functional",
			"prefabName": null,
			"hasPrefabName": false
		},
		{
			"MountedLocation": "RightArm",
			"ComponentDefID": "emod_arm_part_shoulder",
			"SimGameUID": "",
			"ComponentDefType": "Upgrade",
			"HardpointSlot": 0,
			"GUID": null,
			"DamageLevel": "Functional",
			"prefabName": null,
			"hasPrefabName": false
		},
		{
			"MountedLocation": "RightArm",
			"ComponentDefID": "emod_arm_part_upper",
			"SimGameUID": "",
			"ComponentDefType": "Upgrade",
			"HardpointSlot": 0,
			"GUID": null,
			"DamageLevel": "Functional",
			"prefabName": null,
			"hasPrefabName": false
		},
		{
			"MountedLocation": "LeftArm",
			"ComponentDefID": "Weapon_Laser_TwinLinkedLaser",
			"SimGameUID": null,
			"ComponentDefType": "Weapon",
			"HardpointSlot": 0,
			"GUID": null,
			"DamageLevel": "Functional",
			"prefabName": null,
			"hasPrefabName": false
		},
		{
			"MountedLocation": "LeftArm",
			"ComponentDefID": "Weapon_Laser_TwinLinkedLaser",
			"SimGameUID": null,
			"ComponentDefType": "Weapon",
			"HardpointSlot": 0,
			"GUID": null,
			"DamageLevel": "Functional",
			"prefabName": null,
			"hasPrefabName": false
		},
		{
			"MountedLocation": "LeftArm",
			"ComponentDefID": "Gear_HeatSink_Generic_SanctuaryWorlds",
			"SimGameUID": null,
			"ComponentDefType": "HeatSink",
			"HardpointSlot": 0,
			"GUID": null,
			"DamageLevel": "Functional",
			"prefabName": null,
			"hasPrefabName": false
		},
		{
			"MountedLocation": "LeftTorso",
			"ComponentDefID": "Gear_HeatSink_Generic_SanctuaryWorlds",
			"SimGameUID": null,
			"ComponentDefType": "HeatSink",
			"HardpointSlot": 0,
			"GUID": null,
			"DamageLevel": "Functional",
			"prefabName": null,
			"hasPrefabName": false
		},
		{
			"MountedLocation": "LeftTorso",
			"ComponentDefID": "Gear_HeatSink_Generic_SanctuaryWorlds",
			"SimGameUID": null,
			"ComponentDefType": "HeatSink",
			"HardpointSlot": 0,
			"GUID": null,
			"DamageLevel": "Functional",
			"prefabName": null,
			"hasPrefabName": false
		},
		{
			"MountedLocation": "LeftTorso",
			"ComponentDefID": "Ammo_AmmunitionBox_Generic_Longtom",
			"SimGameUID": null,
			"ComponentDefType": "AmmunitionBox",
			"HardpointSlot": -1,
			"GUID": null,
			"DamageLevel": "Functional",
			"prefabName": null,
			"hasPrefabName": false
		},
		{
			"MountedLocation": "LeftTorso",
			"ComponentDefID": "Ammo_AmmunitionBox_Generic_Longtom",
			"SimGameUID": null,
			"ComponentDefType": "AmmunitionBox",
			"HardpointSlot": -1,
			"GUID": null,
			"DamageLevel": "Functional",
			"prefabName": null,
			"hasPrefabName": false
		},
		{
			"MountedLocation": "LeftTorso",
			"ComponentDefID": "Ammo_AmmunitionBox_Inferno_Longtom",
			"SimGameUID": null,
			"ComponentDefType": "AmmunitionBox",
			"HardpointSlot": -1,
			"GUID": null,
			"DamageLevel": "Functional",
			"prefabName": null,
			"hasPrefabName": false
		},
		{
			"MountedLocation": "LeftTorso",
			"ComponentDefID": "Ammo_AmmunitionBox_Shaped_Longtom",
			"SimGameUID": null,
			"ComponentDefType": "AmmunitionBox",
			"HardpointSlot": -1,
			"GUID": null,
			"DamageLevel": "Functional",
			"prefabName": null,
			"hasPrefabName": false
		},
		{
			"MountedLocation": "LeftTorso",
			"ComponentDefID": "emod_SHIELD",
			"SimGameUID": null,
			"ComponentDefType": "Upgrade",
			"HardpointSlot": -1,
			"GUID": null,
			"DamageLevel": "Functional",
			"prefabName": null,
			"hasPrefabName": false
		},
		{
			"MountedLocation": "RightTorso",
			"ComponentDefID": "Gear_HeatSink_Generic_SanctuaryWorlds",
			"SimGameUID": null,
			"ComponentDefType": "HeatSink",
			"HardpointSlot": 0,
			"GUID": null,
			"DamageLevel": "Functional",
			"prefabName": null,
			"hasPrefabName": false
		},
		{
			"MountedLocation": "RightTorso",
			"ComponentDefID": "Gear_HeatSink_Generic_SanctuaryWorlds",
			"SimGameUID": null,
			"ComponentDefType": "HeatSink",
			"HardpointSlot": 0,
			"GUID": null,
			"DamageLevel": "Functional",
			"prefabName": null,
			"hasPrefabName": false
		},
		{
			"MountedLocation": "RightTorso",
			"ComponentDefID": "Weapon_Laser_TwinLinkedLaser",
			"SimGameUID": null,
			"ComponentDefType": "Weapon",
			"HardpointSlot": 0,
			"GUID": null,
			"DamageLevel": "Functional",
			"prefabName": null,
			"hasPrefabName": false
		},
		{
			"MountedLocation": "RightArm",
			"ComponentDefID": "Weapon_Autocannon_LONGTOM",
			"SimGameUID": null,
			"ComponentDefType": "Weapon",
			"HardpointSlot": 0,
			"GUID": null,
			"DamageLevel": "Functional",
			"prefabName": null,
			"hasPrefabName": false
		}
	]
}