{
	"MechTags": {
		"items": [
			"unit_quad",
			"unit_bracket_med",
			"unit_release",
			"unit_mech",
			"unit_medium",
			"unit_ready",
			"unit_lance_support",
			"unit_role_sniper",
			"unit_rarity_6",
			"SanctuaryAlliance",
			"DaneSacellum",
			"MallardRepublic",
			"JacobsonHaven",
			"unit_legal"
		],
		"tagSetSourceFile": ""
	},
	"ChassisID": "chassisdef_scorpion_SCP-4M",
	"HeraldryID": null,
	"Description": {
		"Cost": 1009600,
		"Rarity": 1,
		"Purchasable": true,
		"Manufacturer": null,
		"Model": null,
		"UIName": "Scorpion SCP-4M",
		"Id": "mechdef_scorpion_SCP-4M",
		"Name": "Scorpion",
		"Details": "The Scorpion was cutting-edge in 2571 when the Sanctuary Worlders left the Inner Sphere, leading to some debate as to how precisely they ended up with the 'Mech in their inventories. Still, they had the design and put it to use in their new home. The SCP-4M is primarily an electronic-warfare design, carrying both an ECM Suite and an Active Probe into combat. Clad in Ferro-Vanadium armor and equipped with twin Large Modal Lasers, the -4M is powerful and dangerous at any distance. A 330-rated XL engine keeps it fast while 12 DHS keep it cold.",
		"Icon": "uixTxrIcon_scorpion"
	},
	"simGameMechPartCost": 630000,
	"Version": 1,
	"Locations": [
		{
			"DamageLevel": "Functional",
			"Location": "Head",
			"CurrentArmor": 45,
			"CurrentRearArmor": -1,
			"CurrentInternalStructure": 16,
			"AssignedArmor": 45,
			"AssignedRearArmor": -1
		},
		{
			"DamageLevel": "Functional",
			"Location": "LeftArm",
			"CurrentArmor": 120,
			"CurrentRearArmor": -1,
			"CurrentInternalStructure": 65,
			"AssignedArmor": 120,
			"AssignedRearArmor": -1
		},
		{
			"DamageLevel": "Functional",
			"Location": "LeftTorso",
			"CurrentArmor": 130,
			"CurrentRearArmor": 65,
			"CurrentInternalStructure": 65,
			"AssignedArmor": 130,
			"AssignedRearArmor": 65
		},
		{
			"DamageLevel": "Functional",
			"Location": "CenterTorso",
			"CurrentArmor": 180,
			"CurrentRearArmor": 80,
			"CurrentInternalStructure": 90,
			"AssignedArmor": 180,
			"AssignedRearArmor": 80
		},
		{
			"DamageLevel": "Functional",
			"Location": "RightTorso",
			"CurrentArmor": 130,
			"CurrentRearArmor": 65,
			"CurrentInternalStructure": 65,
			"AssignedArmor": 130,
			"AssignedRearArmor": 65
		},
		{
			"DamageLevel": "Functional",
			"Location": "RightArm",
			"CurrentArmor": 120,
			"CurrentRearArmor": -1,
			"CurrentInternalStructure": 65,
			"AssignedArmor": 120,
			"AssignedRearArmor": -1
		},
		{
			"DamageLevel": "Functional",
			"Location": "LeftLeg",
			"CurrentArmor": 120,
			"CurrentRearArmor": -1,
			"CurrentInternalStructure": 65,
			"AssignedArmor": 120,
			"AssignedRearArmor": -1
		},
		{
			"DamageLevel": "Functional",
			"Location": "RightLeg",
			"CurrentArmor": 120,
			"CurrentRearArmor": -1,
			"CurrentInternalStructure": 65,
			"AssignedArmor": 120,
			"AssignedRearArmor": -1
		}
	],
	"inventory": [
		{
			"MountedLocation": "CenterTorso",
			"ComponentDefID": "emod_armorslots_sanctuaryferrovanadium",
			"ComponentDefType": "Upgrade",
			"HardpointSlot": -1,
			"DamageLevel": "Functional",
			"prefabName": "",
			"hasPrefabName": true
		},
		{
			"MountedLocation": "CenterTorso",
			"ComponentDefID": "emod_engine_330",
			"SimGameUID": null,
			"ComponentDefType": "HeatSink",
			"HardpointSlot": -1,
			"GUID": null,
			"DamageLevel": "Functional",
			"prefabName": null,
			"hasPrefabName": false
		},
		{
			"MountedLocation": "CenterTorso",
			"ComponentDefID": "emod_kit_sdhs",
			"SimGameUID": null,
			"ComponentDefType": "HeatSink",
			"HardpointSlot": -1,
			"GUID": null,
			"DamageLevel": "Functional",
			"prefabName": null,
			"hasPrefabName": false
		},
		{
			"MountedLocation": "CenterTorso",
			"ComponentDefID": "emod_engine_cooling_2",
			"SimGameUID": null,
			"ComponentDefType": "HeatSink",
			"HardpointSlot": -1,
			"GUID": null,
			"DamageLevel": "Functional",
			"prefabName": null,
			"hasPrefabName": false
		},
		{
			"MountedLocation": "CenterTorso",
			"ComponentDefID": "emod_engineslots_sxl_center",
			"SimGameUID": null,
			"ComponentDefType": "HeatSink",
			"HardpointSlot": -1,
			"GUID": null,
			"DamageLevel": "Functional",
			"prefabName": null,
			"hasPrefabName": false
		},
		{
			"MountedLocation": "LeftTorso",
			"ComponentDefID": "emod_engineslots_size2",
			"SimGameUID": null,
			"ComponentDefType": "HeatSink",
			"HardpointSlot": -1,
			"GUID": null,
			"DamageLevel": "Functional",
			"prefabName": null,
			"hasPrefabName": false
		},
		{
			"MountedLocation": "RightTorso",
			"ComponentDefID": "emod_engineslots_size2",
			"SimGameUID": null,
			"ComponentDefType": "HeatSink",
			"HardpointSlot": -1,
			"GUID": null,
			"DamageLevel": "Functional",
			"prefabName": null,
			"hasPrefabName": false
		},
		{
			"MountedLocation": "LeftArm",
			"ComponentDefID": "Quad_Front_leg_hip",
			"ComponentDefType": "Upgrade",
			"HardpointSlot": 0,
			"SimGameUID": "",
			"hasPrefabName": false,
			"DamageLevel": "Functional"
		},
		{
			"MountedLocation": "LeftArm",
			"ComponentDefID": "Quad_Front_leg_upper",
			"ComponentDefType": "Upgrade",
			"HardpointSlot": 0,
			"SimGameUID": "",
			"hasPrefabName": false,
			"DamageLevel": "Functional"
		},
		{
			"MountedLocation": "LeftArm",
			"ComponentDefID": "Quad_Front_leg_lower",
			"ComponentDefType": "Upgrade",
			"HardpointSlot": 0,
			"SimGameUID": "",
			"hasPrefabName": false,
			"DamageLevel": "Functional"
		},
		{
			"MountedLocation": "LeftArm",
			"ComponentDefID": "Quad_Front_leg_foot",
			"ComponentDefType": "Upgrade",
			"HardpointSlot": 0,
			"SimGameUID": "",
			"hasPrefabName": false,
			"DamageLevel": "Functional"
		},
		{
			"MountedLocation": "RightArm",
			"ComponentDefID": "Quad_Front_leg_hip",
			"ComponentDefType": "Upgrade",
			"HardpointSlot": 0,
			"SimGameUID": "",
			"hasPrefabName": false,
			"DamageLevel": "Functional"
		},
		{
			"MountedLocation": "RightArm",
			"ComponentDefID": "Quad_Front_leg_upper",
			"ComponentDefType": "Upgrade",
			"HardpointSlot": 0,
			"SimGameUID": "",
			"hasPrefabName": false,
			"DamageLevel": "Functional"
		},
		{
			"MountedLocation": "RightArm",
			"ComponentDefID": "Quad_Front_leg_lower",
			"ComponentDefType": "Upgrade",
			"HardpointSlot": 0,
			"SimGameUID": "",
			"hasPrefabName": false,
			"DamageLevel": "Functional"
		},
		{
			"MountedLocation": "RightArm",
			"ComponentDefID": "Quad_Front_leg_foot",
			"ComponentDefType": "Upgrade",
			"HardpointSlot": 0,
			"SimGameUID": "",
			"hasPrefabName": false,
			"DamageLevel": "Functional"
		},
		{
			"MountedLocation": "LeftLeg",
			"ComponentDefID": "Quad_Hind_leg_hip",
			"ComponentDefType": "Upgrade",
			"HardpointSlot": 0,
			"SimGameUID": "",
			"hasPrefabName": false,
			"DamageLevel": "Functional"
		},
		{
			"MountedLocation": "LeftLeg",
			"ComponentDefID": "Quad_Hind_leg_upper",
			"ComponentDefType": "Upgrade",
			"HardpointSlot": 0,
			"SimGameUID": "",
			"hasPrefabName": false,
			"DamageLevel": "Functional"
		},
		{
			"MountedLocation": "LeftLeg",
			"ComponentDefID": "Quad_Hind_leg_lower",
			"ComponentDefType": "Upgrade",
			"HardpointSlot": 0,
			"SimGameUID": "",
			"hasPrefabName": false,
			"DamageLevel": "Functional"
		},
		{
			"MountedLocation": "LeftLeg",
			"ComponentDefID": "Quad_Hind_leg_foot",
			"ComponentDefType": "Upgrade",
			"HardpointSlot": 0,
			"SimGameUID": "",
			"hasPrefabName": false,
			"DamageLevel": "Functional"
		},
		{
			"MountedLocation": "RightLeg",
			"ComponentDefID": "Quad_Hind_leg_hip",
			"ComponentDefType": "Upgrade",
			"HardpointSlot": 0,
			"SimGameUID": "",
			"hasPrefabName": false,
			"DamageLevel": "Functional"
		},
		{
			"MountedLocation": "RightLeg",
			"ComponentDefID": "Quad_Hind_leg_upper",
			"ComponentDefType": "Upgrade",
			"HardpointSlot": 0,
			"SimGameUID": "",
			"hasPrefabName": false,
			"DamageLevel": "Functional"
		},
		{
			"MountedLocation": "RightLeg",
			"ComponentDefID": "Quad_Hind_leg_lower",
			"ComponentDefType": "Upgrade",
			"HardpointSlot": 0,
			"SimGameUID": "",
			"hasPrefabName": false,
			"DamageLevel": "Functional"
		},
		{
			"MountedLocation": "RightLeg",
			"ComponentDefID": "Quad_Hind_leg_foot",
			"ComponentDefType": "Upgrade",
			"HardpointSlot": 0,
			"SimGameUID": "",
			"hasPrefabName": false,
			"DamageLevel": "Functional"
		},
		{
			"MountedLocation": "RightTorso",
			"ComponentDefID": "Weapon_Laser_LargeLaserModal",
			"SimGameUID": null,
			"ComponentDefType": "Weapon",
			"HardpointSlot": 0,
			"GUID": null,
			"DamageLevel": "Functional",
			"prefabName": null,
			"hasPrefabName": false
		},
		{
			"MountedLocation": "RightTorso",
			"ComponentDefID": "Gear_Sanctuary_AP",
			"SimGameUID": null,
			"ComponentDefType": "Upgrade",
			"HardpointSlot": -1,
			"GUID": null,
			"DamageLevel": "Functional",
			"prefabName": null,
			"hasPrefabName": false
		},
		{
			"MountedLocation": "LeftTorso",
			"ComponentDefID": "Weapon_Laser_LargeLaserModal",
			"SimGameUID": null,
			"ComponentDefType": "Weapon",
			"HardpointSlot": 0,
			"GUID": null,
			"DamageLevel": "Functional",
			"prefabName": null,
			"hasPrefabName": false
		},
		{
			"MountedLocation": "LeftTorso",
			"ComponentDefID": "Gear_Sanctuary_ECM",
			"SimGameUID": null,
			"ComponentDefType": "Upgrade",
			"HardpointSlot": -1,
			"GUID": null,
			"DamageLevel": "Functional",
			"prefabName": null,
			"hasPrefabName": false
		}
	]
}