{
	"MechTags": {
		"items": [
			"unit_quad",
			"unit_bracket_med",
			"unit_release",
			"unit_mech",
			"unit_medium",
			"unit_ready",
			"unit_lance_support",
			"unit_role_sniper",
			"unit_rarity_6",
			"SanctuaryAlliance",
			"DaneSacellum",
			"MallardRepublic",
			"JacobsonHaven",
			"unit_legal"
		],
		"tagSetSourceFile": ""
	},
	"ChassisID": "chassisdef_scorpion_SCP-4L",
	"HeraldryID": null,
	"Description": {
		"Cost": 1009600,
		"Rarity": 1,
		"Purchasable": true,
		"Manufacturer": null,
		"Model": null,
		"UIName": "Scorpion SCP-4L",
		"Id": "mechdef_scorpion_SCP-4L",
		"Name": "Scorpion",
		"Details": "The Scorpion was cutting-edge in 2571 when the Sanctuary Worlders left the Inner Sphere, leading to some debate as to how precisely they ended up with the 'Mech in their inventories. Still, they had the design and put it to use in their new home. The SCP-4L is a powerful assassin 'Mech and uses the Lance technology of the Sanctuary to maximum effectiveness. Armed with a Large Lance and twin Medium Lances, the -4L can decimate just about anything in only a few shots. An Active Probe helps it ferret out hidden and evasive enemies while Endo-Steel and Ferro-Fibrous armor provide the necessary weight.",
		"Icon": "uixTxrIcon_scorpion"
	},
	"simGameMechPartCost": 630000,
	"Version": 1,
	"Locations": [
		{
			"DamageLevel": "Functional",
			"Location": "Head",
			"CurrentArmor": 40,
			"CurrentRearArmor": -1,
			"CurrentInternalStructure": 16,
			"AssignedArmor": 40,
			"AssignedRearArmor": -1
		},
		{
			"DamageLevel": "Functional",
			"Location": "LeftArm",
			"CurrentArmor": 75,
			"CurrentRearArmor": -1,
			"CurrentInternalStructure": 65,
			"AssignedArmor": 75,
			"AssignedRearArmor": -1
		},
		{
			"DamageLevel": "Functional",
			"Location": "LeftTorso",
			"CurrentArmor": 70,
			"CurrentRearArmor": 30,
			"CurrentInternalStructure": 65,
			"AssignedArmor": 70,
			"AssignedRearArmor": 30
		},
		{
			"DamageLevel": "Functional",
			"Location": "CenterTorso",
			"CurrentArmor": 130,
			"CurrentRearArmor": 45,
			"CurrentInternalStructure": 90,
			"AssignedArmor": 130,
			"AssignedRearArmor": 45
		},
		{
			"DamageLevel": "Functional",
			"Location": "RightTorso",
			"CurrentArmor": 70,
			"CurrentRearArmor": 30,
			"CurrentInternalStructure": 65,
			"AssignedArmor": 70,
			"AssignedRearArmor": 30
		},
		{
			"DamageLevel": "Functional",
			"Location": "RightArm",
			"CurrentArmor": 75,
			"CurrentRearArmor": -1,
			"CurrentInternalStructure": 65,
			"AssignedArmor": 75,
			"AssignedRearArmor": -1
		},
		{
			"DamageLevel": "Functional",
			"Location": "LeftLeg",
			"CurrentArmor": 75,
			"CurrentRearArmor": -1,
			"CurrentInternalStructure": 65,
			"AssignedArmor": 75,
			"AssignedRearArmor": -1
		},
		{
			"DamageLevel": "Functional",
			"Location": "RightLeg",
			"CurrentArmor": 75,
			"CurrentRearArmor": -1,
			"CurrentInternalStructure": 65,
			"AssignedArmor": 75,
			"AssignedRearArmor": -1
		}
	],
	"inventory": [
		{
			"MountedLocation": "CenterTorso",
			"ComponentDefID": "emod_armorslots_sanctuaryferrofibrous",
			"ComponentDefType": "Upgrade",
			"HardpointSlot": -1,
			"DamageLevel": "Functional",
			"prefabName": "",
			"hasPrefabName": true
		},
		{
			"MountedLocation": "CenterTorso",
			"ComponentDefID": "emod_engine_330",
			"SimGameUID": null,
			"ComponentDefType": "HeatSink",
			"HardpointSlot": -1,
			"GUID": null,
			"DamageLevel": "Functional",
			"prefabName": null,
			"hasPrefabName": false
		},
		{
			"MountedLocation": "CenterTorso",
			"ComponentDefID": "emod_kit_sdhs",
			"SimGameUID": null,
			"ComponentDefType": "HeatSink",
			"HardpointSlot": -1,
			"GUID": null,
			"DamageLevel": "Functional",
			"prefabName": null,
			"hasPrefabName": false
		},
		{
			"MountedLocation": "CenterTorso",
			"ComponentDefID": "emod_engine_cooling",
			"SimGameUID": null,
			"ComponentDefType": "HeatSink",
			"HardpointSlot": -1,
			"GUID": null,
			"DamageLevel": "Functional",
			"prefabName": null,
			"hasPrefabName": false
		},
		{
			"MountedLocation": "CenterTorso",
			"ComponentDefID": "emod_engineslots_std_center",
			"SimGameUID": null,
			"ComponentDefType": "HeatSink",
			"HardpointSlot": -1,
			"GUID": null,
			"DamageLevel": "Functional",
			"prefabName": null,
			"hasPrefabName": false
		},
		{
			"MountedLocation": "LeftArm",
			"ComponentDefID": "Quad_Front_leg_hip",
			"ComponentDefType": "Upgrade",
			"HardpointSlot": 0,
			"SimGameUID": "",
			"hasPrefabName": false,
			"DamageLevel": "Functional"
		},
		{
			"MountedLocation": "LeftArm",
			"ComponentDefID": "Quad_Front_leg_upper",
			"ComponentDefType": "Upgrade",
			"HardpointSlot": 0,
			"SimGameUID": "",
			"hasPrefabName": false,
			"DamageLevel": "Functional"
		},
		{
			"MountedLocation": "LeftArm",
			"ComponentDefID": "Quad_Front_leg_lower",
			"ComponentDefType": "Upgrade",
			"HardpointSlot": 0,
			"SimGameUID": "",
			"hasPrefabName": false,
			"DamageLevel": "Functional"
		},
		{
			"MountedLocation": "LeftArm",
			"ComponentDefID": "Quad_Front_leg_foot",
			"ComponentDefType": "Upgrade",
			"HardpointSlot": 0,
			"SimGameUID": "",
			"hasPrefabName": false,
			"DamageLevel": "Functional"
		},
		{
			"MountedLocation": "RightArm",
			"ComponentDefID": "Quad_Front_leg_hip",
			"ComponentDefType": "Upgrade",
			"HardpointSlot": 0,
			"SimGameUID": "",
			"hasPrefabName": false,
			"DamageLevel": "Functional"
		},
		{
			"MountedLocation": "RightArm",
			"ComponentDefID": "Quad_Front_leg_upper",
			"ComponentDefType": "Upgrade",
			"HardpointSlot": 0,
			"SimGameUID": "",
			"hasPrefabName": false,
			"DamageLevel": "Functional"
		},
		{
			"MountedLocation": "RightArm",
			"ComponentDefID": "Quad_Front_leg_lower",
			"ComponentDefType": "Upgrade",
			"HardpointSlot": 0,
			"SimGameUID": "",
			"hasPrefabName": false,
			"DamageLevel": "Functional"
		},
		{
			"MountedLocation": "RightArm",
			"ComponentDefID": "Quad_Front_leg_foot",
			"ComponentDefType": "Upgrade",
			"HardpointSlot": 0,
			"SimGameUID": "",
			"hasPrefabName": false,
			"DamageLevel": "Functional"
		},
		{
			"MountedLocation": "LeftLeg",
			"ComponentDefID": "Quad_Hind_leg_hip",
			"ComponentDefType": "Upgrade",
			"HardpointSlot": 0,
			"SimGameUID": "",
			"hasPrefabName": false,
			"DamageLevel": "Functional"
		},
		{
			"MountedLocation": "LeftLeg",
			"ComponentDefID": "Quad_Hind_leg_upper",
			"ComponentDefType": "Upgrade",
			"HardpointSlot": 0,
			"SimGameUID": "",
			"hasPrefabName": false,
			"DamageLevel": "Functional"
		},
		{
			"MountedLocation": "LeftLeg",
			"ComponentDefID": "Quad_Hind_leg_lower",
			"ComponentDefType": "Upgrade",
			"HardpointSlot": 0,
			"SimGameUID": "",
			"hasPrefabName": false,
			"DamageLevel": "Functional"
		},
		{
			"MountedLocation": "LeftLeg",
			"ComponentDefID": "Quad_Hind_leg_foot",
			"ComponentDefType": "Upgrade",
			"HardpointSlot": 0,
			"SimGameUID": "",
			"hasPrefabName": false,
			"DamageLevel": "Functional"
		},
		{
			"MountedLocation": "RightLeg",
			"ComponentDefID": "Quad_Hind_leg_hip",
			"ComponentDefType": "Upgrade",
			"HardpointSlot": 0,
			"SimGameUID": "",
			"hasPrefabName": false,
			"DamageLevel": "Functional"
		},
		{
			"MountedLocation": "RightLeg",
			"ComponentDefID": "Quad_Hind_leg_upper",
			"ComponentDefType": "Upgrade",
			"HardpointSlot": 0,
			"SimGameUID": "",
			"hasPrefabName": false,
			"DamageLevel": "Functional"
		},
		{
			"MountedLocation": "RightLeg",
			"ComponentDefID": "Quad_Hind_leg_lower",
			"ComponentDefType": "Upgrade",
			"HardpointSlot": 0,
			"SimGameUID": "",
			"hasPrefabName": false,
			"DamageLevel": "Functional"
		},
		{
			"MountedLocation": "RightLeg",
			"ComponentDefID": "Quad_Hind_leg_foot",
			"ComponentDefType": "Upgrade",
			"HardpointSlot": 0,
			"SimGameUID": "",
			"hasPrefabName": false,
			"DamageLevel": "Functional"
		},
		{
			"MountedLocation": "RightTorso",
			"ComponentDefID": "Weapon_Lance_LargeLance",
			"SimGameUID": null,
			"ComponentDefType": "Weapon",
			"HardpointSlot": 0,
			"GUID": null,
			"DamageLevel": "Functional",
			"prefabName": null,
			"hasPrefabName": false
		},
		{
			"MountedLocation": "LeftTorso",
			"ComponentDefID": "Weapon_Lance_MediumLance",
			"SimGameUID": null,
			"ComponentDefType": "Weapon",
			"HardpointSlot": 0,
			"GUID": null,
			"DamageLevel": "Functional",
			"prefabName": null,
			"hasPrefabName": false
		},
		{
			"MountedLocation": "LeftTorso",
			"ComponentDefID": "Weapon_Lance_MediumLance",
			"SimGameUID": null,
			"ComponentDefType": "Weapon",
			"HardpointSlot": 0,
			"GUID": null,
			"DamageLevel": "Functional",
			"prefabName": null,
			"hasPrefabName": false
		},
		{
			"MountedLocation": "LeftTorso",
			"ComponentDefID": "Gear_Sanctuary_AP",
			"SimGameUID": null,
			"ComponentDefType": "Upgrade",
			"HardpointSlot": -1,
			"GUID": null,
			"DamageLevel": "Functional",
			"prefabName": null,
			"hasPrefabName": false
		}
	]
}